loc_id,lat,lon,housing_class,raster_score_extreme,raster_score_severe,raster_score_moderate,raster_score_occasional,raster_score_common,max_abs_diff_vs_attached,nearest_hotspot,hotspot_distance_m,within_hotspot_radius,synthetic,source
NBO-0000,-1.314897,36.935883,semi_permanent,0.0,0.0,0.0,0.0,0.023285796865820885,8.326672684688674e-17,Fedha,4157.1,False,True,"generated for hackathon starter kit, not a real portfolio"
NBO-0001,-1.219963,36.789855,informal_iron_sheet,0.0,0.0,0.0,0.0,0.0,0.0,Westlands,2983.6,False,True,"generated for hackathon starter kit, not a real portfolio"
NBO-0002,-1.257597,36.896201,semi_permanent,0.1346025913953781,0.24728070199489594,0.3452048897743225,0.4072972238063812,0.4584057033061981,2.7755575615628914e-17,Kariobangi,1597.0,True,True,"generated for hackathon starter kit, not a real portfolio"
NBO-0003,-1.194103,36.84782,semi_permanent,0.0,0.0,0.0,0.03035104088485241,0.11396338045597076,6.938893903907228e-17,Mathare,7611.4,False,True,"generated for hackathon starter kit, not a real portfolio"
NBO-0004,-1.263191,36.773582,semi_permanent,0.0,0.0,0.0,0.0595238171517849,0.14062060415744781,2.7755575615628914e-17,Lavington,1244.7,True,True,"generated for hackathon starter kit, not a real portfolio"
NBO-0005,-1.202301,36.930681,informal_iron_sheet,0.47233742475509644,0.5410411357879639,0.6007488965988159,0.6386087536811829,0.6697713136672974,5.551115123125783e-17,Mwiki,3398.8,False,True,"generated for hackathon starter kit, not a real portfolio"
NBO-0006,-1.297331,36.917333,informal_iron_sheet,0.0,0.0,0.0,0.050565678626298904,0.1324349194765091,6.938893903907228e-18,Tassia,2345.8,False,True,"generated for hackathon starter kit, not a real portfolio"
NBO-0007,-1.29008,36.791035,informal_iron_sheet,0.0,0.0,0.0,0.0,0.0,0.0,Kileleshwa,1524.4,True,True,"generated for hackathon starter kit, not a real portfolio"
NBO-0008,-1.255438,36.943294,semi_permanent,0.0,0.0,0.06413447856903076,0.15287992358207703,0.22592665255069733,5.551115123125783e-17,Mwiki,2757.3,False,True,"generated for hackathon starter kit, not a real portfolio"
NBO-0009,-1.337945,36.756131,permanent_masonry,0.0,0.0,0.0,0.0,0.0,0.0,Lang'ata,4314.4,False,True,"generated for hackathon starter kit, not a real portfolio"
NBO-0010,-1.275674,36.901374,semi_permanent,0.0,0.0,0.0,0.0,0.0,0.0,Komarock,783.0,True,True,"generated for hackathon starter kit, not a real portfolio"
NBO-0011,-1.198387,36.870224,informal_iron_sheet,0.0,0.0,0.0,0.0,0.007974538952112198,9.71445146547012e-17,Dandora,6530.6,False,True,"generated for hackathon starter kit, not a real portfolio"
NBO-0012,-1.238124,36.817765,permanent_masonry,0.0,0.0,0.0,0.03100229613482952,0.11455848067998886,5.551115123125783e-17,Parklands,2884.2,False,True,"generated for hackathon starter kit, not a real portfolio"
NBO-0013,-1.191036,36.707701,informal_iron_sheet,0.0,0.0,0.0,0.0,0.0,0.0,Kitisuru,8925.8,False,True,"generated for hackathon starter kit, not a real portfolio"
NBO-0014,-1.193437,36.9237,semi_permanent,0.0,0.04849095270037651,0.17227646708488464,0.2507671117782593,0.31537309288978577,5.551115123125783e-17,Mwiki,4499.7,False,True,"generated for hackathon starter kit, not a real portfolio"
NBO-0015,-1.332391,36.843408,permanent_masonry,0.0,0.0,0.0,0.0,0.0,0.0,Nairobi West,3469.3,False,True,"generated for hackathon starter kit, not a real portfolio"
NBO-0016,-1.306308,36.797577,semi_permanent,0.0,0.0,0.0,0.0,0.0,0.0,Kibera,1105.1,True,True,"generated for hackathon starter kit, not a real portfolio"
NBO-0017,-1.224443,36.78867,semi_permanent,0.0,0.0,0.0,0.0,0.0,0.0,Westlands,2472.6,False,True,"generated for hackathon starter kit, not a real portfolio"
NBO-0018,-1.274224,36.862993,informal_iron_sheet,0.0,0.0,0.0,0.0,0.004698260221630335,3.469446951953614e-17,Kiambiu,896.5,True,True,"generated for hackathon starter kit, not a real portfolio"
NBO-0019,-1.215378,36.786757,semi_permanent,0.0,0.0,0.0,0.0,0.0,0.0,Kitisuru,3284.0,False,True,"generated for hackathon starter kit, not a real portfolio"
NBO-0020,-1.268428,36.826895,concrete_rcc,0.0,0.0,0.0,0.0,0.04100504890084267,6.938893903907228e-17,Parklands,1904.2,True,True,"generated for hackathon starter kit, not a real portfolio"
NBO-0021,-1.31688,36.792734,semi_permanent,0.0,0.0,0.0,0.0,0.019224705174565315,1.3877787807814457e-17,Lang'ata,383.8,True,True,"generated for hackathon starter kit, not a real portfolio"
NBO-0022,-1.30153,36.713801,permanent_masonry,0.0,0.0,0.0,0.0,0.0,0.0,Kawangware,4927.1,False,True,"generated for hackathon starter kit, not a real portfolio"
NBO-0023,-1.255021,36.762602,informal_iron_sheet,0.0,0.0,0.0,0.0,0.0,0.0,Kangemi,1843.3,True,True,"generated for hackathon starter kit, not a real portfolio"
NBO-0024,-1.198924,36.910241,concrete_rcc,0.0,0.12254299223423004,0.23669478297233582,0.30907684564590454,0.3686547875404358,5.551115123125783e-17,Mwiki,4550.4,False,True,"generated for hackathon starter kit, not a real portfolio"
NBO-0025,-1.346206,36.904539,semi_permanent,0.0,0.0,0.0,0.0,0.0,0.0,Fedha,3461.3,False,True,"generated for hackathon starter kit, not a real portfolio"
NBO-0026,-1.263277,36.866831,permanent_masonry,0.0,0.0,0.0,0.0,0.0,0.0,Mathare,731.6,True,True,"generated for hackathon starter kit, not a real portfolio"
NBO-0027,-1.255159,36.817647,concrete_rcc,0.0,0.0,0.0,0.0,0.0,0.0,Parklands,1175.1,True,True,"generated for hackathon starter kit, not a real portfolio"
NBO-0028,-1.194738,36.942461,semi_permanent,0.0,0.015126701444387436,0.14325270056724548,0.22449558973312378,0.29136693477630615,8.326672684688674e-17,Mwiki,4349.3,False,True,"generated for hackathon starter kit, not a real portfolio"
NBO-0029,-1.341011,36.910065,concrete_rcc,0.0,0.0,0.0,0.004750027321279049,0.09056992828845978,8.326672684688674e-17,Fedha,3097.5,False,True,"generated for hackathon starter kit, not a real portfolio"
NBO-0030,-1.281853,36.761267,informal_iron_sheet,0.0,0.0,0.0,0.0,0.0,0.0,Kawangware,1134.3,True,True,"generated for hackathon starter kit, not a real portfolio"
NBO-0031,-1.229115,36.841887,permanent_masonry,0.0,0.0,0.0,0.0614468939602375,0.1423778533935547,0.0,Mathare,4613.2,False,True,"generated for hackathon starter kit, not a real portfolio"
NBO-0032,-1.315429,36.938988,informal_iron_sheet,0.0,0.0,0.0,0.0,0.03521008417010307,7.632783294297951e-17,Fedha,4501.5,False,True,"generated for hackathon starter kit, not a real portfolio"
NBO-0033,-1.237085,36.896404,informal_iron_sheet,0.28491535782814026,0.378022164106369,0.4589376747608185,0.5102450847625732,0.5524764060974121,5.551115123125783e-17,Dandora,1383.4,True,True,"generated for hackathon starter kit, not a real portfolio"
NBO-0034,-1.306502,36.792338,semi_permanent,0.0,0.0,0.0,0.04258924722671509,0.12514628469944,9.020562075079397e-17,Kibera,652.9,True,True,"generated for hackathon starter kit, not a real portfolio"
NBO-0035,-1.259929,36.817481,semi_permanent,0.0,0.0,0.0,0.0,0.0,0.0,Parklands,837.6,True,True,"generated for hackathon starter kit, not a real portfolio"
NBO-0036,-1.256369,36.829457,permanent_masonry,0.0,0.09102015197277069,0.20927287638187408,0.2842552661895752,0.34597358107566833,9.71445146547012e-17,Parklands,2221.5,False,True,"generated for hackathon starter kit, not a real portfolio"
NBO-0037,-1.331936,36.925473,informal_iron_sheet,0.0,0.0,0.0,0.0,0.0,0.0,Fedha,3502.2,False,True,"generated for hackathon starter kit, not a real portfolio"
NBO-0038,-1.257297,36.878574,permanent_masonry,0.0,0.0,0.0,0.0,0.05506260320544243,2.7755575615628914e-17,Kariobangi,421.6,True,True,"generated for hackathon starter kit, not a real portfolio"
NBO-0039,-1.265985,36.799534,informal_iron_sheet,0.0,0.0,0.0,0.0,0.0,0.0,Chiromo,933.0,True,True,"generated for hackathon starter kit, not a real portfolio"
NBO-0040,-1.313586,36.81551,concrete_rcc,0.0,0.0,0.0,0.056981977075338364,0.1382979452610016,6.245004513516506e-17,Madaraka,687.7,True,True,"generated for hackathon starter kit, not a real portfolio"
NBO-0041,-1.347614,36.723077,concrete_rcc,0.0,0.0,0.0,0.0,0.0,0.0,Lang'ata,8090.8,False,True,"generated for hackathon starter kit, not a real portfolio"
NBO-0042,-1.216402,36.823009,semi_permanent,0.0,0.0,0.0,0.0,0.0,0.0,Westlands,5299.0,False,True,"generated for hackathon starter kit, not a real portfolio"
NBO-0043,-1.272502,36.757256,semi_permanent,0.0,0.0,0.0,0.0,0.0,0.0,Kangemi,744.1,True,True,"generated for hackathon starter kit, not a real portfolio"
NBO-0044,-1.266109,36.723283,semi_permanent,0.0,0.0,0.0,0.0,0.0,0.0,Kangemi,3232.3,False,True,"generated for hackathon starter kit, not a real portfolio"
NBO-0045,-1.286932,36.722819,concrete_rcc,0.0,0.0,0.0,0.04893627390265465,0.13094601035118103,4.85722573273506e-17,Kawangware,3339.8,False,True,"generated for hackathon starter kit, not a real portfolio"
NBO-0046,-1.288172,36.753956,permanent_masonry,0.0,0.0,0.0,0.0,0.0,0.0,Kawangware,1109.8,True,True,"generated for hackathon starter kit, not a real portfolio"
NBO-0047,-1.253496,36.874782,permanent_masonry,0.0,0.0,0.0823688730597496,0.16938520967960358,0.2410086989402771,8.326672684688674e-17,Mathare,672.3,True,True,"generated for hackathon starter kit, not a real portfolio"
NBO-0048,-1.255831,36.744796,permanent_masonry,0.0,0.0,0.0,0.0,0.0,0.0,Kangemi,1590.1,True,True,"generated for hackathon starter kit, not a real portfolio"
NBO-0049,-1.289351,36.842097,concrete_rcc,0.0,0.0,0.0,0.017422517761588097,0.10214967280626297,9.71445146547012e-17,Kiambiu,2496.5,False,True,"generated for hackathon starter kit, not a real portfolio"
NBO-0050,-1.251175,36.850655,informal_iron_sheet,0.0,0.0,0.0,0.0,0.0,0.0,Mathare,2428.5,False,True,"generated for hackathon starter kit, not a real portfolio"
NBO-0051,-1.288834,36.941566,concrete_rcc,0.0,0.0,0.09263093024492264,0.1786741316318512,0.24949665367603302,4.163336342344337e-17,Kayole,3482.0,False,True,"generated for hackathon starter kit, not a real portfolio"
NBO-0052,-1.274863,36.81455,semi_permanent,0.0,0.0,0.0,0.0,0.052233342081308365,6.245004513516506e-17,Chiromo,1012.4,True,True,"generated for hackathon starter kit, not a real portfolio"
NBO-0053,-1.288657,36.893632,informal_iron_sheet,0.0,0.0,0.0,0.0,0.0,0.0,Donholm,1297.3,True,True,"generated for hackathon starter kit, not a real portfolio"
NBO-0054,-1.345737,36.708724,informal_iron_sheet,0.0,0.0,0.0,0.0,0.0,0.0,Kawangware,8872.5,False,True,"generated for hackathon starter kit, not a real portfolio"
NBO-0055,-1.338598,36.861152,informal_iron_sheet,0.0,0.0,0.0,0.025353793054819107,0.1093970388174057,6.938893903907228e-18,Fedha,4871.7,False,True,"generated for hackathon starter kit, not a real portfolio"
NBO-0056,-1.195179,36.945076,permanent_masonry,0.0,0.0,0.11650748550891876,0.20028655230998993,0.269245445728302,5.551115123125783e-17,Mwiki,4379.9,False,True,"generated for hackathon starter kit, not a real portfolio"
NBO-0057,-1.269395,36.711846,permanent_masonry,0.0,0.0,0.0,0.0,0.004805007949471474,7.37257477290143e-17,Kangemi,4499.5,False,True,"generated for hackathon starter kit, not a real portfolio"
NBO-0058,-1.326314,36.926912,semi_permanent,0.0,0.0,0.0,0.0,0.0,0.0,Fedha,3373.4,False,True,"generated for hackathon starter kit, not a real portfolio"
NBO-0059,-1.242227,36.738945,permanent_masonry,0.0,0.0,0.0,0.0,0.0,0.0,Kangemi,3228.1,False,True,"generated for hackathon starter kit, not a real portfolio"
NBO-0060,-1.207116,36.868812,semi_permanent,0.0,0.0,0.0,0.0,0.05068804696202278,8.326672684688674e-17,Mathare,5710.7,False,True,"generated for hackathon starter kit, not a real portfolio"
NBO-0061,-1.290067,36.706319,semi_permanent,0.0,0.0,0.0,0.0,0.0,0.0,Kawangware,5201.1,False,True,"generated for hackathon starter kit, not a real portfolio"
NBO-0062,-1.278869,36.715366,semi_permanent,0.0,0.0,0.0,0.0,0.0,0.0,Kawangware,4033.1,False,True,"generated for hackathon starter kit, not a real portfolio"
NBO-0063,-1.194166,36.733674,semi_permanent,0.0,0.0,0.0,0.0,0.0,0.0,Kitisuru,6606.9,False,True,"generated for hackathon starter kit, not a real portfolio"
NBO-0064,-1.192382,36.925331,informal_iron_sheet,0.0,0.0,0.0,0.008186398074030876,0.09370998293161392,7.632783294297951e-17,Mwiki,4575.4,False,True,"generated for hackathon starter kit, not a real portfolio"
NBO-0065,-1.209508,36.895722,permanent_masonry,0.0,0.0,0.0,0.05349870026111603,0.13511502742767334,2.7755575615628914e-17,Dandora,4101.3,False,True,"generated for hackathon starter kit, not a real portfolio"
NBO-0066,-1.272078,36.865447,informal_iron_sheet,0.0,0.0,0.0,0.0,0.04187050834298134,4.163336342344337e-17,Kiambiu,1156.3,True,True,"generated for hackathon starter kit, not a real portfolio"
NBO-0067,-1.290213,36.862364,informal_iron_sheet,0.0,0.0,0.0,0.0,0.0,0.0,Kiambiu,890.2,True,True,"generated for hackathon starter kit, not a real portfolio"
NBO-0068,-1.339728,36.77344,informal_iron_sheet,0.0,0.0,0.0,0.0,0.0,0.0,Lang'ata,2951.9,False,True,"generated for hackathon starter kit, not a real portfolio"
NBO-0069,-1.22829,36.832026,semi_permanent,0.0,0.0,0.0,0.0,0.0,0.0,Parklands,4539.5,False,True,"generated for hackathon starter kit, not a real portfolio"
NBO-0070,-1.316407,36.820467,permanent_masonry,0.0,0.0,0.0,0.0,0.0,0.0,Nairobi West,905.3,True,True,"generated for hackathon starter kit, not a real portfolio"
NBO-0071,-1.220708,36.937779,semi_permanent,0.04031019285321236,0.1652655452489853,0.2738593816757202,0.3427172303199768,0.3993943929672241,5.551115123125783e-17,Mwiki,1430.6,True,True,"generated for hackathon starter kit, not a real portfolio"
NBO-0072,-1.203775,36.813551,concrete_rcc,0.0,0.0,0.0,0.0,0.0,0.0,Westlands,5650.6,False,True,"generated for hackathon starter kit, not a real portfolio"
NBO-0073,-1.265598,36.886731,semi_permanent,0.0,0.03584754094481468,0.1612778902053833,0.24081149697303772,0.3062759339809418,8.326672684688674e-17,Kariobangi,899.9,True,True,"generated for hackathon starter kit, not a real portfolio"
NBO-0074,-1.246897,36.789663,semi_permanent,0.0,0.0,0.0,0.0,0.0,0.0,Westlands,400.9,True,True,"generated for hackathon starter kit, not a real portfolio"
NBO-0075,-1.242933,36.931356,concrete_rcc,0.045474909245967865,0.16975779831409454,0.27776724100112915,0.34625449776649475,0.402626633644104,6.245004513516506e-17,Mwiki,1151.3,True,True,"generated for hackathon starter kit, not a real portfolio"
NBO-0076,-1.305358,36.913093,informal_iron_sheet,0.0,0.0,0.0,0.0,0.0,0.0,Tassia,1621.7,True,True,"generated for hackathon starter kit, not a real portfolio"
NBO-0077,-1.298235,36.947971,informal_iron_sheet,0.0,0.0,0.0,0.015775088220834732,0.1006443053483963,3.122502256758253e-17,Kayole,4730.1,False,True,"generated for hackathon starter kit, not a real portfolio"
NBO-0078,-1.297084,36.756761,permanent_masonry,0.0,0.0,0.0,0.0,0.0,0.0,Kawangware,2147.3,False,True,"generated for hackathon starter kit, not a real portfolio"
NBO-0079,-1.240748,36.917596,semi_permanent,0.2504522502422333,0.34804627299308777,0.43286147713661194,0.4866415858268738,0.5309082269668579,5.551115123125783e-17,Dandora,1361.2,True,True,"generated for hackathon starter kit, not a real portfolio"
NBO-0080,-1.204947,36.819248,concrete_rcc,0.0,0.0,0.0,0.0,0.06854594498872757,6.938893903907228e-17,Westlands,5914.1,False,True,"generated for hackathon starter kit, not a real portfolio"
NBO-0081,-1.223301,36.827346,informal_iron_sheet,0.0,0.0,0.0,0.0,0.0,0.0,Parklands,4795.9,False,True,"generated for hackathon starter kit, not a real portfolio"
NBO-0082,-1.245203,36.83545,informal_iron_sheet,0.0,0.0,0.0,0.0,0.0,0.0,Parklands,3399.6,False,True,"generated for hackathon starter kit, not a real portfolio"
NBO-0083,-1.334989,36.72296,semi_permanent,0.0,0.0,0.0,0.0,0.0,0.0,Kawangware,7047.9,False,True,"generated for hackathon starter kit, not a real portfolio"
NBO-0084,-1.286346,36.920269,permanent_masonry,0.0,0.0,0.0,0.09247928112745285,0.17073433101177216,5.551115123125783e-17,Komarock,2063.6,False,True,"generated for hackathon starter kit, not a real portfolio"
NBO-0085,-1.273428,36.851099,concrete_rcc,0.0,0.0,0.0,0.0,0.0,0.0,Kiambiu,1685.5,True,True,"generated for hackathon starter kit, not a real portfolio"
NBO-0086,-1.232924,36.726327,informal_iron_sheet,0.0,0.0,0.0,0.0,0.0,0.0,Kangemi,4853.2,False,True,"generated for hackathon starter kit, not a real portfolio"
NBO-0087,-1.210741,36.884764,semi_permanent,0.0,0.0,0.0,0.0,0.0,0.0,Dandora,4477.7,False,True,"generated for hackathon starter kit, not a real portfolio"
NBO-0088,-1.269745,36.728359,permanent_masonry,0.0,0.0,0.0,0.0,0.0,0.0,Kangemi,2668.1,False,True,"generated for hackathon starter kit, not a real portfolio"
NBO-0089,-1.212553,36.795312,permanent_masonry,0.0,0.0,0.0795527771115303,0.16683614253997803,0.238679438829422,2.7755575615628914e-17,Westlands,3914.9,False,True,"generated for hackathon starter kit, not a real portfolio"
NBO-0090,-1.272165,36.867382,semi_permanent,0.0,0.0,0.0,0.0,0.07626530528068542,2.7755575615628914e-17,Kiambiu,1207.9,True,True,"generated for hackathon starter kit, not a real portfolio"
NBO-0091,-1.308021,36.816316,permanent_masonry,0.0,0.0,0.0,0.0,0.011001413688063622,2.0816681711721685e-17,Madaraka,128.7,True,True,"generated for hackathon starter kit, not a real portfolio"
NBO-0092,-1.333203,36.716242,semi_permanent,0.0,0.0,0.0,0.0,0.0,0.0,Kawangware,7248.2,False,True,"generated for hackathon starter kit, not a real portfolio"
NBO-0093,-1.299334,36.855565,informal_iron_sheet,0.0,0.0,0.0,0.0,0.0,0.0,Kiambiu,2087.7,False,True,"generated for hackathon starter kit, not a real portfolio"
NBO-0094,-1.271576,36.791682,informal_iron_sheet,0.0,0.0,0.0,0.06366720795631409,0.14440670609474182,8.326672684688674e-17,Kileleshwa,711.0,True,True,"generated for hackathon starter kit, not a real portfolio"
NBO-0095,-1.224116,36.795335,semi_permanent,0.0,0.0,0.0,0.07863877713680267,0.15808728337287903,6.938893903907228e-17,Westlands,2696.3,False,True,"generated for hackathon starter kit, not a real portfolio"
NBO-0096,-1.201989,36.740738,informal_iron_sheet,0.0,0.0,0.0,0.0,0.0,0.0,Kitisuru,5437.2,False,True,"generated for hackathon starter kit, not a real portfolio"
NBO-0097,-1.279198,36.745978,semi_permanent,0.0,0.0,0.0,0.0,0.0,0.0,Kawangware,635.0,True,True,"generated for hackathon starter kit, not a real portfolio"
NBO-0098,-1.29751,36.948272,semi_permanent,0.0,0.0,0.0,0.0,0.05614622309803963,2.7755575615628914e-17,Kayole,4693.5,False,True,"generated for hackathon starter kit, not a real portfolio"
NBO-0099,-1.260843,36.851111,concrete_rcc,0.0,0.0,0.0,0.08797502517700195,0.1666184812784195,5.551115123125783e-17,Mathare,2256.7,False,True,"generated for hackathon starter kit, not a real portfolio"
NBO-0100,-1.286345,36.846856,semi_permanent,0.0,0.0,0.0,0.08654790371656418,0.1653144210577011,8.326672684688674e-17,Kiambiu,1895.1,True,True,"generated for hackathon starter kit, not a real portfolio"
NBO-0101,-1.30844,36.895244,informal_iron_sheet,0.0,0.0,0.0,0.07774680107831955,0.15727223455905914,5.551115123125783e-17,Tassia,404.2,True,True,"generated for hackathon starter kit, not a real portfolio"
NBO-0102,-1.222723,36.795885,semi_permanent,0.0,0.0,0.0,0.0,0.02301468700170517,6.938893903907228e-17,Westlands,2862.8,False,True,"generated for hackathon starter kit, not a real portfolio"
NBO-0103,-1.306432,36.73854,semi_permanent,0.0,0.0,0.0,0.0,0.0,0.0,Kawangware,3434.2,False,True,"generated for hackathon starter kit, not a real portfolio"
NBO-0104,-1.226248,36.851791,permanent_masonry,0.0,0.0,0.0,0.0,0.0,0.0,Mathare,4181.0,False,True,"generated for hackathon starter kit, not a real portfolio"
NBO-0105,-1.23934,36.801209,permanent_masonry,0.0,0.0,0.0,0.0,0.0,0.0,Westlands,1862.5,True,True,"generated for hackathon starter kit, not a real portfolio"
NBO-0106,-1.296068,36.800864,semi_permanent,0.0,0.0,0.0,0.0,0.02554338425397873,2.7755575615628914e-17,Madaraka,2043.8,False,True,"generated for hackathon starter kit, not a real portfolio"
NBO-0107,-1.213736,36.721958,permanent_masonry,0.0,0.0,0.0,0.0,0.0,0.0,Kitisuru,6207.8,False,True,"generated for hackathon starter kit, not a real portfolio"
NBO-0108,-1.295765,36.805226,semi_permanent,0.0,0.0,0.0,0.0,0.0,0.0,Madaraka,1714.1,True,True,"generated for hackathon starter kit, not a real portfolio"
NBO-0109,-1.207673,36.712984,informal_iron_sheet,0.0,0.0,0.0,0.0,0.0,0.0,Kitisuru,7407.2,False,True,"generated for hackathon starter kit, not a real portfolio"
NBO-0110,-1.238154,36.925489,semi_permanent,0.0,0.0,0.08499031513929367,0.17175805568695068,0.24317693710327148,8.326672684688674e-17,Mwiki,1052.6,True,True,"generated for hackathon starter kit, not a real portfolio"
NBO-0111,-1.334044,36.793712,informal_iron_sheet,0.0,0.0,0.0,0.0,0.0,0.0,Lang'ata,1728.2,True,True,"generated for hackathon starter kit, not a real portfolio"
NBO-0112,-1.271695,36.878829,permanent_masonry,0.0,0.0,0.0,0.06520932912826538,0.14581584930419922,8.326672684688674e-17,Kariobangi,1442.5,True,True,"generated for hackathon starter kit, not a real portfolio"
NBO-0113,-1.317103,36.847082,permanent_masonry,0.0,0.0,0.0,0.012746472842991352,0.09787684679031372,5.204170427930421e-17,Nairobi West,2825.2,False,True,"generated for hackathon starter kit, not a real portfolio"
NBO-0114,-1.268416,36.810036,permanent_masonry,0.0,0.0,0.0,0.0,0.0,0.0,Chiromo,486.7,True,True,"generated for hackathon starter kit, not a real portfolio"
NBO-0115,-1.340624,36.784613,semi_permanent,0.0,0.0,0.0,0.0,0.0,0.0,Lang'ata,2481.9,False,True,"generated for hackathon starter kit, not a real portfolio"
NBO-0116,-1.335686,36.707985,informal_iron_sheet,0.0,0.0,0.0,0.0,0.0,0.0,Kawangware,8002.6,False,True,"generated for hackathon starter kit, not a real portfolio"
NBO-0117,-1.258956,36.863648,informal_iron_sheet,0.0,0.0,0.004694920498877764,0.09907685220241547,0.17676299810409546,6.938893903907228e-17,Mathare,848.9,True,True,"generated for hackathon starter kit, not a real portfolio"
NBO-0118,-1.228914,36.724864,semi_permanent,0.0,0.0,0.0,0.0,0.0,0.0,Kitisuru,5288.2,False,True,"generated for hackathon starter kit, not a real portfolio"
NBO-0119,-1.321806,36.758701,semi_permanent,0.0,0.0,0.0,0.0,0.06317425519227982,1.3877787807814457e-17,Lang'ata,3491.1,False,True,"generated for hackathon starter kit, not a real portfolio"
NBO-0120,-1.255807,36.939727,informal_iron_sheet,0.0,0.0,0.0,0.09245053678750992,0.1707080602645874,1.3877787807814457e-17,Kayole,2570.1,False,True,"generated for hackathon starter kit, not a real portfolio"
NBO-0121,-1.229133,36.79396,permanent_masonry,0.0,0.0,0.0,0.0,0.0,0.0,Westlands,2123.6,False,True,"generated for hackathon starter kit, not a real portfolio"
NBO-0122,-1.207446,36.790624,semi_permanent,0.0,0.0,0.0,0.0,0.0,0.0,Kitisuru,4260.8,False,True,"generated for hackathon starter kit, not a real portfolio"
NBO-0123,-1.275351,36.872473,informal_iron_sheet,0.2859524190425873,0.3789241909980774,0.4597223401069641,0.5109553337097168,0.5531253814697266,0.0,Kiambiu,1268.1,True,True,"generated for hackathon starter kit, not a real portfolio"
NBO-0124,-1.181446,36.767437,informal_iron_sheet,0.0,0.0,0.0,0.0,0.0,0.0,Kitisuru,6565.2,False,True,"generated for hackathon starter kit, not a real portfolio"
NBO-0125,-1.183533,36.792047,informal_iron_sheet,0.0,0.0,0.0,0.0,0.0,0.0,Kitisuru,6739.0,False,True,"generated for hackathon starter kit, not a real portfolio"
NBO-0126,-1.210898,36.776869,informal_iron_sheet,0.0,0.0,0.12907974421977997,0.21166661381721497,0.2796441912651062,5.551115123125783e-17,Kitisuru,3341.8,False,True,"generated for hackathon starter kit, not a real portfolio"
NBO-0127,-1.290697,36.873831,semi_permanent,0.0,0.0,0.0,0.0,0.034516025334596634,3.469446951953614e-17,Kiambiu,1489.6,True,True,"generated for hackathon starter kit, not a real portfolio"
NBO-0128,-1.321205,36.719321,informal_iron_sheet,0.0,0.0,0.0,0.0,0.0,0.0,Kawangware,5958.1,False,True,"generated for hackathon starter kit, not a real portfolio"
NBO-0129,-1.316017,36.795227,informal_iron_sheet,0.0,0.0,0.0,0.0,0.0,0.0,Lang'ata,669.0,True,True,"generated for hackathon starter kit, not a real portfolio"
NBO-0130,-1.194198,36.949316,concrete_rcc,0.0,0.015992386266589165,0.14400576055049896,0.22517724335193634,0.29198983311653137,6.591949208711867e-17,Mwiki,4644.0,False,True,"generated for hackathon starter kit, not a real portfolio"
NBO-0131,-1.340893,36.860238,permanent_masonry,0.0,0.0,0.0,0.0369950607419014,0.12003448605537415,4.163336342344337e-17,Fedha,5094.4,False,True,"generated for hackathon starter kit, not a real portfolio"
NBO-0132,-1.27855,36.818788,semi_permanent,0.0,0.0,0.0,0.0,0.012957201339304447,4.683753385137379e-17,Chiromo,1624.1,True,True,"generated for hackathon starter kit, not a real portfolio"
NBO-0133,-1.207541,36.772299,permanent_masonry,0.0,0.0,0.0,0.0,0.0,0.0,Kitisuru,3654.1,False,True,"generated for hackathon starter kit, not a real portfolio"
NBO-0134,-1.313321,36.705669,permanent_masonry,0.0,0.0,0.0,0.0,0.0,0.0,Kawangware,6414.3,False,True,"generated for hackathon starter kit, not a real portfolio"
NBO-0135,-1.328732,36.927373,semi_permanent,0.0,0.0,0.0,0.04529912769794464,0.12762250006198883,4.163336342344337e-17,Fedha,3523.5,False,True,"generated for hackathon starter kit, not a real portfolio"
NBO-0136,-1.308288,36.930201,informal_iron_sheet,0.0,0.0,0.0,0.0034878726582974195,0.08941660821437836,5.551115123125783e-17,Tassia,3515.3,False,True,"generated for hackathon starter kit, not a real portfolio"
NBO-0137,-1.229656,36.944629,semi_permanent,0.0,0.013227335177361965,0.14160043001174927,0.22300000488758087,0.290000319480896,8.326672684688674e-17,Mwiki,1309.2,True,True,"generated for hackathon starter kit, not a real portfolio"
NBO-0138,-1.243781,36.81987,semi_permanent,0.0,0.0,0.0,0.0,0.0,0.0,Parklands,2377.3,False,True,"generated for hackathon starter kit, not a real portfolio"
NBO-0139,-1.33467,36.848323,permanent_masonry,0.0,0.0,0.0,0.0,0.0,0.0,Nairobi West,4025.1,False,True,"generated for hackathon starter kit, not a real portfolio"
NBO-0140,-1.324226,36.772249,permanent_masonry,0.0,0.0,0.0,0.0,0.0,0.0,Lang'ata,2055.9,False,True,"generated for hackathon starter kit, not a real portfolio"
NBO-0141,-1.249756,36.907099,permanent_masonry,0.0481405183672905,0.17207632958889008,0.2797841429710388,0.3480801582336426,0.4042948782444,8.326672684688674e-17,Dandora,550.8,True,True,"generated for hackathon starter kit, not a real portfolio"
NBO-0142,-1.257697,36.845664,semi_permanent,0.0,0.0,0.0,0.0,0.0,0.0,Mathare,2847.2,False,True,"generated for hackathon starter kit, not a real portfolio"
NBO-0143,-1.227186,36.774168,informal_iron_sheet,0.0,0.0,0.0,0.0,0.0,0.0,Kitisuru,1507.9,True,True,"generated for hackathon starter kit, not a real portfolio"
NBO-0144,-1.310914,36.773765,concrete_rcc,0.0,0.0,0.0,0.0,0.0,0.0,Kibera,1694.3,True,True,"generated for hackathon starter kit, not a real portfolio"
NBO-0145,-1.25898,36.789057,semi_permanent,0.0,0.0,0.0,0.0,0.0,0.0,Westlands,1423.7,True,True,"generated for hackathon starter kit, not a real portfolio"
NBO-0146,-1.209838,36.867674,concrete_rcc,0.0,0.0,0.0,0.0,0.0,0.0,Mathare,5416.3,False,True,"generated for hackathon starter kit, not a real portfolio"
NBO-0147,-1.186506,36.892392,informal_iron_sheet,0.0,0.0,0.0030909371562302113,0.09762496501207352,0.17543630301952362,2.7755575615628914e-17,Dandora,6670.0,False,True,"generated for hackathon starter kit, not a real portfolio"
NBO-0148,-1.221177,36.725933,informal_iron_sheet,0.0,0.0,0.0,0.0,0.0,0.0,Kitisuru,5449.1,False,True,"generated for hackathon starter kit, not a real portfolio"
NBO-0149,-1.201048,36.932221,permanent_masonry,0.4932691156864166,0.5592474341392517,0.6165866255760193,0.6529446244239807,0.6828710436820984,0.0,Mwiki,3527.8,False,True,"generated for hackathon starter kit, not a real portfolio"
NBO-0150,-1.315498,36.888282,informal_iron_sheet,0.0,0.0,0.0,0.0,0.04809664562344551,1.3877787807814457e-17,Fedha,1135.5,True,True,"generated for hackathon starter kit, not a real portfolio"
NBO-0151,-1.26734,36.901219,concrete_rcc,0.0,0.0,0.0,0.0,0.012917985208332539,3.8163916471489756e-17,Komarock,935.1,True,True,"generated for hackathon starter kit, not a real portfolio"
NBO-0152,-1.184332,36.749384,informal_iron_sheet,0.0,0.0,0.0,0.0,0.0,0.0,Kitisuru,6680.6,False,True,"generated for hackathon starter kit, not a real portfolio"
NBO-0153,-1.245369,36.735718,permanent_masonry,0.0,0.0,0.0,0.0,0.0,0.0,Kangemi,3119.8,False,True,"generated for hackathon starter kit, not a real portfolio"
NBO-0154,-1.324387,36.883553,permanent_masonry,0.0,0.0,0.0,0.0,0.0,0.0,Fedha,1923.2,True,True,"generated for hackathon starter kit, not a real portfolio"
NBO-0155,-1.284631,36.934741,permanent_masonry,0.0,0.0,0.0019277043174952269,0.09657204151153564,0.17447417974472046,5.551115123125783e-17,Kayole,2622.4,False,True,"generated for hackathon starter kit, not a real portfolio"
NBO-0156,-1.31803,36.786682,semi_permanent,0.0,0.0,0.0,0.0,0.029269278049468994,9.367506770274758e-17,Lang'ata,380.4,True,True,"generated for hackathon starter kit, not a real portfolio"
NBO-0157,-1.209491,36.725,permanent_masonry,0.0,0.0,0.0,0.0,0.0,0.0,Kitisuru,6162.9,False,True,"generated for hackathon starter kit, not a real portfolio"
NBO-0158,-1.323821,36.781637,concrete_rcc,0.0,0.0,0.0,0.0,0.0,0.0,Lang'ata,1073.3,True,True,"generated for hackathon starter kit, not a real portfolio"
NBO-0159,-1.2755,36.909436,concrete_rcc,0.0,0.0,0.0,0.0,0.05153636634349823,2.7755575615628914e-17,Komarock,368.4,True,True,"generated for hackathon starter kit, not a real portfolio"
NBO-0160,-1.267116,36.905938,semi_permanent,0.0,0.0,0.0,0.0,0.07376082986593246,6.938893903907228e-17,Komarock,647.6,True,True,"generated for hackathon starter kit, not a real portfolio"
NBO-0161,-1.264529,36.758589,informal_iron_sheet,0.0,0.0,0.0,0.0,0.0,0.0,Kangemi,799.3,True,True,"generated for hackathon starter kit, not a real portfolio"
NBO-0162,-1.207852,36.738724,permanent_masonry,0.0,0.0,0.0,0.0,0.0,0.0,Kitisuru,5097.0,False,True,"generated for hackathon starter kit, not a real portfolio"
NBO-0163,-1.342246,36.823872,informal_iron_sheet,0.0,0.0,0.0,0.0,0.0,0.0,Nairobi West,3730.9,False,True,"generated for hackathon starter kit, not a real portfolio"
NBO-0164,-1.318571,36.780133,semi_permanent,0.0,0.0,0.0,0.0,0.0,0.0,Lang'ata,1095.1,True,True,"generated for hackathon starter kit, not a real portfolio"
NBO-0165,-1.315888,36.912665,informal_iron_sheet,0.0,0.0,0.0,0.0,0.05572592467069626,5.551115123125783e-17,Fedha,1575.4,True,True,"generated for hackathon starter kit, not a real portfolio"
NBO-0166,-1.273681,36.816244,informal_iron_sheet,0.0,0.0,0.0,0.0,0.0,0.0,Chiromo,1140.9,True,True,"generated for hackathon starter kit, not a real portfolio"
NBO-0167,-1.194379,36.756692,informal_iron_sheet,0.0,0.0,0.0,0.0,0.06316518038511276,6.938893903907228e-17,Kitisuru,5357.5,False,True,"generated for hackathon starter kit, not a real portfolio"
NBO-0168,-1.226041,36.807618,permanent_masonry,0.0,0.0,0.0,0.0,0.0,0.0,Westlands,3305.3,False,True,"generated for hackathon starter kit, not a real portfolio"
NBO-0169,-1.274509,36.755653,semi_permanent,0.0,0.0,0.0,0.0,0.0,0.0,Kawangware,626.1,True,True,"generated for hackathon starter kit, not a real portfolio"
NBO-0170,-1.292702,36.875973,informal_iron_sheet,0.0,0.0,0.0,0.0,0.0,0.0,Donholm,1588.8,True,True,"generated for hackathon starter kit, not a real portfolio"
NBO-0171,-1.212602,36.943006,permanent_masonry,0.0,0.0,0.07747985422611237,0.16495978832244873,0.2369648814201355,6.938893903907228e-17,Mwiki,2488.9,False,True,"generated for hackathon starter kit, not a real portfolio"
NBO-0172,-1.240316,36.852111,permanent_masonry,0.0,0.0,0.0,0.0,0.0,0.0,Mathare,2929.9,False,True,"generated for hackathon starter kit, not a real portfolio"
NBO-0173,-1.230335,36.759392,permanent_masonry,0.0,0.0,0.0,0.0,0.0,0.0,Kitisuru,1709.1,True,True,"generated for hackathon starter kit, not a real portfolio"
NBO-0174,-1.198222,36.903014,semi_permanent,0.0,0.0,0.01048863772302866,0.10432116687297821,0.18155509233474731,5.898059818321144e-17,Mwiki,5104.8,False,True,"generated for hackathon starter kit, not a real portfolio"
NBO-0175,-1.341161,36.791211,concrete_rcc,0.0,0.0,0.0,0.0,0.0,0.0,Lang'ata,2472.8,False,True,"generated for hackathon starter kit, not a real portfolio"
NBO-0176,-1.212321,36.722038,informal_iron_sheet,0.0,0.0,0.0,0.0,0.0,0.0,Kitisuru,6276.7,False,True,"generated for hackathon starter kit, not a real portfolio"
NBO-0177,-1.182082,36.738428,permanent_masonry,0.0,0.0,0.0,0.0,0.0,0.0,Kitisuru,7426.7,False,True,"generated for hackathon starter kit, not a real portfolio"
NBO-0178,-1.265205,36.79272,permanent_masonry,0.0,0.0,0.0,0.0,0.0,0.0,Kileleshwa,1389.4,True,True,"generated for hackathon starter kit, not a real portfolio"
NBO-0179,-1.337228,36.908714,semi_permanent,0.0,0.0,0.0,0.06474265456199646,0.14538942277431488,8.326672684688674e-17,Fedha,2652.7,False,True,"generated for hackathon starter kit, not a real portfolio"
NBO-0180,-1.333631,36.756666,semi_permanent,0.0,0.0,0.0,0.0,0.0,0.0,Lang'ata,4046.5,False,True,"generated for hackathon starter kit, not a real portfolio"
NBO-0181,-1.195501,36.89562,informal_iron_sheet,0.0,0.0,0.0,0.07863029092550278,0.15807953476905823,8.326672684688674e-17,Dandora,5615.6,False,True,"generated for hackathon starter kit, not a real portfolio"
NBO-0182,-1.319569,36.720591,informal_iron_sheet,0.0,0.0,0.0,0.0,0.0,0.0,Kawangware,5727.8,False,True,"generated for hackathon starter kit, not a real portfolio"
NBO-0183,-1.218746,36.909908,semi_permanent,0.0,0.0,0.021802784875035286,0.11456242203712463,0.19091325998306274,8.673617379884035e-17,Dandora,2940.1,False,True,"generated for hackathon starter kit, not a real portfolio"
NBO-0184,-1.221434,36.878747,permanent_masonry,0.0,0.0,0.0,0.0,0.0,0.0,Dandora,4005.8,False,True,"generated for hackathon starter kit, not a real portfolio"
NBO-0185,-1.28124,36.722067,semi_permanent,0.0,0.0,0.0,0.0,0.0,0.0,Kawangware,3302.4,False,True,"generated for hackathon starter kit, not a real portfolio"
NBO-0186,-1.311268,36.710595,concrete_rcc,0.0,0.0,0.0,0.0,0.0,0.0,Kawangware,5842.0,False,True,"generated for hackathon starter kit, not a real portfolio"
NBO-0187,-1.330025,36.762867,informal_iron_sheet,0.0,0.0,0.0,0.0,0.0,0.0,Lang'ata,3255.2,False,True,"generated for hackathon starter kit, not a real portfolio"
NBO-0188,-1.301215,36.744807,semi_permanent,0.0,0.0,0.0,0.0,0.0,0.0,Kawangware,2641.6,False,True,"generated for hackathon starter kit, not a real portfolio"
NBO-0189,-1.241874,36.861843,informal_iron_sheet,0.0,0.0,0.0,0.0,0.027162788435816765,6.591949208711867e-17,Mathare,2116.6,False,True,"generated for hackathon starter kit, not a real portfolio"
NBO-0190,-1.20887,36.81776,concrete_rcc,0.0,0.0,0.0,0.0,0.0,0.0,Westlands,5471.8,False,True,"generated for hackathon starter kit, not a real portfolio"
NBO-0191,-1.267964,36.843265,informal_iron_sheet,0.0,0.0,0.0,0.0,0.026392649859189987,8.673617379884035e-17,Kiambiu,2747.3,False,True,"generated for hackathon starter kit, not a real portfolio"
NBO-0192,-1.329844,36.771296,semi_permanent,0.0,0.0,0.0,0.0,0.0,0.0,Lang'ata,2403.7,False,True,"generated for hackathon starter kit, not a real portfolio"
NBO-0193,-1.210185,36.944592,permanent_masonry,0.0,0.0,0.11725406348705292,0.20096233487129211,0.26986294984817505,5.551115123125783e-17,Mwiki,2808.0,False,True,"generated for hackathon starter kit, not a real portfolio"
NBO-0194,-1.264517,36.725531,concrete_rcc,0.0,0.0,0.0,0.0,0.0,0.0,Kangemi,3000.7,False,True,"generated for hackathon starter kit, not a real portfolio"
NBO-0195,-1.27448,36.865735,concrete_rcc,0.0,0.0,0.0,0.0,0.033098362386226654,5.551115123125783e-17,Kiambiu,904.6,True,True,"generated for hackathon starter kit, not a real portfolio"
NBO-0196,-1.224155,36.832879,semi_permanent,0.0,0.0,0.0,0.0,0.0,0.0,Parklands,4983.4,False,True,"generated for hackathon starter kit, not a real portfolio"
NBO-0197,-1.343618,36.947469,informal_iron_sheet,0.0,0.0,0.0,0.0,0.05447489023208618,8.326672684688674e-17,Fedha,6268.7,False,True,"generated for hackathon starter kit, not a real portfolio"
NBO-0198,-1.319233,36.938714,concrete_rcc,0.0,0.0,0.0,0.0,0.025335177779197693,9.367506770274758e-17,Fedha,4488.5,False,True,"generated for hackathon starter kit, not a real portfolio"
NBO-0199,-1.344312,36.819906,permanent_masonry,0.0,0.0,0.0,0.0,0.02671748958528042,1.734723475976807e-17,Nairobi West,3975.5,False,True,"generated for hackathon starter kit, not a real portfolio"
NBO-0200,-1.306727,36.812002,concrete_rcc,0.0,0.0,0.0,0.0,0.03438763692975044,4.163336342344337e-17,Madaraka,378.2,True,True,"generated for hackathon starter kit, not a real portfolio"
NBO-0201,-1.270885,36.789166,informal_iron_sheet,0.0,0.0,0.0,0.0,0.0,0.0,Kileleshwa,665.4,True,True,"generated for hackathon starter kit, not a real portfolio"
NBO-0202,-1.318579,36.742962,permanent_masonry,0.0,0.0,0.0,0.0,0.0,0.0,Kawangware,4563.9,False,True,"generated for hackathon starter kit, not a real portfolio"
NBO-0203,-1.344032,36.870461,permanent_masonry,0.023013461381196976,0.15022091567516327,0.2607719898223877,0.3308708667755127,0.38856953382492065,7.632783294297951e-17,Fedha,4433.8,False,True,"generated for hackathon starter kit, not a real portfolio"
NBO-0204,-1.336469,36.921711,concrete_rcc,0.0,0.0,0.0,0.0,0.0,0.0,Fedha,3465.5,False,True,"generated for hackathon starter kit, not a real portfolio"
NBO-0205,-1.289884,36.819049,semi_permanent,0.0,0.0,0.04101451113820076,0.13195236027240753,0.20680366456508636,6.245004513516506e-17,Madaraka,1991.4,True,True,"generated for hackathon starter kit, not a real portfolio"
NBO-0206,-1.274787,36.929401,semi_permanent,0.0,0.0,0.0,0.08181185275316238,0.1609867513179779,8.326672684688674e-17,Kayole,1429.9,True,True,"generated for hackathon starter kit, not a real portfolio"
NBO-0207,-1.319881,36.761287,permanent_masonry,0.0,0.0,0.0,0.0,0.0,0.0,Lang'ata,3190.9,False,True,"generated for hackathon starter kit, not a real portfolio"
NBO-0208,-1.266865,36.76677,informal_iron_sheet,0.0,0.0,0.0,0.0,0.0,0.0,Lavington,1321.6,True,True,"generated for hackathon starter kit, not a real portfolio"
NBO-0209,-1.241941,36.938785,permanent_masonry,0.49375391006469727,0.5596691370010376,0.6169534921646118,0.6532766819000244,0.6831744313240051,5.551115123125783e-17,Mwiki,1191.2,True,True,"generated for hackathon starter kit, not a real portfolio"
NBO-0210,-1.291279,36.929862,concrete_rcc,0.0,0.0,0.0,0.087627112865448,0.16630056500434875,5.551115123125783e-17,Kayole,2967.0,False,True,"generated for hackathon starter kit, not a real portfolio"
NBO-0211,-1.261427,36.828096,semi_permanent,0.0,0.0,0.0,0.0,0.0,0.0,Parklands,1950.3,True,True,"generated for hackathon starter kit, not a real portfolio"
NBO-0212,-1.317846,36.837696,semi_permanent,0.0,0.0,0.0,0.0,0.022760724648833275,7.632783294297951e-17,Nairobi West,1915.1,True,True,"generated for hackathon starter kit, not a real portfolio"
NBO-0213,-1.287925,36.788302,informal_iron_sheet,0.0,0.0,0.0,0.0,0.0,0.0,Kileleshwa,1245.2,True,True,"generated for hackathon starter kit, not a real portfolio"
NBO-0214,-1.285278,36.707129,informal_iron_sheet,0.0,0.0,0.0,0.0,0.0,0.0,Kawangware,5006.2,False,True,"generated for hackathon starter kit, not a real portfolio"
NBO-0215,-1.235394,36.793707,informal_iron_sheet,0.0,0.0,0.0,0.0,0.0,0.0,Westlands,1500.8,True,True,"generated for hackathon starter kit, not a real portfolio"
NBO-0216,-1.217864,36.946273,semi_permanent,0.0,0.008271347731351852,0.13728918135166168,0.2190975844860077,0.2864344120025635,8.326672684688674e-17,Mwiki,2198.4,False,True,"generated for hackathon starter kit, not a real portfolio"
NBO-0217,-1.295741,36.827042,permanent_masonry,0.0,0.0,0.0,0.0,0.04558097943663597,6.938893903907228e-17,Nairobi West,1506.5,True,True,"generated for hackathon starter kit, not a real portfolio"
NBO-0218,-1.235727,36.901794,permanent_masonry,0.3576710522174835,0.4413047730922699,0.5139876008033752,0.5600747466087341,0.5980092883110046,0.0,Dandora,1126.6,True,True,"generated for hackathon starter kit, not a real portfolio"
NBO-0219,-1.307356,36.740224,informal_iron_sheet,0.0,0.0,0.0,0.0,0.0,0.0,Kawangware,3454.4,False,True,"generated for hackathon starter kit, not a real portfolio"
NBO-0220,-1.200512,36.883541,semi_permanent,0.0,0.0,0.0458238460123539,0.13630563020706177,0.21078155934810638,8.326672684688674e-17,Dandora,5536.1,False,True,"generated for hackathon starter kit, not a real portfolio"
NBO-0221,-1.328457,36.847573,concrete_rcc,0.0,0.0,0.0,0.0,0.010632914490997791,9.194034422677078e-17,Nairobi West,3496.9,False,True,"generated for hackathon starter kit, not a real portfolio"
NBO-0222,-1.24835,36.946666,semi_permanent,0.34114331007003784,0.4269290268421173,0.5014820694923401,0.5487551093101501,0.5876656770706177,5.551115123125783e-17,Mwiki,2285.8,False,True,"generated for hackathon starter kit, not a real portfolio"
NBO-0223,-1.310199,36.777964,semi_permanent,0.0,0.0,0.0,0.0,0.0,0.0,Kibera,1233.3,True,True,"generated for hackathon starter kit, not a real portfolio"
NBO-0224,-1.295518,36.816631,concrete_rcc,0.0,0.0,0.0,0.0,0.0,0.0,Madaraka,1329.5,True,True,"generated for hackathon starter kit, not a real portfolio"
NBO-0225,-1.285168,36.767894,permanent_masonry,0.0,0.0,0.0,0.0,0.0,0.0,Lavington,1543.2,True,True,"generated for hackathon starter kit, not a real portfolio"
NBO-0226,-1.317641,36.884345,semi_permanent,0.0,0.0,0.0,0.0,0.03145405277609825,4.85722573273506e-17,Fedha,1588.2,True,True,"generated for hackathon starter kit, not a real portfolio"
NBO-0227,-1.26086,36.717133,permanent_masonry,0.0,0.0,0.0,0.0,0.0,0.0,Kangemi,3989.0,False,True,"generated for hackathon starter kit, not a real portfolio"
NBO-0228,-1.197482,36.882829,semi_permanent,0.0,0.0,0.12448721379041672,0.2075095772743225,0.27584561705589294,5.551115123125783e-17,Dandora,5873.0,False,True,"generated for hackathon starter kit, not a real portfolio"
NBO-0229,-1.184356,36.908604,informal_iron_sheet,0.0,0.0,0.07865941524505615,0.1660275012254715,0.23794053494930267,8.326672684688674e-17,Mwiki,6040.2,False,True,"generated for hackathon starter kit, not a real portfolio"
NBO-0230,-1.332177,36.762032,informal_iron_sheet,0.0,0.0,0.0,0.0,0.0,0.0,Lang'ata,3436.7,False,True,"generated for hackathon starter kit, not a real portfolio"
NBO-0231,-1.33616,36.789645,concrete_rcc,0.0,0.0,0.0,0.0,0.0,0.0,Lang'ata,1913.3,True,True,"generated for hackathon starter kit, not a real portfolio"
NBO-0232,-1.284456,36.786377,informal_iron_sheet,0.0,0.0,0.04628980904817581,0.13672742247581482,0.21116697788238525,5.551115123125783e-17,Kileleshwa,875.2,True,True,"generated for hackathon starter kit, not a real portfolio"
NBO-0233,-1.188452,36.919106,permanent_masonry,0.0,0.0,0.004568189848214388,0.09896213561296463,0.17665816843509674,8.760353553682876e-17,Mwiki,5172.0,False,True,"generated for hackathon starter kit, not a real portfolio"
NBO-0234,-1.226429,36.738966,semi_permanent,0.0,0.0,0.0,0.0,0.0,0.0,Kitisuru,3887.4,False,True,"generated for hackathon starter kit, not a real portfolio"
NBO-0235,-1.290382,36.928578,informal_iron_sheet,0.0,0.0,0.0,0.02821119874715805,0.11200805753469467,6.938893903907228e-17,Kayole,2820.7,False,True,"generated for hackathon starter kit, not a real portfolio"
NBO-0236,-1.187621,36.72315,semi_permanent,0.0,0.0,0.0,0.0,0.0,0.0,Kitisuru,7921.3,False,True,"generated for hackathon starter kit, not a real portfolio"
NBO-0237,-1.199153,36.70927,concrete_rcc,0.0,0.0,0.0,0.0,0.0,0.0,Kitisuru,8255.5,False,True,"generated for hackathon starter kit, not a real portfolio"
NBO-0238,-1.281576,36.902948,permanent_masonry,0.0,0.0,0.0,0.0,0.06823217868804932,1.3877787807814457e-17,Komarock,1125.8,True,True,"generated for hackathon starter kit, not a real portfolio"
NBO-0239,-1.188579,36.716339,permanent_masonry,0.0,0.0,0.0,0.0,0.0,0.0,Kitisuru,8375.1,False,True,"generated for hackathon starter kit, not a real portfolio"
NBO-0240,-1.211563,36.84204,permanent_masonry,0.0,0.0,0.0,0.0,0.0,0.0,Mathare,6139.8,False,True,"generated for hackathon starter kit, not a real portfolio"
NBO-0241,-1.230749,36.829461,permanent_masonry,0.0,0.0,0.0,0.0,0.007009557448327541,4.163336342344337e-17,Parklands,4158.4,False,True,"generated for hackathon starter kit, not a real portfolio"
NBO-0242,-1.219856,36.921451,semi_permanent,0.028812821954488754,0.15526516735553741,0.2651600241661072,0.3348427712917328,0.39219895005226135,5.551115123125783e-17,Mwiki,1945.2,True,True,"generated for hackathon starter kit, not a real portfolio"
NBO-0243,-1.190807,36.86859,semi_permanent,0.0,0.0,0.0,0.0,0.0,0.0,Dandora,7318.5,False,True,"generated for hackathon starter kit, not a real portfolio"
NBO-0244,-1.227495,36.945525,informal_iron_sheet,0.2199835628271103,0.32154473662376404,0.40980762243270874,0.46577388048171997,0.5118399262428284,5.551115123125783e-17,Mwiki,1483.0,True,True,"generated for hackathon starter kit, not a real portfolio"
NBO-0245,-1.236395,36.870383,informal_iron_sheet,0.0,0.0,0.003458085237070918,0.0979572981595993,0.17573998868465424,2.7755575615628914e-17,Mathare,2450.5,False,True,"generated for hackathon starter kit, not a real portfolio"
NBO-0246,-1.271319,36.783572,semi_permanent,0.0,0.0,0.0,0.0,0.0033656794112175703,7.025630077706069e-17,Kileleshwa,770.8,True,True,"generated for hackathon starter kit, not a real portfolio"
NBO-0247,-1.186897,36.934355,informal_iron_sheet,0.0,0.0,0.09192289412021637,0.178033247590065,0.2489110231399536,6.938893903907228e-17,Mwiki,5100.9,False,True,"generated for hackathon starter kit, not a real portfolio"
NBO-0248,-1.303397,36.719771,permanent_masonry,0.0,0.0,0.0,0.0,0.0,0.0,Kawangware,4498.9,False,True,"generated for hackathon starter kit, not a real portfolio"
NBO-0249,-1.201491,36.870552,semi_permanent,0.0,0.0,0.08913704752922058,0.17551156878471375,0.24660679697990417,8.326672684688674e-17,Dandora,6237.6,False,True,"generated for hackathon starter kit, not a real portfolio"
NBO-0250,-1.309464,36.727057,concrete_rcc,0.0,0.0,0.0,0.0,0.06572811305522919,8.326672684688674e-17,Kawangware,4399.2,False,True,"generated for hackathon starter kit, not a real portfolio"
NBO-0251,-1.310908,36.74482,semi_permanent,0.0,0.0,0.0,0.0,0.0,0.0,Kawangware,3686.6,False,True,"generated for hackathon starter kit, not a real portfolio"
NBO-0252,-1.311595,36.796579,permanent_masonry,0.0,0.0,0.0,0.0,0.0,0.0,Kibera,843.0,True,True,"generated for hackathon starter kit, not a real portfolio"
NBO-0253,-1.197507,36.82492,semi_permanent,0.0,0.0,0.0,0.0,0.0,0.0,Westlands,6954.1,False,True,"generated for hackathon starter kit, not a real portfolio"
NBO-0254,-1.225363,36.713396,informal_iron_sheet,0.0,0.0,0.0,0.0,0.0,0.0,Kangemi,6417.7,False,True,"generated for hackathon starter kit, not a real portfolio"
NBO-0255,-1.306528,36.801425,permanent_masonry,0.0,0.0,0.0,0.0,0.0,0.0,Kibera,1481.0,True,True,"generated for hackathon starter kit, not a real portfolio"
NBO-0256,-1.32265,36.834249,semi_permanent,0.0,0.0,0.0,0.0,0.0,0.0,Nairobi West,1985.5,True,True,"generated for hackathon starter kit, not a real portfolio"
NBO-0257,-1.23058,36.769731,concrete_rcc,0.0,0.0,0.0,0.0,0.0,0.0,Kitisuru,1099.1,True,True,"generated for hackathon starter kit, not a real portfolio"
NBO-0258,-1.325808,36.801523,permanent_masonry,0.0,0.0,0.0,0.0,0.0,0.0,Lang'ata,1492.6,True,True,"generated for hackathon starter kit, not a real portfolio"
NBO-0259,-1.194012,36.894882,permanent_masonry,0.0014643266331404448,0.13147754967212677,0.24446702003479004,0.31611204147338867,0.3750833570957184,8.326672684688674e-17,Dandora,5794.7,False,True,"generated for hackathon starter kit, not a real portfolio"
NBO-0260,-1.328899,36.747618,semi_permanent,0.0,0.0,0.0,0.0,0.0,0.0,Lang'ata,4836.8,False,True,"generated for hackathon starter kit, not a real portfolio"
NBO-0261,-1.23631,36.777251,concrete_rcc,0.0,0.0,0.0,0.0,0.021113308146595955,5.551115123125783e-17,Kitisuru,826.4,True,True,"generated for hackathon starter kit, not a real portfolio"
NBO-0262,-1.313656,36.769023,informal_iron_sheet,0.0,0.0,0.0,0.0,0.0,0.0,Kibera,2235.7,False,True,"generated for hackathon starter kit, not a real portfolio"
NBO-0263,-1.240543,36.762234,semi_permanent,0.0,0.0,0.0,0.0,0.0,0.0,Kitisuru,978.0,True,True,"generated for hackathon starter kit, not a real portfolio"
NBO-0264,-1.194188,36.709318,concrete_rcc,0.0,0.0,0.0,0.0,0.0,0.0,Kitisuru,8570.1,False,True,"generated for hackathon starter kit, not a real portfolio"
NBO-0265,-1.20795,36.939186,informal_iron_sheet,0.0,0.0,0.07250545173883438,0.16045710444450378,0.23285046219825745,8.326672684688674e-17,Mwiki,2835.8,False,True,"generated for hackathon starter kit, not a real portfolio"
NBO-0266,-1.245469,36.827153,semi_permanent,0.0,0.0,0.0,0.0,0.0,0.0,Parklands,2683.5,False,True,"generated for hackathon starter kit, not a real portfolio"
NBO-0267,-1.265873,36.781748,permanent_masonry,0.0,0.0,0.05558374896645546,0.14514003694057465,0.2188541740179062,6.245004513516506e-17,Lavington,1098.7,True,True,"generated for hackathon starter kit, not a real portfolio"
NBO-0268,-1.277204,36.92012,informal_iron_sheet,0.19910605251789093,0.30338555574417114,0.39401084184646606,0.45147505402565,0.49877408146858215,5.551115123125783e-17,Kayole,1165.8,True,True,"generated for hackathon starter kit, not a real portfolio"
NBO-0269,-1.230379,36.705483,semi_permanent,0.0,0.0,0.0,0.0,0.0,0.0,Kangemi,6677.6,False,True,"generated for hackathon starter kit, not a real portfolio"
NBO-0270,-1.22036,36.726497,permanent_masonry,0.0,0.0,0.0,0.0,0.0,0.0,Kitisuru,5428.1,False,True,"generated for hackathon starter kit, not a real portfolio"
NBO-0271,-1.238975,36.704695,semi_permanent,0.0,0.0,0.0,0.0,0.0,0.0,Kangemi,6198.8,False,True,"generated for hackathon starter kit, not a real portfolio"
NBO-0272,-1.268976,36.707647,permanent_masonry,0.0,0.0,0.0,0.0,0.0,0.0,Kangemi,4964.8,False,True,"generated for hackathon starter kit, not a real portfolio"
NBO-0273,-1.224272,36.70066,semi_permanent,0.0,0.0,0.0,0.0,0.0,0.0,Kangemi,7523.4,False,True,"generated for hackathon starter kit, not a real portfolio"
NBO-0274,-1.290944,36.852137,permanent_masonry,0.0,0.0,0.0,0.03720681741833687,0.12022798508405685,6.938893903907228e-17,Kiambiu,1581.0,True,True,"generated for hackathon starter kit, not a real portfolio"
NBO-0275,-1.305913,36.879391,semi_permanent,0.0,0.0,0.0,0.0,0.0018672097939997911,9.107298248878237e-17,Donholm,1273.3,True,True,"generated for hackathon starter kit, not a real portfolio"
NBO-0276,-1.341675,36.788527,informal_iron_sheet,0.0,0.0,0.0,0.0,0.0,0.0,Lang'ata,2531.3,False,True,"generated for hackathon starter kit, not a real portfolio"
NBO-0277,-1.316557,36.932,semi_permanent,0.0,0.0,0.0,0.0,0.08512059599161148,8.326672684688674e-17,Fedha,3725.9,False,True,"generated for hackathon starter kit, not a real portfolio"
NBO-0278,-1.184995,36.888914,semi_permanent,0.0,0.0,0.0,0.09074367582798004,0.16914838552474976,5.551115123125783e-17,Dandora,6930.0,False,True,"generated for hackathon starter kit, not a real portfolio"
NBO-0279,-1.242356,36.946982,semi_permanent,0.17797240614891052,0.2850036025047302,0.3780202567577362,0.4370008111000061,0.4855479598045349,2.7755575615628914e-17,Mwiki,1861.1,True,True,"generated for hackathon starter kit, not a real portfolio"
NBO-0280,-1.286231,36.892072,concrete_rcc,0.0,0.0,0.0,0.0,0.003465998684987426,2.6020852139652106e-17,Donholm,1493.1,True,True,"generated for hackathon starter kit, not a real portfolio"
NBO-0281,-1.187574,36.830611,permanent_masonry,0.0,0.0,0.0,0.0,0.0,0.0,Westlands,8215.0,False,True,"generated for hackathon starter kit, not a real portfolio"
NBO-0282,-1.338431,36.714023,permanent_masonry,0.0,0.0,0.0,0.0,0.0,0.0,Kawangware,7871.1,False,True,"generated for hackathon starter kit, not a real portfolio"
NBO-0283,-1.295195,36.729934,informal_iron_sheet,0.0,0.0,0.0,0.0,0.0,0.0,Kawangware,3047.2,False,True,"generated for hackathon starter kit, not a real portfolio"
NBO-0284,-1.27871,36.781699,semi_permanent,0.0,0.0,0.0,0.0,0.04823615029454231,1.3877787807814457e-17,Kileleshwa,723.6,True,True,"generated for hackathon starter kit, not a real portfolio"
NBO-0285,-1.308304,36.733992,semi_permanent,0.0,0.0,0.0,0.0,0.0,0.0,Kawangware,3854.9,False,True,"generated for hackathon starter kit, not a real portfolio"
NBO-0286,-1.211654,36.859362,permanent_masonry,0.0,0.0,0.0,0.0,0.04721904918551445,4.85722573273506e-17,Mathare,5365.3,False,True,"generated for hackathon starter kit, not a real portfolio"
NBO-0287,-1.305027,36.717376,informal_iron_sheet,0.0,0.0,0.0,0.0,0.0,0.0,Kawangware,4820.4,False,True,"generated for hackathon starter kit, not a real portfolio"
NBO-0288,-1.267276,36.835611,semi_permanent,0.0,0.0,0.0,0.0,0.02906077168881893,3.122502256758253e-17,Parklands,2816.5,False,True,"generated for hackathon starter kit, not a real portfolio"
NBO-0289,-1.185153,36.790811,semi_permanent,0.0,0.0,0.0,0.0,0.0,0.0,Kitisuru,6522.7,False,True,"generated for hackathon starter kit, not a real portfolio"
NBO-0290,-1.266469,36.795974,semi_permanent,0.0,0.0,0.0,0.0,0.0,0.0,Chiromo,1254.9,True,True,"generated for hackathon starter kit, not a real portfolio"
NBO-0291,-1.309713,36.71976,permanent_masonry,0.0,0.0,0.0,0.0,0.007662816438823938,3.8163916471489756e-17,Kawangware,4963.5,False,True,"generated for hackathon starter kit, not a real portfolio"
NBO-0292,-1.248732,36.879753,informal_iron_sheet,0.12141015380620956,0.23580597341060638,0.3352229595184326,0.3982618451118469,0.45014941692352295,8.326672684688674e-17,Kariobangi,1177.0,True,True,"generated for hackathon starter kit, not a real portfolio"
NBO-0293,-1.204167,36.891005,semi_permanent,0.41178345680236816,0.4883715510368347,0.5549312829971313,0.5971358418464661,0.6318746209144592,5.551115123125783e-17,Dandora,4830.3,False,True,"generated for hackathon starter kit, not a real portfolio"
NBO-0294,-1.28955,36.779763,informal_iron_sheet,0.0,0.0,0.048136886209249496,0.13839933276176453,0.21269473433494568,9.71445146547012e-17,Kileleshwa,1688.0,True,True,"generated for hackathon starter kit, not a real portfolio"
NBO-0295,-1.33716,36.794091,permanent_masonry,0.0,0.0,0.0,0.0,0.0,0.0,Lang'ata,2075.1,False,True,"generated for hackathon starter kit, not a real portfolio"
NBO-0296,-1.278423,36.873103,informal_iron_sheet,0.0,0.0,0.058508604764938354,0.14778754115104675,0.22127337753772736,5.551115123125783e-17,Kiambiu,1159.6,True,True,"generated for hackathon starter kit, not a real portfolio"
NBO-0297,-1.213308,36.732977,semi_permanent,0.0,0.0,0.0,0.0,0.0,0.0,Kitisuru,5192.0,False,True,"generated for hackathon starter kit, not a real portfolio"
NBO-0298,-1.323806,36.853642,semi_permanent,0.0,0.0,0.0,0.0,0.0,0.0,Nairobi West,3788.1,False,True,"generated for hackathon starter kit, not a real portfolio"
NBO-0299,-1.298429,36.785526,semi_permanent,0.0,0.0,0.0,0.0,0.0,0.0,Kibera,1485.9,True,True,"generated for hackathon starter kit, not a real portfolio"
NBO-0300,-1.316479,36.875112,permanent_masonry,0.0,0.0,0.0,0.06114261597394943,0.14209981262683868,8.326672684688674e-17,Donholm,2441.0,False,True,"generated for hackathon starter kit, not a real portfolio"
NBO-0301,-1.196509,36.858876,permanent_masonry,0.0,0.0,0.0,0.0,0.0,0.0,Mathare,7020.1,False,True,"generated for hackathon starter kit, not a real portfolio"
NBO-0302,-1.207697,36.777948,semi_permanent,0.0,0.0,0.0,0.0,0.0,0.0,Kitisuru,3714.5,False,True,"generated for hackathon starter kit, not a real portfolio"
NBO-0303,-1.326648,36.769993,concrete_rcc,0.0,0.0,0.0,0.0,0.0,0.0,Lang'ata,2380.4,False,True,"generated for hackathon starter kit, not a real portfolio"
NBO-0304,-1.32852,36.797975,permanent_masonry,0.0,0.0,0.0,0.0,0.0,0.0,Lang'ata,1386.1,True,True,"generated for hackathon starter kit, not a real portfolio"
NBO-0305,-1.310833,36.773989,concrete_rcc,0.0,0.0,0.0,0.0,0.0,0.0,Kibera,1669.7,True,True,"generated for hackathon starter kit, not a real portfolio"
NBO-0306,-1.220163,36.889739,permanent_masonry,0.0,0.0,0.013207968324422836,0.10678263008594513,0.18380430340766907,5.551115123125783e-17,Dandora,3297.2,False,True,"generated for hackathon starter kit, not a real portfolio"
NBO-0307,-1.335209,36.897649,informal_iron_sheet,0.0,0.0,0.0,0.020610887557268143,0.10506311804056168,6.938893903907228e-17,Fedha,2174.7,False,True,"generated for hackathon starter kit, not a real portfolio"
NBO-0308,-1.253911,36.823871,permanent_masonry,0.22047966718673706,0.3219762444496155,0.41018298268318176,0.4661136567592621,0.5121504068374634,5.551115123125783e-17,Parklands,1789.5,True,True,"generated for hackathon starter kit, not a real portfolio"
NBO-0309,-1.230274,36.759232,semi_permanent,0.0,0.0,0.0,0.0,0.0,0.0,Kitisuru,1727.0,True,True,"generated for hackathon starter kit, not a real portfolio"
NBO-0310,-1.193935,36.823109,permanent_masonry,0.0,0.0,0.0,0.0,0.0,0.0,Westlands,7151.9,False,True,"generated for hackathon starter kit, not a real portfolio"
NBO-0311,-1.185447,36.889115,concrete_rcc,0.0,0.0,0.0,0.03294113650918007,0.11633013188838959,8.326672684688674e-17,Dandora,6875.5,False,True,"generated for hackathon starter kit, not a real portfolio"
NBO-0312,-1.27629,36.836385,semi_permanent,0.0,0.0,0.0,0.0,0.0,0.0,Kiambiu,3077.2,False,True,"generated for hackathon starter kit, not a real portfolio"
NBO-0313,-1.204866,36.703881,permanent_masonry,0.0,0.0,0.0,0.0,0.0,0.0,Kitisuru,8445.0,False,True,"generated for hackathon starter kit, not a real portfolio"
NBO-0314,-1.182174,36.721902,permanent_masonry,0.0,0.0,0.0,0.0,0.0,0.0,Kitisuru,8468.6,False,True,"generated for hackathon starter kit, not a real portfolio"
NBO-0315,-1.181293,36.796118,semi_permanent,0.0,0.0,0.0,0.0,0.0,0.0,Kitisuru,7137.5,False,True,"generated for hackathon starter kit, not a real portfolio"
NBO-0316,-1.206311,36.910658,concrete_rcc,0.4046871066093445,0.48219916224479675,0.5495619177818298,0.5922756791114807,0.6274335384368896,5.551115123125783e-17,Mwiki,3868.5,False,True,"generated for hackathon starter kit, not a real portfolio"
NBO-0317,-1.245344,36.806905,informal_iron_sheet,0.0,0.0,0.0,0.0,0.0,0.0,Parklands,2013.1,False,True,"generated for hackathon starter kit, not a real portfolio"
NBO-0318,-1.332425,36.855886,informal_iron_sheet,0.0,0.0,0.0,0.0,0.0,0.0,Nairobi West,4499.3,False,True,"generated for hackathon starter kit, not a real portfolio"
NBO-0319,-1.256119,36.841093,semi_permanent,0.0,0.0,0.0,0.0,0.0,0.0,Mathare,3363.9,False,True,"generated for hackathon starter kit, not a real portfolio"
NBO-0320,-1.348242,36.720226,semi_permanent,0.0,0.0,0.0,0.0,0.0,0.0,Lang'ata,8409.8,False,True,"generated for hackathon starter kit, not a real portfolio"
NBO-0321,-1.214463,36.819394,semi_permanent,0.0,0.0,0.0,0.0,0.0,0.0,Westlands,5141.2,False,True,"generated for hackathon starter kit, not a real portfolio"
NBO-0322,-1.317859,36.80791,concrete_rcc,0.0,0.0,0.0,0.009734307415783405,0.09512441605329514,4.163336342344337e-17,Madaraka,1425.8,True,True,"generated for hackathon starter kit, not a real portfolio"
NBO-0323,-1.269099,36.814491,permanent_masonry,0.0,0.0,0.0,0.0,0.0,0.0,Parklands,796.9,True,True,"generated for hackathon starter kit, not a real portfolio"
NBO-0324,-1.327675,36.927681,concrete_rcc,0.0,0.0,0.0,0.02753903716802597,0.11139385402202606,6.938893903907228e-17,Fedha,3508.4,False,True,"generated for hackathon starter kit, not a real portfolio"
NBO-0325,-1.213059,36.774836,concrete_rcc,0.0,0.0,0.0,0.0,0.0,0.0,Kitisuru,3067.1,False,True,"generated for hackathon starter kit, not a real portfolio"
NBO-0326,-1.274304,36.944364,permanent_masonry,0.0,0.06383437663316727,0.18562379479408264,0.26284876465797424,0.32641294598579407,6.938893903907228e-17,Kayole,2903.6,False,True,"generated for hackathon starter kit, not a real portfolio"
NBO-0327,-1.285088,36.818006,informal_iron_sheet,0.0,0.0,0.0,0.0,0.0,0.0,Chiromo,2045.0,False,True,"generated for hackathon starter kit, not a real portfolio"
NBO-0328,-1.341179,36.819429,semi_permanent,0.0,0.0,0.0,0.0,0.0,0.0,Nairobi West,3634.2,False,True,"generated for hackathon starter kit, not a real portfolio"
NBO-0329,-1.231313,36.878088,permanent_masonry,0.0,0.0,0.0,0.0,0.0,0.0,Mathare,3107.6,False,True,"generated for hackathon starter kit, not a real portfolio"
NBO-0330,-1.344911,36.819275,permanent_masonry,0.0,0.0,0.0,0.0,0.037077147513628006,6.938893903907228e-18,Nairobi West,4048.6,False,True,"generated for hackathon starter kit, not a real portfolio"
NBO-0331,-1.299253,36.714793,semi_permanent,0.0,0.0,0.0,0.0,0.0,0.0,Kawangware,4703.8,False,True,"generated for hackathon starter kit, not a real portfolio"
NBO-0332,-1.210051,36.840545,informal_iron_sheet,0.0,0.0,0.0,0.0,0.0,0.0,Mathare,6370.6,False,True,"generated for hackathon starter kit, not a real portfolio"
NBO-0333,-1.271368,36.72167,informal_iron_sheet,0.0,0.0,0.0,0.0,0.0,0.0,Kawangware,3424.2,False,True,"generated for hackathon starter kit, not a real portfolio"
NBO-0334,-1.300269,36.932332,semi_permanent,0.0,0.0,0.0,0.07070320099592209,0.15083599090576172,8.326672684688674e-17,Tassia,3824.5,False,True,"generated for hackathon starter kit, not a real portfolio"
NBO-0335,-1.204821,36.777835,concrete_rcc,0.0,0.0,0.0,0.0,0.0,0.0,Kitisuru,4025.6,False,True,"generated for hackathon starter kit, not a real portfolio"
NBO-0336,-1.31156,36.933433,concrete_rcc,0.0,0.0,0.0,0.0,0.038985107094049454,5.551115123125783e-17,Tassia,3904.2,False,True,"generated for hackathon starter kit, not a real portfolio"
NBO-0337,-1.182634,36.829649,semi_permanent,0.0,0.0,0.0,0.0,0.0,0.0,Westlands,8598.9,False,True,"generated for hackathon starter kit, not a real portfolio"
NBO-0338,-1.300632,36.895328,semi_permanent,0.0,0.0,0.015223158523440361,0.1086067259311676,0.18547111749649048,8.326672684688674e-17,Donholm,754.4,True,True,"generated for hackathon starter kit, not a real portfolio"
NBO-0339,-1.310599,36.826601,concrete_rcc,0.0,0.0,0.04630954936146736,0.13674528896808624,0.21118329465389252,6.245004513516506e-17,Nairobi West,442.9,True,True,"generated for hackathon starter kit, not a real portfolio"
NBO-0340,-1.1977,36.752666,semi_permanent,0.0,0.0,0.0,0.0,0.0,0.0,Kitisuru,5166.2,False,True,"generated for hackathon starter kit, not a real portfolio"
NBO-0341,-1.346872,36.949269,semi_permanent,0.0,0.0,0.0,0.0,0.04182745888829231,1.3877787807814457e-17,Fedha,6625.4,False,True,"generated for hackathon starter kit, not a real portfolio"
NBO-0342,-1.200346,36.858594,informal_iron_sheet,0.0,0.0,0.0,0.002514793537557125,0.08852744102478027,6.938893903907228e-17,Mathare,6608.9,False,True,"generated for hackathon starter kit, not a real portfolio"
NBO-0343,-1.254997,36.812644,semi_permanent,0.0,0.0,0.0,0.0,0.0,0.0,Parklands,924.3,True,True,"generated for hackathon starter kit, not a real portfolio"
NBO-0344,-1.213194,36.935062,permanent_masonry,0.0,0.0,0.016176441684365273,0.10946960747241974,0.18625959753990173,7.28583859910259e-17,Mwiki,2184.5,False,True,"generated for hackathon starter kit, not a real portfolio"
NBO-0345,-1.278319,36.839113,semi_permanent,0.0,0.0,0.0,0.0,0.0,0.0,Kiambiu,2736.6,False,True,"generated for hackathon starter kit, not a real portfolio"
NBO-0346,-1.306948,36.801566,informal_iron_sheet,0.0,0.0,0.0,0.0,0.0,0.0,Kibera,1479.6,True,True,"generated for hackathon starter kit, not a real portfolio"
NBO-0347,-1.274636,36.749664,informal_iron_sheet,0.0,0.024689674377441406,0.151571586728096,0.2320256233215332,0.29824766516685486,5.551115123125783e-17,Kawangware,479.1,True,True,"generated for hackathon starter kit, not a real portfolio"
NBO-0348,-1.317463,36.783427,concrete_rcc,0.0,0.0,0.0,0.07027114927768707,0.15044119954109192,6.938893903907228e-17,Lang'ata,746.8,True,True,"generated for hackathon starter kit, not a real portfolio"
NBO-0349,-1.343824,36.902898,informal_iron_sheet,0.0,0.0,0.0,0.0,0.04373793303966522,2.0816681711721685e-17,Fedha,3168.7,False,True,"generated for hackathon starter kit, not a real portfolio"
NBO-0350,-1.292185,36.740383,concrete_rcc,0.0,0.0,0.0,0.0,0.05346808582544327,6.938893903907228e-17,Kawangware,1973.6,True,True,"generated for hackathon starter kit, not a real portfolio"
NBO-0351,-1.241881,36.815722,informal_iron_sheet,0.0,0.0,0.0,0.0,0.0,0.0,Parklands,2422.3,False,True,"generated for hackathon starter kit, not a real portfolio"
NBO-0352,-1.310166,36.860695,semi_permanent,0.0,0.0,0.0,0.0,0.0,0.0,Kiambiu,3115.9,False,True,"generated for hackathon starter kit, not a real portfolio"
NBO-0353,-1.331766,36.81104,concrete_rcc,0.0,0.0,0.0,0.0,0.0,0.0,Lang'ata,2740.7,False,True,"generated for hackathon starter kit, not a real portfolio"
NBO-0354,-1.225862,36.799735,permanent_masonry,0.0,0.0,0.0,0.0,0.0,0.0,Westlands,2754.3,False,True,"generated for hackathon starter kit, not a real portfolio"
NBO-0355,-1.347451,36.709257,informal_iron_sheet,0.0,0.0,0.0,0.0,0.0,0.0,Kawangware,9002.7,False,True,"generated for hackathon starter kit, not a real portfolio"
NBO-0356,-1.203566,36.90393,informal_iron_sheet,0.17303180694580078,0.2807062864303589,0.37428200244903564,0.4336170554161072,0.4824559688568115,8.326672684688674e-17,Mwiki,4601.4,False,True,"generated for hackathon starter kit, not a real portfolio"
NBO-0357,-1.347865,36.718488,permanent_masonry,0.0,0.0,0.0,0.0,0.0,0.0,Kawangware,8552.1,False,True,"generated for hackathon starter kit, not a real portfolio"
NBO-0358,-1.310107,36.808186,permanent_masonry,0.0,0.0,0.08892456442117691,0.17531923949718475,0.24643103778362274,5.551115123125783e-17,Madaraka,849.8,True,True,"generated for hackathon starter kit, not a real portfolio"
NBO-0359,-1.274801,36.721075,semi_permanent,0.0,0.0,0.0,0.0,0.0,0.0,Kawangware,3422.5,False,True,"generated for hackathon starter kit, not a real portfolio"
NBO-0360,-1.306434,36.778519,informal_iron_sheet,0.0,0.0,0.0,0.0,0.0,0.0,Kibera,1286.2,True,True,"generated for hackathon starter kit, not a real portfolio"
NBO-0361,-1.260813,36.895214,informal_iron_sheet,0.0,0.0,0.032488271594047546,0.124234639108181,0.19975143671035767,5.551115123125783e-17,Kariobangi,1490.9,True,True,"generated for hackathon starter kit, not a real portfolio"
NBO-0362,-1.218859,36.931263,concrete_rcc,0.0,0.014971988275647163,0.14311811327934265,0.22437377274036407,0.2912556231021881,8.326672684688674e-17,Mwiki,1561.4,True,True,"generated for hackathon starter kit, not a real portfolio"
NBO-0363,-1.265965,36.71004,permanent_masonry,0.0,0.0,0.0,0.07786789536476135,0.15738287568092346,5.551115123125783e-17,Kangemi,4703.1,False,True,"generated for hackathon starter kit, not a real portfolio"
NBO-0364,-1.270336,36.775293,permanent_masonry,0.0,0.0,0.0,0.0,0.0,0.0,Lavington,427.7,True,True,"generated for hackathon starter kit, not a real portfolio"
NBO-0365,-1.245682,36.872151,permanent_masonry,0.0,0.0,0.0,0.0,0.017500517889857292,9.367506770274758e-17,Mathare,1419.3,True,True,"generated for hackathon starter kit, not a real portfolio"
NBO-0366,-1.294328,36.79296,informal_iron_sheet,0.0,0.0,0.0,0.0,0.021733464673161507,6.938893903907228e-18,Kibera,1941.5,True,True,"generated for hackathon starter kit, not a real portfolio"
NBO-0367,-1.279863,36.946799,informal_iron_sheet,0.0,0.0,0.03304511308670044,0.1247386783361435,0.2002120167016983,4.163336342344337e-17,Kayole,3380.8,False,True,"generated for hackathon starter kit, not a real portfolio"
NBO-0368,-1.281142,36.73553,permanent_masonry,0.0,0.0,0.0,0.0,0.0,0.0,Kawangware,1815.8,True,True,"generated for hackathon starter kit, not a real portfolio"
NBO-0369,-1.304822,36.734471,semi_permanent,0.0,0.0,0.0,0.0,0.0,0.0,Kawangware,3497.8,False,True,"generated for hackathon starter kit, not a real portfolio"
NBO-0370,-1.259124,36.882024,informal_iron_sheet,0.0,0.0,0.015046956948935986,0.10844723135232925,0.18532536923885345,8.500145032286355e-17,Kariobangi,12.7,True,True,"generated for hackathon starter kit, not a real portfolio"
NBO-0371,-1.18152,36.87356,permanent_masonry,0.0,0.0,0.0,0.0,0.0,0.0,Dandora,7921.6,False,True,"generated for hackathon starter kit, not a real portfolio"
NBO-0372,-1.244471,36.934206,semi_permanent,0.0,0.08110195398330688,0.20064496994018555,0.27644550800323486,0.33883726596832275,8.326672684688674e-17,Mwiki,1306.7,True,True,"generated for hackathon starter kit, not a real portfolio"
NBO-0373,-1.333748,36.718557,permanent_masonry,0.0,0.0,0.0,0.0,0.0,0.0,Kawangware,7163.7,False,True,"generated for hackathon starter kit, not a real portfolio"
NBO-0374,-1.306874,36.704134,informal_iron_sheet,0.0,0.0,0.0,0.0,0.0,0.0,Kawangware,6154.2,False,True,"generated for hackathon starter kit, not a real portfolio"
NBO-0375,-1.265587,36.732079,permanent_masonry,0.0,0.0,0.0,0.0,0.0,0.0,Kangemi,2263.6,False,True,"generated for hackathon starter kit, not a real portfolio"
NBO-0376,-1.330722,36.930502,semi_permanent,0.0,0.0,0.0,0.0,0.05139143019914627,6.938893903907228e-17,Fedha,3932.1,False,True,"generated for hackathon starter kit, not a real portfolio"
NBO-0377,-1.240753,36.808486,semi_permanent,0.0,0.0,0.0,0.002102094469591975,0.08815032243728638,8.326672684688674e-17,Parklands,2492.0,False,True,"generated for hackathon starter kit, not a real portfolio"
NBO-0378,-1.232748,36.807252,semi_permanent,0.0,0.0,0.0,0.0,0.0,0.0,Westlands,2808.9,False,True,"generated for hackathon starter kit, not a real portfolio"
NBO-0379,-1.244467,36.767451,permanent_masonry,0.0,0.0,0.0,0.0,0.0,0.0,Kitisuru,604.1,True,True,"generated for hackathon starter kit, not a real portfolio"
NBO-0380,-1.256632,36.748659,permanent_masonry,0.0,0.0,0.0,0.0,0.0,0.0,Kangemi,1327.9,True,True,"generated for hackathon starter kit, not a real portfolio"
NBO-0381,-1.305364,36.729212,permanent_masonry,0.0,0.0,0.0,0.0,0.0,0.0,Kawangware,3894.3,False,True,"generated for hackathon starter kit, not a real portfolio"
NBO-0382,-1.287241,36.888335,informal_iron_sheet,0.0,0.0,0.0,0.0,0.04948350414633751,6.938893903907228e-18,Donholm,1333.2,True,True,"generated for hackathon starter kit, not a real portfolio"
NBO-0383,-1.306754,36.710739,concrete_rcc,0.0,0.0,0.0,0.0,0.0,0.0,Kawangware,5529.3,False,True,"generated for hackathon starter kit, not a real portfolio"
NBO-0384,-1.266942,36.885308,concrete_rcc,0.0,0.0,0.11290440708398819,0.1970251351594925,0.26626524329185486,8.326672684688674e-17,Kariobangi,950.8,True,True,"generated for hackathon starter kit, not a real portfolio"
NBO-0385,-1.20217,36.825202,informal_iron_sheet,0.0,0.0,0.0,0.0,0.0,0.0,Westlands,6576.3,False,True,"generated for hackathon starter kit, not a real portfolio"
NBO-0386,-1.290194,36.745156,permanent_masonry,0.0,0.0,0.0,0.0,0.0,0.0,Kawangware,1490.5,True,True,"generated for hackathon starter kit, not a real portfolio"
NBO-0387,-1.229012,36.757269,semi_permanent,0.0,0.0,0.0,0.0,0.0,0.0,Kitisuru,1984.4,True,True,"generated for hackathon starter kit, not a real portfolio"
NBO-0388,-1.278278,36.710888,concrete_rcc,0.0,0.0,0.0968252643942833,0.18247073888778687,0.25296586751937866,5.551115123125783e-17,Kawangware,4530.7,False,True,"generated for hackathon starter kit, not a real portfolio"
NBO-0389,-1.270773,36.910552,semi_permanent,0.0,0.0,0.0,0.0,0.052059438079595566,6.245004513516506e-17,Komarock,376.5,True,True,"generated for hackathon starter kit, not a real portfolio"
NBO-0390,-1.19186,36.849251,semi_permanent,0.0,0.0,0.0,0.0,0.0,0.0,Mathare,7794.8,False,True,"generated for hackathon starter kit, not a real portfolio"
NBO-0391,-1.303499,36.883827,permanent_masonry,0.0,0.0,0.0,0.0,0.010094531811773777,7.632783294297951e-17,Donholm,719.7,True,True,"generated for hackathon starter kit, not a real portfolio"
NBO-0392,-1.199582,36.834712,informal_iron_sheet,0.0,0.0,0.0,0.0,0.0,0.0,Westlands,7515.6,False,True,"generated for hackathon starter kit, not a real portfolio"
NBO-0393,-1.333316,36.714996,semi_permanent,0.0,0.0,0.0,0.0,0.0,0.0,Kawangware,7334.8,False,True,"generated for hackathon starter kit, not a real portfolio"
NBO-0394,-1.223109,36.877667,informal_iron_sheet,0.0,0.0,0.0,0.0,0.0,0.0,Dandora,3981.6,False,True,"generated for hackathon starter kit, not a real portfolio"
NBO-0395,-1.288387,36.922284,informal_iron_sheet,0.0,0.0,0.0,0.03782757744193077,0.12079522013664246,6.938893903907228e-17,Komarock,2382.2,False,True,"generated for hackathon starter kit, not a real portfolio"
NBO-0396,-1.202279,36.766078,informal_iron_sheet,0.0,0.0,0.0,0.0,0.0,0.0,Kitisuru,4272.1,False,True,"generated for hackathon starter kit, not a real portfolio"
NBO-0397,-1.334262,36.797507,concrete_rcc,0.0,0.0,0.0,0.0,0.0,0.0,Lang'ata,1896.6,True,True,"generated for hackathon starter kit, not a real portfolio"
NBO-0398,-1.212112,36.947855,semi_permanent,0.0,0.0,0.10675711184740067,0.1914607733488083,0.26118069887161255,6.938893903907228e-17,Mwiki,2810.7,False,True,"generated for hackathon starter kit, not a real portfolio"
NBO-0399,-1.208904,36.854328,semi_permanent,0.0,0.0,0.0,0.0,0.0,0.0,Mathare,5818.5,False,True,"generated for hackathon starter kit, not a real portfolio"
NBO-0400,-1.183815,36.732616,permanent_masonry,0.0,0.0,0.0,0.0,0.0,0.0,Kitisuru,7602.4,False,True,"generated for hackathon starter kit, not a real portfolio"
NBO-0401,-1.225953,36.743443,informal_iron_sheet,0.0,0.0,0.0,0.0,0.0,0.0,Kitisuru,3461.0,False,True,"generated for hackathon starter kit, not a real portfolio"
NBO-0402,-1.317633,36.764405,permanent_masonry,0.0,0.0,0.0,0.0,0.03312943875789642,2.0816681711721685e-17,Kibera,2822.4,False,True,"generated for hackathon starter kit, not a real portfolio"
NBO-0403,-1.231914,36.931956,concrete_rcc,0.0,0.0,0.0,0.060175150632858276,0.14121577143669128,8.326672684688674e-17,Mwiki,173.4,True,True,"generated for hackathon starter kit, not a real portfolio"
NBO-0404,-1.297077,36.90215,semi_permanent,0.037912748754024506,0.16318024694919586,0.272045373916626,0.34107524156570435,0.3978939950466156,5.551115123125783e-17,Tassia,1176.8,True,True,"generated for hackathon starter kit, not a real portfolio"
NBO-0405,-1.182548,36.704197,permanent_masonry,0.0,0.0,0.0,0.0,0.0,0.0,Kitisuru,9826.2,False,True,"generated for hackathon starter kit, not a real portfolio"
NBO-0406,-1.210983,36.840534,semi_permanent,0.0,0.0,0.0,0.0,0.0,0.0,Mathare,6284.0,False,True,"generated for hackathon starter kit, not a real portfolio"
NBO-0407,-1.253995,36.750024,semi_permanent,0.0,0.0,0.0,0.0,0.0,0.0,Kangemi,1578.4,True,True,"generated for hackathon starter kit, not a real portfolio"
NBO-0408,-1.334527,36.762454,semi_permanent,0.0,0.0,0.0,0.0,0.0,0.0,Lang'ata,3515.4,False,True,"generated for hackathon starter kit, not a real portfolio"
NBO-0409,-1.286737,36.831791,semi_permanent,0.0,0.0,0.0,0.0,0.0,0.0,Nairobi West,2626.7,False,True,"generated for hackathon starter kit, not a real portfolio"
NBO-0410,-1.247716,36.748189,permanent_masonry,0.0,0.0,0.0,0.0,0.0,0.0,Kangemi,2302.0,False,True,"generated for hackathon starter kit, not a real portfolio"
NBO-0411,-1.189573,36.871599,permanent_masonry,0.0,0.0,0.0,0.0,0.0,0.0,Dandora,7249.4,False,True,"generated for hackathon starter kit, not a real portfolio"
NBO-0412,-1.323981,36.709497,permanent_masonry,0.0,0.0,0.0,0.0,0.0,0.0,Kawangware,6897.0,False,True,"generated for hackathon starter kit, not a real portfolio"
NBO-0413,-1.29912,36.707958,semi_permanent,0.0,0.0,0.0,0.0,0.0,0.0,Kawangware,5372.1,False,True,"generated for hackathon starter kit, not a real portfolio"
NBO-0414,-1.222829,36.772325,concrete_rcc,0.0,0.0,0.0,0.0,0.0,0.0,Kitisuru,1956.7,True,True,"generated for hackathon starter kit, not a real portfolio"
NBO-0415,-1.182905,36.723088,informal_iron_sheet,0.0,0.0,0.0,0.0,0.0,0.0,Kitisuru,8321.5,False,True,"generated for hackathon starter kit, not a real portfolio"
NBO-0416,-1.181257,36.913667,concrete_rcc,0.0,0.0,0.0195400919765234,0.11251429468393326,0.18904173374176025,5.551115123125783e-17,Mwiki,6127.1,False,True,"generated for hackathon starter kit, not a real portfolio"
NBO-0417,-1.302171,36.892264,permanent_masonry,0.0,0.0,0.0,0.0,0.012592683546245098,9.8879238130678e-17,Donholm,515.0,True,True,"generated for hackathon starter kit, not a real portfolio"
NBO-0418,-1.225647,36.840018,permanent_masonry,0.0,0.0,0.0,0.0,0.0,0.0,Mathare,5034.2,False,True,"generated for hackathon starter kit, not a real portfolio"
NBO-0419,-1.322424,36.883627,concrete_rcc,0.0,0.0,0.0,0.0,0.0,0.0,Fedha,1815.5,True,True,"generated for hackathon starter kit, not a real portfolio"
NBO-0420,-1.339096,36.702452,informal_iron_sheet,0.0,0.0,0.0,0.0,0.0,0.0,Kawangware,8680.9,False,True,"generated for hackathon starter kit, not a real portfolio"
NBO-0421,-1.245747,36.759842,concrete_rcc,0.0,0.06259440630674362,0.1845451444387436,0.26187238097190857,0.32552075386047363,5.551115123125783e-17,Kitisuru,1379.6,True,True,"generated for hackathon starter kit, not a real portfolio"
NBO-0422,-1.281913,36.829603,semi_permanent,0.0,0.0,0.0,0.02346699871122837,0.10767294466495514,6.938893903907228e-17,Chiromo,2860.2,False,True,"generated for hackathon starter kit, not a real portfolio"
NBO-0423,-1.249578,36.901111,concrete_rcc,0.0,0.0,0.0,0.03812636062502861,0.12106823921203613,2.7755575615628914e-17,Dandora,758.1,True,True,"generated for hackathon starter kit, not a real portfolio"
NBO-0424,-1.290479,36.84768,informal_iron_sheet,0.0,0.0,0.0,0.0,0.07085767388343811,1.3877787807814457e-17,Kiambiu,1972.3,True,True,"generated for hackathon starter kit, not a real portfolio"
NBO-0425,-1.348616,36.782807,permanent_masonry,0.0,0.0,0.0,0.0,0.0,0.0,Lang'ata,3392.9,False,True,"generated for hackathon starter kit, not a real portfolio"
NBO-0426,-1.315744,36.762556,concrete_rcc,0.0,0.0,0.0,0.0,0.0,0.0,Kibera,2980.3,False,True,"generated for hackathon starter kit, not a real portfolio"
NBO-0427,-1.344614,36.914871,informal_iron_sheet,0.0,0.0,0.0,0.0,0.038416292518377304,6.938893903907228e-18,Fedha,3697.6,False,True,"generated for hackathon starter kit, not a real portfolio"
NBO-0428,-1.211801,36.839118,informal_iron_sheet,0.0,0.0,0.0,0.0,0.0,0.0,Mathare,6295.9,False,True,"generated for hackathon starter kit, not a real portfolio"
NBO-0429,-1.335739,36.913418,permanent_masonry,0.0,0.0,0.0,0.0,0.04569122567772865,5.551115123125783e-17,Fedha,2780.7,False,True,"generated for hackathon starter kit, not a real portfolio"
NBO-0430,-1.323625,36.725838,permanent_masonry,0.0,0.0,0.0,0.0,0.0,0.0,Kawangware,5783.4,False,True,"generated for hackathon starter kit, not a real portfolio"
NBO-0431,-1.339077,36.900695,informal_iron_sheet,0.0,0.0,0.09083228558301926,0.1770460605621338,0.24800895154476166,5.551115123125783e-17,Fedha,2614.3,False,True,"generated for hackathon starter kit, not a real portfolio"
NBO-0432,-1.211213,36.717387,permanent_masonry,0.0,0.0,0.0,0.0,0.0,0.0,Kitisuru,6788.3,False,True,"generated for hackathon starter kit, not a real portfolio"
NBO-0433,-1.247364,36.787692,semi_permanent,0.0,0.0,0.0,0.0,0.0,0.0,Westlands,202.3,True,True,"generated for hackathon starter kit, not a real portfolio"
NBO-0434,-1.317629,36.800261,informal_iron_sheet,0.0,0.0,0.009397466666996479,0.10333346575498581,0.18065257370471954,7.979727989493313e-17,Lang'ata,1152.8,True,True,"generated for hackathon starter kit, not a real portfolio"
NBO-0435,-1.314949,36.71617,semi_permanent,0.0,0.0,0.0,0.0,0.0,0.0,Kawangware,5657.8,False,True,"generated for hackathon starter kit, not a real portfolio"
NBO-0436,-1.316654,36.932326,permanent_masonry,0.0,0.0,0.0,0.0,0.022109633311629295,9.367506770274758e-17,Fedha,3762.4,False,True,"generated for hackathon starter kit, not a real portfolio"
NBO-0437,-1.323597,36.803865,informal_iron_sheet,0.0,0.0,0.0,0.0,0.0,0.0,Lang'ata,1627.9,True,True,"generated for hackathon starter kit, not a real portfolio"
NBO-0438,-1.276598,36.716169,semi_permanent,0.0,0.0,0.0,0.0,0.0,0.0,Kawangware,3949.0,False,True,"generated for hackathon starter kit, not a real portfolio"
NBO-0439,-1.192567,36.872725,semi_permanent,0.0,0.0,0.0,0.0,0.0,0.0,Dandora,6901.0,False,True,"generated for hackathon starter kit, not a real portfolio"
NBO-0440,-1.18851,36.783672,semi_permanent,0.0,0.0,0.0,0.0,0.0,0.0,Kitisuru,5936.3,False,True,"generated for hackathon starter kit, not a real portfolio"
NBO-0441,-1.185484,36.849843,informal_iron_sheet,0.0,0.0,0.0,0.0,0.0,0.0,Mathare,8452.0,False,True,"generated for hackathon starter kit, not a real portfolio"
NBO-0442,-1.33239,36.866631,informal_iron_sheet,0.0,0.0,0.0,0.0,0.0,0.0,Fedha,4000.5,False,True,"generated for hackathon starter kit, not a real portfolio"
NBO-0443,-1.218721,36.942704,informal_iron_sheet,0.0,0.07594306021928787,0.19615721702575684,0.27238333225250244,0.3351253569126129,6.938893903907228e-17,Mwiki,1880.5,True,True,"generated for hackathon starter kit, not a real portfolio"
NBO-0444,-1.290744,36.843866,concrete_rcc,0.0,0.0,0.0,0.03388744592666626,0.11719484627246857,6.938893903907228e-17,Kiambiu,2367.9,False,True,"generated for hackathon starter kit, not a real portfolio"
NBO-0445,-1.259144,36.860661,permanent_masonry,0.0,0.0,0.012634522281587124,0.10626356303691864,0.1833299994468689,4.163336342344337e-17,Mathare,1181.6,True,True,"generated for hackathon starter kit, not a real portfolio"
NBO-0446,-1.29806,36.939987,informal_iron_sheet,0.0,0.0,0.0,0.07999102026224136,0.15932293236255646,6.938893903907228e-17,Kayole,4168.9,False,True,"generated for hackathon starter kit, not a real portfolio"
NBO-0447,-1.232566,36.780822,informal_iron_sheet,0.0,0.0,0.0,0.0,0.0,0.0,Kitisuru,1392.7,True,True,"generated for hackathon starter kit, not a real portfolio"
NBO-0448,-1.294373,36.783096,semi_permanent,0.0,0.0,0.0,0.0,0.0,0.0,Kibera,1996.8,True,True,"generated for hackathon starter kit, not a real portfolio"
NBO-0449,-1.200878,36.877885,permanent_masonry,0.0,0.0,0.12664833664894104,0.20946577191352844,0.2776331305503845,5.551115123125783e-17,Dandora,5813.4,False,True,"generated for hackathon starter kit, not a real portfolio"
NBO-0450,-1.313857,36.861033,semi_permanent,0.0,0.0,0.06809632480144501,0.15646608173847198,0.22920358180999756,8.326672684688674e-17,Donholm,3478.3,False,True,"generated for hackathon starter kit, not a real portfolio"
NBO-0451,-1.286896,36.782238,informal_iron_sheet,0.0,0.0,0.029651159420609474,0.1216665580868721,0.19740480184555054,7.28583859910259e-17,Kileleshwa,1293.5,True,True,"generated for hackathon starter kit, not a real portfolio"
NBO-0452,-1.222582,36.9336,concrete_rcc,0.3768260180950165,0.4579657018184662,0.5284810662269592,0.5731938481330872,0.6099970936775208,0.0,Mwiki,1132.0,True,True,"generated for hackathon starter kit, not a real portfolio"
NBO-0453,-1.329951,36.944419,informal_iron_sheet,0.1172635555267334,0.2321992665529251,0.3320854604244232,0.3954218924045563,0.447554349899292,0.0,Fedha,5346.4,False,True,"generated for hackathon starter kit, not a real portfolio"
NBO-0454,-1.339888,36.948654,permanent_masonry,0.0,0.0,0.0,0.006524860393255949,0.09219171851873398,8.326672684688674e-17,Fedha,6192.2,False,True,"generated for hackathon starter kit, not a real portfolio"
NBO-0455,-1.33227,36.874249,concrete_rcc,0.0,0.0,0.0,0.0,0.0,0.0,Fedha,3266.8,False,True,"generated for hackathon starter kit, not a real portfolio"
NBO-0456,-1.232817,36.907698,permanent_masonry,0.0,0.0,0.10038753598928452,0.18569521605968475,0.25591230392456055,5.551115123125783e-17,Dandora,1356.5,True,True,"generated for hackathon starter kit, not a real portfolio"
NBO-0457,-1.186498,36.925161,permanent_masonry,0.0,0.0,0.0,0.04289160296320915,0.12542258203029633,5.551115123125783e-17,Mwiki,5222.2,False,True,"generated for hackathon starter kit, not a real portfolio"
NBO-0458,-1.271154,36.849901,semi_permanent,0.0,0.0,0.0,0.0,0.0,0.0,Kiambiu,1945.4,True,True,"generated for hackathon starter kit, not a real portfolio"
NBO-0459,-1.276579,36.926282,semi_permanent,0.0,0.0,0.008976130746304989,0.10295208543539047,0.18030406534671783,8.847089727481716e-17,Kayole,1336.7,True,True,"generated for hackathon starter kit, not a real portfolio"
NBO-0460,-1.33452,36.837781,semi_permanent,0.0,0.0,0.0,0.0,0.0,0.0,Nairobi West,3302.4,False,True,"generated for hackathon starter kit, not a real portfolio"
NBO-0461,-1.332897,36.781192,informal_iron_sheet,0.0,0.0,0.0,0.0,0.0,0.0,Lang'ata,1832.0,True,True,"generated for hackathon starter kit, not a real portfolio"
NBO-0462,-1.315129,36.829882,informal_iron_sheet,0.0,0.0,0.0,0.0,0.0019488359102979302,3.0140820395097023e-17,Nairobi West,1039.0,True,True,"generated for hackathon starter kit, not a real portfolio"
NBO-0463,-1.263233,36.740277,permanent_masonry,0.0,0.0,0.0,0.0,0.0,0.0,Kangemi,1437.8,True,True,"generated for hackathon starter kit, not a real portfolio"
NBO-0464,-1.29875,36.943049,informal_iron_sheet,0.0,0.0,0.0,0.0,0.08119292557239532,2.7755575615628914e-17,Kayole,4426.8,False,True,"generated for hackathon starter kit, not a real portfolio"
NBO-0465,-1.291747,36.740285,semi_permanent,0.0,0.0,0.0,0.0,0.08436507731676102,1.3877787807814457e-17,Kawangware,1943.2,True,True,"generated for hackathon starter kit, not a real portfolio"
NBO-0466,-1.248392,36.783232,concrete_rcc,0.0,0.09936808794736862,0.2165347933769226,0.29082855582237244,0.351980060338974,5.551115123125783e-17,Westlands,378.0,True,True,"generated for hackathon starter kit, not a real portfolio"
NBO-0467,-1.198678,36.731266,concrete_rcc,0.0,0.0,0.0,0.0,0.0,0.0,Kitisuru,6406.4,False,True,"generated for hackathon starter kit, not a real portfolio"
NBO-0468,-1.333948,36.907328,concrete_rcc,0.0,0.0,0.11739768087863922,0.20109233260154724,0.2699817419052124,2.7755575615628914e-17,Fedha,2257.2,False,True,"generated for hackathon starter kit, not a real portfolio"
NBO-0469,-1.32826,36.885924,semi_permanent,0.0,0.0,0.0,0.0,0.0,0.0,Fedha,1978.1,True,True,"generated for hackathon starter kit, not a real portfolio"
NBO-0470,-1.317417,36.911355,semi_permanent,0.0,0.0,0.0,0.0,0.0,0.0,Fedha,1442.7,True,True,"generated for hackathon starter kit, not a real portfolio"
NBO-0471,-1.210378,36.930778,semi_permanent,0.0,0.0,0.0,0.06328420341014862,0.14405673742294312,2.7755575615628914e-17,Mwiki,2503.8,False,True,"generated for hackathon starter kit, not a real portfolio"
NBO-0472,-1.280935,36.89564,semi_permanent,0.0,0.0,0.0,0.0,0.0,0.0,Komarock,1629.7,True,True,"generated for hackathon starter kit, not a real portfolio"
NBO-0473,-1.204539,36.850227,semi_permanent,0.0,0.0,0.0,0.002807629993185401,0.0887950211763382,8.673617379884035e-19,Mathare,6431.1,False,True,"generated for hackathon starter kit, not a real portfolio"
NBO-0474,-1.265397,36.874234,informal_iron_sheet,0.0,0.0,0.0,0.03707599639892578,0.12010844796895981,8.326672684688674e-17,Mathare,843.6,True,True,"generated for hackathon starter kit, not a real portfolio"
NBO-0475,-1.321852,36.912497,informal_iron_sheet,0.0,0.0,0.0,0.0,0.04751408472657204,3.469446951953614e-17,Fedha,1701.6,True,True,"generated for hackathon starter kit, not a real portfolio"
NBO-0476,-1.239714,36.739798,informal_iron_sheet,0.0,0.0,0.0,0.0,0.0,0.0,Kangemi,3439.2,False,True,"generated for hackathon starter kit, not a real portfolio"
NBO-0477,-1.319008,36.757525,permanent_masonry,0.0,0.0,0.0,0.0,0.0,0.0,Kibera,3601.5,False,True,"generated for hackathon starter kit, not a real portfolio"
NBO-0478,-1.2108,36.844853,permanent_masonry,0.0,0.0,0.0,0.0,0.0,0.0,Mathare,6054.2,False,True,"generated for hackathon starter kit, not a real portfolio"
NBO-0479,-1.319025,36.818722,informal_iron_sheet,0.0,0.0,0.0,0.0,0.0,0.0,Nairobi West,1246.7,True,True,"generated for hackathon starter kit, not a real portfolio"
NBO-0480,-1.313874,36.93348,semi_permanent,0.0,0.0,0.0,0.0,0.0,0.0,Fedha,3894.2,False,True,"generated for hackathon starter kit, not a real portfolio"
NBO-0481,-1.206344,36.782704,informal_iron_sheet,0.0,0.0,0.0,0.0,0.0,0.0,Kitisuru,4000.8,False,True,"generated for hackathon starter kit, not a real portfolio"
NBO-0482,-1.211464,36.717203,permanent_masonry,0.0,0.0,0.0,0.0,0.0,0.0,Kitisuru,6793.0,False,True,"generated for hackathon starter kit, not a real portfolio"
NBO-0483,-1.24542,36.771289,semi_permanent,0.0,0.0,0.0,0.0,0.0,0.0,Kitisuru,561.3,True,True,"generated for hackathon starter kit, not a real portfolio"
NBO-0484,-1.271068,36.744576,concrete_rcc,0.0,0.0,0.0,0.0,0.0,0.0,Kangemi,923.3,True,True,"generated for hackathon starter kit, not a real portfolio"
NBO-0485,-1.233919,36.806192,informal_iron_sheet,0.0,0.0,0.0,0.0,0.0,0.0,Westlands,2639.5,False,True,"generated for hackathon starter kit, not a real portfolio"
NBO-0486,-1.309357,36.726474,informal_iron_sheet,0.0,0.0,0.0,0.0713978111743927,0.15147070586681366,5.551115123125783e-17,Kawangware,4430.5,False,True,"generated for hackathon starter kit, not a real portfolio"
NBO-0487,-1.344056,36.855521,permanent_masonry,0.0,0.0,0.10444319248199463,0.18936628103256226,0.25926682353019714,5.551115123125783e-17,Nairobi West,5333.4,False,True,"generated for hackathon starter kit, not a real portfolio"
NBO-0488,-1.289708,36.796945,semi_permanent,0.0,0.0,0.0,0.0,0.0,0.0,Kileleshwa,1758.4,True,True,"generated for hackathon starter kit, not a real portfolio"
NBO-0489,-1.244082,36.757179,permanent_masonry,0.0,0.0,0.0,0.0,0.0,0.0,Kitisuru,1593.9,True,True,"generated for hackathon starter kit, not a real portfolio"
NBO-0490,-1.317731,36.92187,permanent_masonry,0.0,0.0,0.0,0.0,0.0,0.0,Fedha,2608.6,False,True,"generated for hackathon starter kit, not a real portfolio"
NBO-0491,-1.22655,36.947095,permanent_masonry,0.490456223487854,0.5568007826805115,0.6144583225250244,0.6510181427001953,0.6811106204986572,0.0,Mwiki,1685.0,True,True,"generated for hackathon starter kit, not a real portfolio"
NBO-0492,-1.20285,36.871324,permanent_masonry,0.49745169281959534,0.5628854632377625,0.6197513937950134,0.6558092832565308,0.6854886412620544,5.551115123125783e-17,Dandora,6066.3,False,True,"generated for hackathon starter kit, not a real portfolio"
NBO-0493,-1.28459,36.726722,concrete_rcc,0.0,0.0,0.0,0.0,0.0,0.0,Kawangware,2852.9,False,True,"generated for hackathon starter kit, not a real portfolio"
NBO-0494,-1.291975,36.831562,informal_iron_sheet,0.0,0.0,0.0,0.0,0.0,0.0,Nairobi West,2084.5,False,True,"generated for hackathon starter kit, not a real portfolio"
NBO-0495,-1.328919,36.874954,semi_permanent,0.0,0.0,0.0,0.0,0.0,0.0,Fedha,3003.2,False,True,"generated for hackathon starter kit, not a real portfolio"
NBO-0496,-1.212958,36.816976,informal_iron_sheet,0.0,0.0,0.0,0.0,0.0,0.0,Westlands,5072.9,False,True,"generated for hackathon starter kit, not a real portfolio"
NBO-0497,-1.285034,36.742151,informal_iron_sheet,0.0,0.0,0.0,0.0,0.0,0.0,Kawangware,1283.5,True,True,"generated for hackathon starter kit, not a real portfolio"
NBO-0498,-1.185994,36.786739,informal_iron_sheet,0.0,0.0,0.0,0.0,0.0,0.0,Kitisuru,6294.4,False,True,"generated for hackathon starter kit, not a real portfolio"
NBO-0499,-1.269108,36.923782,informal_iron_sheet,0.0,0.04303622990846634,0.16753137111663818,0.24647198617458344,0.311448335647583,8.326672684688674e-17,Kayole,557.0,True,True,"generated for hackathon starter kit, not a real portfolio"
NBO-0500,-1.25312,36.710253,informal_iron_sheet,0.0,0.0,0.0,0.0,0.0,0.0,Kangemi,4958.4,False,True,"generated for hackathon starter kit, not a real portfolio"
NBO-0501,-1.295026,36.712918,concrete_rcc,0.0,0.0,0.0,0.0,0.0,0.0,Kawangware,4682.4,False,True,"generated for hackathon starter kit, not a real portfolio"
NBO-0502,-1.261483,36.874398,permanent_masonry,0.0,0.0,0.0,0.0,0.051689475774765015,1.3877787807814457e-17,Mathare,487.5,True,True,"generated for hackathon starter kit, not a real portfolio"
NBO-0503,-1.225395,36.907248,semi_permanent,0.0,0.051077038049697876,0.1745261251926422,0.2528034448623657,0.3172338306903839,7.632783294297951e-17,Dandora,2173.7,False,True,"generated for hackathon starter kit, not a real portfolio"
NBO-0504,-1.305311,36.854259,concrete_rcc,0.0,0.0,0.0,0.0,0.0,0.0,Kiambiu,2756.0,False,True,"generated for hackathon starter kit, not a real portfolio"
NBO-0505,-1.244107,36.925259,permanent_masonry,0.0,0.0,0.10316144675016403,0.18820607662200928,0.25820666551589966,8.326672684688674e-17,Mwiki,1544.5,True,True,"generated for hackathon starter kit, not a real portfolio"
NBO-0506,-1.182312,36.828437,informal_iron_sheet,0.0,0.0,0.0,0.0,0.0,0.0,Westlands,8553.6,False,True,"generated for hackathon starter kit, not a real portfolio"
NBO-0507,-1.286124,36.862558,semi_permanent,0.0,0.0,0.0,0.027595965191721916,0.11144587397575378,8.326672684688674e-17,Kiambiu,438.3,True,True,"generated for hackathon starter kit, not a real portfolio"
NBO-0508,-1.319233,36.80786,semi_permanent,0.0,0.0,0.0,0.05376891791820526,0.1353619396686554,6.245004513516506e-17,Madaraka,1555.9,True,True,"generated for hackathon starter kit, not a real portfolio"
NBO-0509,-1.193795,36.897925,permanent_masonry,0.0,0.10780851542949677,0.2238771766424179,0.2974746823310852,0.3580530881881714,6.938893903907228e-17,Dandora,5755.4,False,True,"generated for hackathon starter kit, not a real portfolio"
NBO-0510,-1.336823,36.70879,informal_iron_sheet,0.0,0.0,0.0,0.0,0.0,0.0,Kawangware,8050.2,False,True,"generated for hackathon starter kit, not a real portfolio"
NBO-0511,-1.184776,36.797872,informal_iron_sheet,0.0,0.0,0.0,0.0,0.0,0.0,Kitisuru,6865.2,False,True,"generated for hackathon starter kit, not a real portfolio"
NBO-0512,-1.188377,36.790529,informal_iron_sheet,0.0,0.0,0.0,0.0,0.0,0.0,Kitisuru,6175.3,False,True,"generated for hackathon starter kit, not a real portfolio"
NBO-0513,-1.290784,36.727271,concrete_rcc,0.0,0.0,0.0,0.0,0.0,0.0,Kawangware,3036.1,False,True,"generated for hackathon starter kit, not a real portfolio"
NBO-0514,-1.265043,36.819492,semi_permanent,0.0,0.0,0.08942195028066635,0.17576946318149567,0.24684244394302368,8.326672684688674e-17,Parklands,1009.6,True,True,"generated for hackathon starter kit, not a real portfolio"
NBO-0515,-1.325057,36.886173,informal_iron_sheet,0.0,0.0,0.0,0.0,0.0,0.0,Fedha,1722.2,True,True,"generated for hackathon starter kit, not a real portfolio"
NBO-0516,-1.249747,36.737112,permanent_masonry,0.0,0.0,0.0,0.0,0.0,0.0,Kangemi,2640.5,False,True,"generated for hackathon starter kit, not a real portfolio"
NBO-0517,-1.34537,36.948643,semi_permanent,0.0,0.0,0.0,0.0,0.052532874047756195,9.71445146547012e-17,Fedha,6479.5,False,True,"generated for hackathon starter kit, not a real portfolio"
NBO-0518,-1.207065,36.750001,permanent_masonry,0.0,0.0,0.0,0.0,0.0,0.0,Kitisuru,4380.3,False,True,"generated for hackathon starter kit, not a real portfolio"
NBO-0519,-1.331527,36.92513,permanent_masonry,0.0,0.0,0.0,0.0,0.0,0.0,Fedha,3446.1,False,True,"generated for hackathon starter kit, not a real portfolio"
NBO-0520,-1.193567,36.704825,informal_iron_sheet,0.0,0.0,0.0,0.0,0.0,0.0,Kitisuru,9014.7,False,True,"generated for hackathon starter kit, not a real portfolio"
NBO-0521,-1.311918,36.827583,informal_iron_sheet,0.0,0.0,0.026632163673639297,0.11893384903669357,0.19490773975849152,9.71445146547012e-17,Nairobi West,613.6,True,True,"generated for hackathon starter kit, not a real portfolio"
NBO-0522,-1.288577,36.715379,informal_iron_sheet,0.0,0.0,0.0,0.0,0.07736634463071823,2.7755575615628914e-17,Kawangware,4185.3,False,True,"generated for hackathon starter kit, not a real portfolio"
NBO-0523,-1.345307,36.773551,informal_iron_sheet,0.0,0.0,0.0,0.0,0.0,0.0,Lang'ata,3452.4,False,True,"generated for hackathon starter kit, not a real portfolio"
NBO-0524,-1.285827,36.901408,informal_iron_sheet,0.0,0.0,0.0,0.0,0.0,0.0,Komarock,1624.8,True,True,"generated for hackathon starter kit, not a real portfolio"
NBO-0525,-1.339053,36.852392,informal_iron_sheet,0.0,0.0,0.0,0.0,0.030429307371377945,4.5102810375396984e-17,Nairobi West,4689.9,False,True,"generated for hackathon starter kit, not a real portfolio"
NBO-0526,-1.192388,36.92264,semi_permanent,0.0,0.0,0.03889010474085808,0.13002941012382507,0.20504653453826904,8.326672684688674e-17,Mwiki,4641.8,False,True,"generated for hackathon starter kit, not a real portfolio"
NBO-0527,-1.210956,36.822111,informal_iron_sheet,0.0,0.0,0.0,0.0,0.0,0.0,Westlands,5629.7,False,True,"generated for hackathon starter kit, not a real portfolio"
NBO-0528,-1.183892,36.727219,informal_iron_sheet,0.0,0.0,0.0,0.0,0.0,0.0,Kitisuru,7948.1,False,True,"generated for hackathon starter kit, not a real portfolio"
NBO-0529,-1.27367,36.719198,semi_permanent,0.0,0.0,0.0,0.0,0.0023091877810657024,2.6020852139652106e-18,Kawangware,3646.0,False,True,"generated for hackathon starter kit, not a real portfolio"
NBO-0530,-1.243356,36.83222,informal_iron_sheet,0.0,0.0,0.0,0.0,0.0,0.0,Parklands,3250.0,False,True,"generated for hackathon starter kit, not a real portfolio"
NBO-0531,-1.262821,36.929629,permanent_masonry,0.0,0.0,0.08006508648395538,0.16729988157749176,0.23910319805145264,8.326672684688674e-17,Kayole,1222.0,True,True,"generated for hackathon starter kit, not a real portfolio"
NBO-0532,-1.184216,36.946388,informal_iron_sheet,0.0,0.0,0.0,0.06703545898199081,0.14748452603816986,5.551115123125783e-17,Mwiki,5591.2,False,True,"generated for hackathon starter kit, not a real portfolio"
NBO-0533,-1.256164,36.887888,concrete_rcc,0.0,0.10819689184427261,0.22421503067016602,0.29778048396110535,0.3583325147628784,5.551115123125783e-17,Kariobangi,739.8,True,True,"generated for hackathon starter kit, not a real portfolio"
NBO-0534,-1.214277,36.717458,concrete_rcc,0.0,0.0,0.0,0.0,0.0,0.0,Kitisuru,6625.2,False,True,"generated for hackathon starter kit, not a real portfolio"
NBO-0535,-1.295993,36.743629,semi_permanent,0.0,0.0,0.0,0.0,0.0,0.0,Kawangware,2143.2,False,True,"generated for hackathon starter kit, not a real portfolio"
NBO-0536,-1.225209,36.858199,informal_iron_sheet,0.0,0.0,0.0,0.0,0.0,0.0,Mathare,3967.8,False,True,"generated for hackathon starter kit, not a real portfolio"
NBO-0537,-1.22413,36.847103,informal_iron_sheet,0.0,0.0,0.0,0.0,0.0,0.0,Mathare,4663.6,False,True,"generated for hackathon starter kit, not a real portfolio"
NBO-0538,-1.27839,36.927619,semi_permanent,0.0,0.0,0.0,0.04980992153286934,0.13174432516098022,4.163336342344337e-17,Kayole,1587.0,True,True,"generated for hackathon starter kit, not a real portfolio"
NBO-0539,-1.312574,36.820574,informal_iron_sheet,0.0,0.0,0.0,0.0,0.05769236013293266,6.245004513516506e-17,Nairobi West,513.9,True,True,"generated for hackathon starter kit, not a real portfolio"
NBO-0540,-1.324529,36.76911,semi_permanent,0.0,0.0,0.0,0.0,0.0,0.0,Lang'ata,2400.9,False,True,"generated for hackathon starter kit, not a real portfolio"
NBO-0541,-1.212603,36.730007,informal_iron_sheet,0.0,0.0,0.0,0.0,0.0,0.0,Kitisuru,5507.9,False,True,"generated for hackathon starter kit, not a real portfolio"
NBO-0542,-1.189111,36.888,permanent_masonry,0.0,0.0,0.031770575791597366,0.12358500063419342,0.19915781915187836,6.938893903907228e-17,Dandora,6521.8,False,True,"generated for hackathon starter kit, not a real portfolio"
NBO-0543,-1.315547,36.926666,informal_iron_sheet,0.0,0.0,0.0,0.0004177602822892368,0.08661123365163803,3.6808663755882876e-17,Fedha,3131.7,False,True,"generated for hackathon starter kit, not a real portfolio"
NBO-0544,-1.257331,36.882131,permanent_masonry,0.0,0.0,0.0,0.0,0.07160064578056335,5.551115123125783e-17,Kariobangi,197.5,True,True,"generated for hackathon starter kit, not a real portfolio"
NBO-0545,-1.242225,36.740313,permanent_masonry,0.0,0.0,0.0,0.0,0.0,0.0,Kangemi,3161.3,False,True,"generated for hackathon starter kit, not a real portfolio"
NBO-0546,-1.330179,36.854297,informal_iron_sheet,0.0,0.0,0.0,0.0,0.0,0.0,Nairobi West,4211.0,False,True,"generated for hackathon starter kit, not a real portfolio"
NBO-0547,-1.200929,36.924815,informal_iron_sheet,0.15268704295158386,0.2630104720592499,0.35888832807540894,0.4196830987930298,0.46972352266311646,5.551115123125783e-17,Mwiki,3661.8,False,True,"generated for hackathon starter kit, not a real portfolio"
NBO-0548,-1.316532,36.819529,informal_iron_sheet,0.0,0.0,0.0,0.0,0.0,0.0,Nairobi West,956.8,True,True,"generated for hackathon starter kit, not a real portfolio"
NBO-0549,-1.237462,36.709771,semi_permanent,0.0,0.0,0.0,0.0,0.0,0.0,Kangemi,5821.1,False,True,"generated for hackathon starter kit, not a real portfolio"
NBO-0550,-1.259167,36.767873,permanent_masonry,0.0,0.0,0.0,0.0,0.0,0.0,Lavington,1899.4,True,True,"generated for hackathon starter kit, not a real portfolio"
NBO-0551,-1.229688,36.86457,permanent_masonry,0.0,0.0,0.0,0.0,0.04081229493021965,4.85722573273506e-17,Mathare,3279.9,False,True,"generated for hackathon starter kit, not a real portfolio"
NBO-0552,-1.250584,36.731432,informal_iron_sheet,0.0,0.0,0.0,0.0,0.0,0.0,Kangemi,3022.2,False,True,"generated for hackathon starter kit, not a real portfolio"
NBO-0553,-1.323114,36.787484,semi_permanent,0.0,0.0,0.0,0.0,0.0,0.0,Lang'ata,538.9,True,True,"generated for hackathon starter kit, not a real portfolio"
NBO-0554,-1.340246,36.945013,semi_permanent,0.0,0.0,0.0,0.013775212690234184,0.098816879093647,8.500145032286355e-17,Fedha,5848.8,False,True,"generated for hackathon starter kit, not a real portfolio"
NBO-0555,-1.234729,36.732582,permanent_masonry,0.0,0.0,0.0,0.0,0.0,0.0,Kangemi,4300.7,False,True,"generated for hackathon starter kit, not a real portfolio"
NBO-0556,-1.196393,36.809098,concrete_rcc,0.0,0.0,0.0,0.0,0.0,0.0,Westlands,6134.2,False,True,"generated for hackathon starter kit, not a real portfolio"
NBO-0557,-1.267599,36.862228,concrete_rcc,0.0,0.0,0.0,0.0,0.013598947785794735,3.469446951953614e-17,Mathare,1432.5,True,True,"generated for hackathon starter kit, not a real portfolio"
NBO-0558,-1.196781,36.753065,permanent_masonry,0.0,0.0,0.0,0.0,0.0,0.0,Kitisuru,5243.1,False,True,"generated for hackathon starter kit, not a real portfolio"
NBO-0559,-1.180076,36.902401,semi_permanent,0.0,0.0,0.05832955613732338,0.14762546122074127,0.2211252897977829,8.326672684688674e-17,Mwiki,6789.0,False,True,"generated for hackathon starter kit, not a real portfolio"
NBO-0560,-1.255496,36.743072,semi_permanent,0.0,0.0,0.0,0.0,0.0,0.0,Kangemi,1728.3,True,True,"generated for hackathon starter kit, not a real portfolio"
NBO-0561,-1.295388,36.849583,concrete_rcc,0.0,0.0,0.0,0.0,0.0475454106926918,0.0,Kiambiu,2118.6,False,True,"generated for hackathon starter kit, not a real portfolio"
NBO-0562,-1.315337,36.709384,informal_iron_sheet,0.0,0.0,0.0,0.0,0.0,0.0,Kawangware,6235.4,False,True,"generated for hackathon starter kit, not a real portfolio"
NBO-0563,-1.25133,36.949922,informal_iron_sheet,0.0,0.0,0.0759783610701561,0.16360068321228027,0.23572297394275665,8.326672684688674e-17,Mwiki,2773.6,False,True,"generated for hackathon starter kit, not a real portfolio"
NBO-0564,-1.19492,36.831777,permanent_masonry,0.0,0.0,0.0,0.0,0.0,0.0,Westlands,7664.4,False,True,"generated for hackathon starter kit, not a real portfolio"
NBO-0565,-1.343686,36.759716,informal_iron_sheet,0.0,0.0,0.0,0.0,0.0,0.0,Lang'ata,4344.8,False,True,"generated for hackathon starter kit, not a real portfolio"
NBO-0566,-1.263318,36.733818,semi_permanent,0.0,0.0,0.0,0.0,0.0,0.0,Kangemi,2119.4,False,True,"generated for hackathon starter kit, not a real portfolio"
NBO-0567,-1.182158,36.710157,informal_iron_sheet,0.0,0.0,0.0,0.0,0.0,0.0,Kitisuru,9365.2,False,True,"generated for hackathon starter kit, not a real portfolio"
NBO-0568,-1.215505,36.766714,informal_iron_sheet,0.0,0.0,0.0,0.0,0.0,0.0,Kitisuru,2807.1,False,True,"generated for hackathon starter kit, not a real portfolio"
NBO-0569,-1.227372,36.910585,permanent_masonry,0.08558376878499985,0.2046443223953247,0.30811524391174316,0.37372466921806335,0.4277280867099762,5.551115123125783e-17,Dandora,2013.2,False,True,"generated for hackathon starter kit, not a real portfolio"
NBO-0570,-1.301884,36.762107,permanent_masonry,0.0,0.0,0.0,0.0,0.0,0.0,Kawangware,2852.3,False,True,"generated for hackathon starter kit, not a real portfolio"
NBO-0571,-1.343186,36.934871,concrete_rcc,0.0,0.0,0.0,0.0,0.08518680185079575,4.163336342344337e-17,Fedha,5070.8,False,True,"generated for hackathon starter kit, not a real portfolio"
NBO-0572,-1.218469,36.948093,concrete_rcc,0.0,0.0,0.09029842913150787,0.1765628159046173,0.24756740033626556,6.938893903907228e-17,Mwiki,2289.2,False,True,"generated for hackathon starter kit, not a real portfolio"
NBO-0573,-1.209108,36.843527,informal_iron_sheet,0.0,0.0,0.0,0.0,0.046142324805259705,6.938893903907228e-18,Mathare,6290.4,False,True,"generated for hackathon starter kit, not a real portfolio"
NBO-0574,-1.328134,36.729186,semi_permanent,0.0,0.0,0.0,0.0,0.0,0.0,Kawangware,6061.2,False,True,"generated for hackathon starter kit, not a real portfolio"
NBO-0575,-1.330035,36.785141,permanent_masonry,0.0,0.0,0.0,0.0,0.0,0.0,Lang'ata,1344.0,True,True,"generated for hackathon starter kit, not a real portfolio"
NBO-0576,-1.32098,36.87598,semi_permanent,0.0,0.0,0.0,0.0,0.0,0.0,Fedha,2571.6,False,True,"generated for hackathon starter kit, not a real portfolio"
NBO-0577,-1.254205,36.793286,permanent_masonry,0.0,0.0,0.0,0.0,0.0,0.0,Westlands,1171.0,True,True,"generated for hackathon starter kit, not a real portfolio"
NBO-0578,-1.255227,36.862573,concrete_rcc,0.0,0.0,0.0,0.0,0.0,0.0,Mathare,1029.3,True,True,"generated for hackathon starter kit, not a real portfolio"
NBO-0579,-1.284944,36.872587,informal_iron_sheet,0.0,0.0,0.0,0.0,0.03940904513001442,2.0816681711721685e-17,Kiambiu,1062.4,True,True,"generated for hackathon starter kit, not a real portfolio"
NBO-0580,-1.184273,36.742328,informal_iron_sheet,0.0,0.0,0.0,0.0,0.0,0.0,Kitisuru,7007.3,False,True,"generated for hackathon starter kit, not a real portfolio"
NBO-0581,-1.223779,36.773558,informal_iron_sheet,0.0,0.0,0.0,0.0,0.0,0.0,Kitisuru,1867.1,True,True,"generated for hackathon starter kit, not a real portfolio"
NBO-0582,-1.260893,36.864061,informal_iron_sheet,0.0,0.0,0.0,0.015975264832377434,0.10082721710205078,8.326672684688674e-17,Mathare,847.0,True,True,"generated for hackathon starter kit, not a real portfolio"
NBO-0583,-1.318733,36.827757,informal_iron_sheet,0.0,0.0,0.0,0.0,0.0,0.0,Nairobi West,1229.8,True,True,"generated for hackathon starter kit, not a real portfolio"
NBO-0584,-1.337643,36.82649,informal_iron_sheet,0.0,0.0,0.0,0.0,0.0,0.0,Nairobi West,3240.1,False,True,"generated for hackathon starter kit, not a real portfolio"
NBO-0585,-1.267538,36.730176,permanent_masonry,0.0,0.0,0.0,0.0,0.0,0.0,Kangemi,2459.7,False,True,"generated for hackathon starter kit, not a real portfolio"
NBO-0586,-1.196646,36.92581,permanent_masonry,0.0,0.0,0.05769972875714302,0.14705537259578705,0.22060434520244598,8.326672684688674e-17,Mwiki,4100.1,False,True,"generated for hackathon starter kit, not a real portfolio"
NBO-0587,-1.230529,36.707301,semi_permanent,0.0,0.0,0.0,0.0,0.0,0.0,Kangemi,6510.6,False,True,"generated for hackathon starter kit, not a real portfolio"
NBO-0588,-1.194468,36.887787,permanent_masonry,0.031022701412439346,0.1571873128414154,0.2668320834636688,0.3363563120365143,0.39358195662498474,5.551115123125783e-17,Dandora,5966.0,False,True,"generated for hackathon starter kit, not a real portfolio"
NBO-0589,-1.303936,36.77295,concrete_rcc,0.0,0.0,0.0,0.0,0.0,0.0,Kibera,1964.7,True,True,"generated for hackathon starter kit, not a real portfolio"
NBO-0590,-1.284527,36.892554,permanent_masonry,0.0,0.0,0.0,0.0,0.0,0.0,Donholm,1689.9,True,True,"generated for hackathon starter kit, not a real portfolio"
NBO-0591,-1.268694,36.778328,semi_permanent,0.0,0.0,0.0,0.0,0.0,0.0,Lavington,641.6,True,True,"generated for hackathon starter kit, not a real portfolio"
NBO-0592,-1.311754,36.901046,permanent_masonry,0.0,0.0,0.0,0.0,0.002890832955017686,8.586881206085195e-17,Fedha,519.6,True,True,"generated for hackathon starter kit, not a real portfolio"
NBO-0593,-1.243736,36.854758,semi_permanent,0.0,0.0,0.0,0.0,0.0,0.0,Mathare,2456.0,False,True,"generated for hackathon starter kit, not a real portfolio"
NBO-0594,-1.325088,36.940654,informal_iron_sheet,0.0,0.0,0.0,0.052116431295871735,0.13385194540023804,3.469446951953614e-17,Fedha,4802.2,False,True,"generated for hackathon starter kit, not a real portfolio"
NBO-0595,-1.259297,36.878847,permanent_masonry,0.0,0.0,0.0,0.0857672467827797,0.16460107266902924,2.7755575615628914e-17,Kariobangi,341.6,True,True,"generated for hackathon starter kit, not a real portfolio"
NBO-0596,-1.268638,36.924316,informal_iron_sheet,0.03061671182513237,0.1568341851234436,0.26652491092681885,0.3360782563686371,0.39332789182662964,6.938893903907228e-17,Kayole,589.5,True,True,"generated for hackathon starter kit, not a real portfolio"
NBO-0597,-1.296252,36.788082,informal_iron_sheet,0.0,0.0,0.0,0.0,0.0,0.0,Kibera,1680.1,True,True,"generated for hackathon starter kit, not a real portfolio"
NBO-0598,-1.340629,36.87552,semi_permanent,0.0,0.0,0.0,0.0,0.0,0.0,Fedha,3771.7,False,True,"generated for hackathon starter kit, not a real portfolio"
NBO-0599,-1.298736,36.871765,concrete_rcc,0.0,0.0,0.0,0.0,0.0,0.0,Donholm,1882.1,True,True,"generated for hackathon starter kit, not a real portfolio"
