tier,return_period_years,dimension,id,property_count,tiv_kes,loss_kes,loss_share_pct
extreme,10.0,construction,concrete_rcc,84,54135085000.00,183893028.25,69.70428550024131
extreme,10.0,construction,permanent_masonry,156,8451170000.00,72774001.71,27.58484016747323
extreme,10.0,construction,semi_permanent,181,850710000.00,4414187.19,1.6731888482741757
extreme,10.0,construction,informal_iron_sheet,179,198110000.00,2737609.67,1.037685484011281
extreme,10.0,hotspot_area,no named hotspot within radius,383,36844755000.00,140843097.65,53.38629518889314
extreme,10.0,hotspot_area,Mwiki,15,2452310000.00,97607264.77,36.99783898917726
extreme,10.0,hotspot_area,Dandora,6,816040000.00,16046088.84,6.082237963611304
extreme,10.0,hotspot_area,Parklands,8,928505000.00,8156931.91,3.091868767790922
extreme,10.0,hotspot_area,Kariobangi,11,1537915000.00,529512.04,0.2007104824104456
extreme,10.0,hotspot_area,Kayole,7,54060000.00,245614.08,0.09309952703549058
extreme,10.0,hotspot_area,Kiambiu,15,1613180000.00,240850.31,0.09129382952048713
extreme,10.0,hotspot_area,Tassia,3,6710000.00,149467.22,0.056655251560943164
extreme,10.0,hotspot_area,Chiromo,6,88480000.00,0.00,0.0
extreme,10.0,hotspot_area,Donholm,10,1510130000.00,0.00,0.0
extreme,10.0,hotspot_area,Fedha,10,577360000.00,0.00,0.0
extreme,10.0,hotspot_area,Kangemi,9,840210000.00,0.00,0.0
extreme,10.0,hotspot_area,Kawangware,10,732180000.00,0.00,0.0
extreme,10.0,hotspot_area,Kibera,14,2486400000.00,0.00,0.0
extreme,10.0,hotspot_area,Kileleshwa,11,44150000.00,0.00,0.0
extreme,10.0,hotspot_area,Kitisuru,14,2824290000.00,0.00,0.0
extreme,10.0,hotspot_area,Komarock,8,1682885000.00,0.00,0.0
extreme,10.0,hotspot_area,Lang'ata,16,3581705000.00,0.00,0.0
extreme,10.0,hotspot_area,Lavington,7,164285000.00,0.00,0.0
extreme,10.0,hotspot_area,Madaraka,9,3004390000.00,0.00,0.0
extreme,10.0,hotspot_area,Mathare,10,652485000.00,0.00,0.0
extreme,10.0,hotspot_area,Nairobi West,11,529150000.00,0.00,0.0
extreme,10.0,hotspot_area,Westlands,7,663500000.00,0.00,0.0
extreme,10.0,geographic_grid,grid-34-27,2,752620000.00,107381855.95,40.70287827610771
extreme,10.0,geographic_grid,grid-37-25,2,384310000.00,72924567.56,27.64191185254396
extreme,10.0,geographic_grid,grid-36-27,3,46515000.00,13990850.51,5.303203974728372
extreme,10.0,geographic_grid,grid-33-23,1,58185000.00,13480423.28,5.10972755147513
extreme,10.0,geographic_grid,grid-38-24,3,47550000.00,13051327.11,4.947079504263258
extreme,10.0,geographic_grid,grid-30-27,4,75930000.00,10809745.08,4.097412307642222
extreme,10.0,geographic_grid,grid-24-21,3,299870000.00,8156931.91,3.091868767790922
extreme,10.0,geographic_grid,grid-37-23,1,24420000.00,7252785.83,2.749153999895723
extreme,10.0,geographic_grid,grid-36-23,2,168700000.00,3722820.94,1.411127850454748
extreme,10.0,geographic_grid,grid-34-24,3,129065000.00,2887527.89,1.0945116862225004
extreme,10.0,geographic_grid,grid-31-28,2,97260000.00,1891786.05,0.717077728228524
extreme,10.0,geographic_grid,grid-38-22,2,7345000.00,1669990.31,0.6330064954535681
extreme,10.0,geographic_grid,grid-34-22,1,46335000.00,1472190.01,0.5580306863408407
extreme,10.0,geographic_grid,grid-30-11,1,70840000.00,1075980.58,0.40784829231847314
extreme,10.0,geographic_grid,grid-32-27,1,2185000.00,706937.99,0.2679634348015406
extreme,10.0,geographic_grid,grid-35-23,1,3200000.00,704926.21,0.26720087360594685
extreme,10.0,geographic_grid,grid-38-23,1,3240000.00,507434.92,0.19234219411725909
extreme,10.0,geographic_grid,grid-32-21,3,489475000.00,390885.93,0.1481645319674991
extreme,10.0,geographic_grid,grid-32-23,1,1165000.00,388549.34,0.147278852189386
extreme,10.0,geographic_grid,grid-33-27,2,5735000.00,254374.35,0.09642008990266497
extreme,10.0,geographic_grid,grid-30-19,3,29140000.00,240850.31,0.09129382952048713
extreme,10.0,geographic_grid,grid-35-19,1,875000.00,219749.08,0.08329545038494611
extreme,10.0,geographic_grid,grid-33-17,1,4480000.00,149467.22,0.056655251560943164
extreme,10.0,geographic_grid,grid-35-25,1,5850000.00,148328.41,0.05622358790231542
extreme,10.0,geographic_grid,grid-38-13,1,935000.00,144726.68,0.05485835933109696
extreme,10.0,geographic_grid,grid-31-22,1,865000.00,138626.11,0.05254595044294648
extreme,10.0,geographic_grid,grid-32-28,2,31205000.00,29322.26,0.011114544156473784
extreme,10.0,geographic_grid,grid-36-20,2,33990000.00,25865.00,0.009804076650544481
extreme,10.0,geographic_grid,grid-11-12,1,1360000.00,0.00,0.0
extreme,10.0,geographic_grid,grid-11-15,2,54810000.00,0.00,0.0
extreme,10.0,geographic_grid,grid-11-17,1,5495000.00,0.00,0.0
extreme,10.0,geographic_grid,grid-11-18,1,695000.00,0.00,0.0
extreme,10.0,geographic_grid,grid-11-20,1,84745000.00,0.00,0.0
extreme,10.0,geographic_grid,grid-11-23,1,3125000.00,0.00,0.0
extreme,10.0,geographic_grid,grid-11-24,2,7120000.00,0.00,0.0
extreme,10.0,geographic_grid,grid-11-25,1,3775000.00,0.00,0.0
extreme,10.0,geographic_grid,grid-11-27,1,49505000.00,0.00,0.0
extreme,10.0,geographic_grid,grid-11-28,2,1130000.00,0.00,0.0
extreme,10.0,geographic_grid,grid-11-29,1,86580000.00,0.00,0.0
extreme,10.0,geographic_grid,grid-12-11,2,2925000.00,0.00,0.0
extreme,10.0,geographic_grid,grid-12-12,5,56695000.00,0.00,0.0
extreme,10.0,geographic_grid,grid-12-14,2,65155000.00,0.00,0.0
extreme,10.0,geographic_grid,grid-12-15,3,1939875000.00,0.00,0.0
extreme,10.0,geographic_grid,grid-12-16,3,58350000.00,0.00,0.0
extreme,10.0,geographic_grid,grid-12-17,2,477685000.00,0.00,0.0
extreme,10.0,geographic_grid,grid-12-19,3,442770000.00,0.00,0.0
extreme,10.0,geographic_grid,grid-12-20,2,130235000.00,0.00,0.0
extreme,10.0,geographic_grid,grid-12-21,1,1275000.00,0.00,0.0
extreme,10.0,geographic_grid,grid-12-23,1,5080000.00,0.00,0.0
extreme,10.0,geographic_grid,grid-12-24,1,1930000.00,0.00,0.0
extreme,10.0,geographic_grid,grid-12-26,1,1090000.00,0.00,0.0
extreme,10.0,geographic_grid,grid-12-27,1,697740000.00,0.00,0.0
extreme,10.0,geographic_grid,grid-12-28,1,850565000.00,0.00,0.0
extreme,10.0,geographic_grid,grid-12-29,2,39815000.00,0.00,0.0
extreme,10.0,geographic_grid,grid-13-11,3,315795000.00,0.00,0.0
extreme,10.0,geographic_grid,grid-13-12,2,107600000.00,0.00,0.0
extreme,10.0,geographic_grid,grid-13-14,3,47870000.00,0.00,0.0
extreme,10.0,geographic_grid,grid-13-15,1,25425000.00,0.00,0.0
extreme,10.0,geographic_grid,grid-13-16,2,67815000.00,0.00,0.0
extreme,10.0,geographic_grid,grid-13-18,2,431735000.00,0.00,0.0
extreme,10.0,geographic_grid,grid-13-19,3,8285000.00,0.00,0.0
extreme,10.0,geographic_grid,grid-13-20,2,399515000.00,0.00,0.0
extreme,10.0,geographic_grid,grid-13-21,1,68610000.00,0.00,0.0
extreme,10.0,geographic_grid,grid-13-24,1,6680000.00,0.00,0.0
extreme,10.0,geographic_grid,grid-13-25,1,925000.00,0.00,0.0
extreme,10.0,geographic_grid,grid-13-26,6,1211505000.00,0.00,0.0
extreme,10.0,geographic_grid,grid-13-29,3,124425000.00,0.00,0.0
extreme,10.0,geographic_grid,grid-14-13,1,6125000.00,0.00,0.0
extreme,10.0,geographic_grid,grid-14-15,3,351105000.00,0.00,0.0
extreme,10.0,geographic_grid,grid-14-16,2,55365000.00,0.00,0.0
extreme,10.0,geographic_grid,grid-14-17,2,452420000.00,0.00,0.0
extreme,10.0,geographic_grid,grid-14-18,1,935855000.00,0.00,0.0
extreme,10.0,geographic_grid,grid-14-20,4,185645000.00,0.00,0.0
extreme,10.0,geographic_grid,grid-14-22,1,1455000.00,0.00,0.0
extreme,10.0,geographic_grid,grid-14-23,1,28945000.00,0.00,0.0
extreme,10.0,geographic_grid,grid-14-24,1,1010000.00,0.00,0.0
extreme,10.0,geographic_grid,grid-14-25,1,106590000.00,0.00,0.0
extreme,10.0,geographic_grid,grid-14-26,2,5350000.00,0.00,0.0
extreme,10.0,geographic_grid,grid-14-27,1,1592010000.00,0.00,0.0
extreme,10.0,geographic_grid,grid-14-28,1,2720000.00,0.00,0.0
extreme,10.0,geographic_grid,grid-14-29,2,61575000.00,0.00,0.0
extreme,10.0,geographic_grid,grid-15-14,1,31350000.00,0.00,0.0
extreme,10.0,geographic_grid,grid-15-15,2,4170000.00,0.00,0.0
extreme,10.0,geographic_grid,grid-15-17,3,481735000.00,0.00,0.0
extreme,10.0,geographic_grid,grid-15-18,2,88985000.00,0.00,0.0
extreme,10.0,geographic_grid,grid-15-20,1,64740000.00,0.00,0.0
extreme,10.0,geographic_grid,grid-15-21,1,5635000.00,0.00,0.0
extreme,10.0,geographic_grid,grid-15-22,2,108260000.00,0.00,0.0
extreme,10.0,geographic_grid,grid-15-23,3,72275000.00,0.00,0.0
extreme,10.0,geographic_grid,grid-15-24,2,8580000.00,0.00,0.0
extreme,10.0,geographic_grid,grid-15-26,1,33235000.00,0.00,0.0
extreme,10.0,geographic_grid,grid-15-27,1,1010000.00,0.00,0.0
extreme,10.0,geographic_grid,grid-15-29,2,103360000.00,0.00,0.0
extreme,10.0,geographic_grid,grid-16-13,1,10010000.00,0.00,0.0
extreme,10.0,geographic_grid,grid-16-15,1,3695000.00,0.00,0.0
extreme,10.0,geographic_grid,grid-16-16,1,3595000.00,0.00,0.0
extreme,10.0,geographic_grid,grid-16-17,1,76960000.00,0.00,0.0
extreme,10.0,geographic_grid,grid-16-18,1,5565000.00,0.00,0.0
extreme,10.0,geographic_grid,grid-16-19,2,642830000.00,0.00,0.0
extreme,10.0,geographic_grid,grid-16-21,3,122235000.00,0.00,0.0
extreme,10.0,geographic_grid,grid-16-22,1,67745000.00,0.00,0.0
extreme,10.0,geographic_grid,grid-16-27,1,58300000.00,0.00,0.0
extreme,10.0,geographic_grid,grid-16-28,1,8060000.00,0.00,0.0
extreme,10.0,geographic_grid,grid-16-29,1,1110000.00,0.00,0.0
extreme,10.0,geographic_grid,grid-17-11,1,410000.00,0.00,0.0
extreme,10.0,geographic_grid,grid-17-12,2,48485000.00,0.00,0.0
extreme,10.0,geographic_grid,grid-17-14,3,81190000.00,0.00,0.0
extreme,10.0,geographic_grid,grid-17-17,2,148115000.00,0.00,0.0
extreme,10.0,geographic_grid,grid-17-18,1,755000.00,0.00,0.0
extreme,10.0,geographic_grid,grid-17-19,2,7340000.00,0.00,0.0
extreme,10.0,geographic_grid,grid-17-20,1,1240000.00,0.00,0.0
extreme,10.0,geographic_grid,grid-17-22,2,425365000.00,0.00,0.0
extreme,10.0,geographic_grid,grid-17-24,3,61900000.00,0.00,0.0
extreme,10.0,geographic_grid,grid-17-28,2,36955000.00,0.00,0.0
extreme,10.0,geographic_grid,grid-18-12,1,3650000.00,0.00,0.0
extreme,10.0,geographic_grid,grid-18-13,4,314405000.00,0.00,0.0
extreme,10.0,geographic_grid,grid-18-14,2,383085000.00,0.00,0.0
extreme,10.0,geographic_grid,grid-18-15,1,495000.00,0.00,0.0
extreme,10.0,geographic_grid,grid-18-16,1,59055000.00,0.00,0.0
extreme,10.0,geographic_grid,grid-18-18,1,49225000.00,0.00,0.0
extreme,10.0,geographic_grid,grid-18-20,1,1980000.00,0.00,0.0
extreme,10.0,geographic_grid,grid-18-21,2,35705000.00,0.00,0.0
extreme,10.0,geographic_grid,grid-18-22,1,52055000.00,0.00,0.0
extreme,10.0,geographic_grid,grid-18-23,1,3240000.00,0.00,0.0
extreme,10.0,geographic_grid,grid-18-24,1,1181605000.00,0.00,0.0
extreme,10.0,geographic_grid,grid-18-26,1,1325000.00,0.00,0.0
extreme,10.0,geographic_grid,grid-18-27,1,1185000.00,0.00,0.0
extreme,10.0,geographic_grid,grid-18-29,1,930000.00,0.00,0.0
extreme,10.0,geographic_grid,grid-19-11,1,1165000.00,0.00,0.0
extreme,10.0,geographic_grid,grid-19-12,1,1240000.00,0.00,0.0
extreme,10.0,geographic_grid,grid-19-13,2,54115000.00,0.00,0.0
extreme,10.0,geographic_grid,grid-19-15,4,1603060000.00,0.00,0.0
extreme,10.0,geographic_grid,grid-19-16,1,767380000.00,0.00,0.0
extreme,10.0,geographic_grid,grid-19-17,1,715000.00,0.00,0.0
extreme,10.0,geographic_grid,grid-19-19,1,32130000.00,0.00,0.0
extreme,10.0,geographic_grid,grid-19-20,2,17795000.00,0.00,0.0
extreme,10.0,geographic_grid,grid-19-22,1,5375000.00,0.00,0.0
extreme,10.0,geographic_grid,grid-19-23,1,823910000.00,0.00,0.0
extreme,10.0,geographic_grid,grid-19-24,1,1100000.00,0.00,0.0
extreme,10.0,geographic_grid,grid-19-25,2,268855000.00,0.00,0.0
extreme,10.0,geographic_grid,grid-19-26,4,1148365000.00,0.00,0.0
extreme,10.0,geographic_grid,grid-19-27,1,499980000.00,0.00,0.0
extreme,10.0,geographic_grid,grid-20-11,1,81015000.00,0.00,0.0
extreme,10.0,geographic_grid,grid-20-12,2,7845000.00,0.00,0.0
extreme,10.0,geographic_grid,grid-20-13,2,57920000.00,0.00,0.0
extreme,10.0,geographic_grid,grid-20-14,5,1014985000.00,0.00,0.0
extreme,10.0,geographic_grid,grid-20-16,1,2280000.00,0.00,0.0
extreme,10.0,geographic_grid,grid-20-17,2,4155000.00,0.00,0.0
extreme,10.0,geographic_grid,grid-20-18,3,2970000.00,0.00,0.0
extreme,10.0,geographic_grid,grid-20-19,2,13365000.00,0.00,0.0
extreme,10.0,geographic_grid,grid-20-20,1,28335000.00,0.00,0.0
extreme,10.0,geographic_grid,grid-20-22,2,530570000.00,0.00,0.0
extreme,10.0,geographic_grid,grid-20-24,1,885000.00,0.00,0.0
extreme,10.0,geographic_grid,grid-20-25,1,5185000.00,0.00,0.0
extreme,10.0,geographic_grid,grid-20-26,1,2160000.00,0.00,0.0
extreme,10.0,geographic_grid,grid-20-27,1,1170000.00,0.00,0.0
extreme,10.0,geographic_grid,grid-20-29,2,4040000.00,0.00,0.0
extreme,10.0,geographic_grid,grid-21-12,5,2926700000.00,0.00,0.0
extreme,10.0,geographic_grid,grid-21-14,2,5815000.00,0.00,0.0
extreme,10.0,geographic_grid,grid-21-15,3,47480000.00,0.00,0.0
extreme,10.0,geographic_grid,grid-21-17,3,6550000.00,0.00,0.0
extreme,10.0,geographic_grid,grid-21-19,2,1870000.00,0.00,0.0
extreme,10.0,geographic_grid,grid-21-20,2,22490000.00,0.00,0.0
extreme,10.0,geographic_grid,grid-21-21,2,84955000.00,0.00,0.0
extreme,10.0,geographic_grid,grid-21-22,1,3200000.00,0.00,0.0
extreme,10.0,geographic_grid,grid-21-23,1,925000.00,0.00,0.0
extreme,10.0,geographic_grid,grid-21-24,1,38180000.00,0.00,0.0
extreme,10.0,geographic_grid,grid-21-25,3,7480000.00,0.00,0.0
extreme,10.0,geographic_grid,grid-21-26,2,35840000.00,0.00,0.0
extreme,10.0,geographic_grid,grid-21-29,5,10035000.00,0.00,0.0
extreme,10.0,geographic_grid,grid-22-13,2,94765000.00,0.00,0.0
extreme,10.0,geographic_grid,grid-22-14,2,1510000.00,0.00,0.0
extreme,10.0,geographic_grid,grid-22-15,2,61240000.00,0.00,0.0
extreme,10.0,geographic_grid,grid-22-17,2,7955000.00,0.00,0.0
extreme,10.0,geographic_grid,grid-22-20,1,1500000.00,0.00,0.0
extreme,10.0,geographic_grid,grid-22-23,1,43850000.00,0.00,0.0
extreme,10.0,geographic_grid,grid-22-24,2,32325000.00,0.00,0.0
extreme,10.0,geographic_grid,grid-23-13,1,393455000.00,0.00,0.0
extreme,10.0,geographic_grid,grid-23-14,2,399670000.00,0.00,0.0
extreme,10.0,geographic_grid,grid-23-15,3,1164335000.00,0.00,0.0
extreme,10.0,geographic_grid,grid-23-19,1,4795000.00,0.00,0.0
extreme,10.0,geographic_grid,grid-23-20,2,108930000.00,0.00,0.0
extreme,10.0,geographic_grid,grid-23-21,1,5850000.00,0.00,0.0
extreme,10.0,geographic_grid,grid-23-22,1,2150000.00,0.00,0.0
extreme,10.0,geographic_grid,grid-23-23,2,7870000.00,0.00,0.0
extreme,10.0,geographic_grid,grid-23-24,2,58825000.00,0.00,0.0
extreme,10.0,geographic_grid,grid-23-27,1,1196260000.00,0.00,0.0
extreme,10.0,geographic_grid,grid-23-28,1,521240000.00,0.00,0.0
extreme,10.0,geographic_grid,grid-24-11,3,90035000.00,0.00,0.0
extreme,10.0,geographic_grid,grid-24-12,1,5435000.00,0.00,0.0
extreme,10.0,geographic_grid,grid-24-14,3,36705000.00,0.00,0.0
extreme,10.0,geographic_grid,grid-24-15,2,38330000.00,0.00,0.0
extreme,10.0,geographic_grid,grid-24-17,2,1398025000.00,0.00,0.0
extreme,10.0,geographic_grid,grid-24-18,1,1080000.00,0.00,0.0
extreme,10.0,geographic_grid,grid-24-19,2,6295000.00,0.00,0.0
extreme,10.0,geographic_grid,grid-24-20,1,4725000.00,0.00,0.0
extreme,10.0,geographic_grid,grid-24-22,1,4115000.00,0.00,0.0
extreme,10.0,geographic_grid,grid-24-23,1,35135000.00,0.00,0.0
extreme,10.0,geographic_grid,grid-24-25,1,3535000.00,0.00,0.0
extreme,10.0,geographic_grid,grid-24-26,4,469920000.00,0.00,0.0
extreme,10.0,geographic_grid,grid-24-27,1,534130000.00,0.00,0.0
extreme,10.0,geographic_grid,grid-24-28,1,37675000.00,0.00,0.0
extreme,10.0,geographic_grid,grid-25-12,1,1585000.00,0.00,0.0
extreme,10.0,geographic_grid,grid-25-14,2,1725000.00,0.00,0.0
extreme,10.0,geographic_grid,grid-25-15,2,441215000.00,0.00,0.0
extreme,10.0,geographic_grid,grid-25-17,2,44110000.00,0.00,0.0
extreme,10.0,geographic_grid,grid-25-18,2,10045000.00,0.00,0.0
extreme,10.0,geographic_grid,grid-25-20,2,582015000.00,0.00,0.0
extreme,10.0,geographic_grid,grid-25-21,1,31480000.00,0.00,0.0
extreme,10.0,geographic_grid,grid-25-22,2,5670000.00,0.00,0.0
extreme,10.0,geographic_grid,grid-25-24,2,42850000.00,0.00,0.0
extreme,10.0,geographic_grid,grid-25-25,2,6115000.00,0.00,0.0
extreme,10.0,geographic_grid,grid-25-27,1,590000.00,0.00,0.0
extreme,10.0,geographic_grid,grid-25-28,2,80495000.00,0.00,0.0
extreme,10.0,geographic_grid,grid-25-29,3,33205000.00,0.00,0.0
extreme,10.0,geographic_grid,grid-26-12,1,3150000.00,0.00,0.0
extreme,10.0,geographic_grid,grid-26-14,2,6975000.00,0.00,0.0
extreme,10.0,geographic_grid,grid-26-17,1,716255000.00,0.00,0.0
extreme,10.0,geographic_grid,grid-26-19,2,10605000.00,0.00,0.0
extreme,10.0,geographic_grid,grid-26-20,1,5600000.00,0.00,0.0
extreme,10.0,geographic_grid,grid-26-21,1,6610000.00,0.00,0.0
extreme,10.0,geographic_grid,grid-26-22,1,1090000.00,0.00,0.0
extreme,10.0,geographic_grid,grid-26-24,2,92325000.00,0.00,0.0
extreme,10.0,geographic_grid,grid-26-26,4,24100000.00,0.00,0.0
extreme,10.0,geographic_grid,grid-26-27,1,730000.00,0.00,0.0
extreme,10.0,geographic_grid,grid-27-12,1,67680000.00,0.00,0.0
extreme,10.0,geographic_grid,grid-27-13,2,1164280000.00,0.00,0.0
extreme,10.0,geographic_grid,grid-27-14,1,78030000.00,0.00,0.0
extreme,10.0,geographic_grid,grid-27-17,3,1024650000.00,0.00,0.0
extreme,10.0,geographic_grid,grid-27-18,1,7865000.00,0.00,0.0
extreme,10.0,geographic_grid,grid-27-19,2,495760000.00,0.00,0.0
extreme,10.0,geographic_grid,grid-27-20,1,1045000.00,0.00,0.0
extreme,10.0,geographic_grid,grid-27-21,2,548640000.00,0.00,0.0
extreme,10.0,geographic_grid,grid-27-22,1,795000.00,0.00,0.0
extreme,10.0,geographic_grid,grid-27-24,1,36035000.00,0.00,0.0
extreme,10.0,geographic_grid,grid-27-25,1,1275000.00,0.00,0.0
extreme,10.0,geographic_grid,grid-27-26,2,101905000.00,0.00,0.0
extreme,10.0,geographic_grid,grid-27-27,1,5015000.00,0.00,0.0
extreme,10.0,geographic_grid,grid-27-28,2,13285000.00,0.00,0.0
extreme,10.0,geographic_grid,grid-27-29,1,740000.00,0.00,0.0
extreme,10.0,geographic_grid,grid-28-11,1,116700000.00,0.00,0.0
extreme,10.0,geographic_grid,grid-28-12,2,84560000.00,0.00,0.0
extreme,10.0,geographic_grid,grid-28-13,2,2260000.00,0.00,0.0
extreme,10.0,geographic_grid,grid-28-14,1,2400000.00,0.00,0.0
extreme,10.0,geographic_grid,grid-28-15,1,6100000.00,0.00,0.0
extreme,10.0,geographic_grid,grid-28-16,2,872065000.00,0.00,0.0
extreme,10.0,geographic_grid,grid-28-17,1,38080000.00,0.00,0.0
extreme,10.0,geographic_grid,grid-28-21,1,47880000.00,0.00,0.0
extreme,10.0,geographic_grid,grid-28-22,1,2520000.00,0.00,0.0
extreme,10.0,geographic_grid,grid-28-23,1,93240000.00,0.00,0.0
extreme,10.0,geographic_grid,grid-28-24,1,2490000.00,0.00,0.0
extreme,10.0,geographic_grid,grid-28-26,2,30875000.00,0.00,0.0
extreme,10.0,geographic_grid,grid-28-27,1,1900000.00,0.00,0.0
extreme,10.0,geographic_grid,grid-28-28,1,95790000.00,0.00,0.0
extreme,10.0,geographic_grid,grid-29-12,1,695000.00,0.00,0.0
extreme,10.0,geographic_grid,grid-29-13,1,1470000.00,0.00,0.0
extreme,10.0,geographic_grid,grid-29-15,1,7390000.00,0.00,0.0
extreme,10.0,geographic_grid,grid-29-17,1,1155000.00,0.00,0.0
extreme,10.0,geographic_grid,grid-29-18,1,2575000.00,0.00,0.0
extreme,10.0,geographic_grid,grid-29-19,4,1060615000.00,0.00,0.0
extreme,10.0,geographic_grid,grid-29-20,2,239120000.00,0.00,0.0
extreme,10.0,geographic_grid,grid-29-21,3,223285000.00,0.00,0.0
extreme,10.0,geographic_grid,grid-29-23,1,900000.00,0.00,0.0
extreme,10.0,geographic_grid,grid-29-24,1,42840000.00,0.00,0.0
extreme,10.0,geographic_grid,grid-29-26,1,266365000.00,0.00,0.0
extreme,10.0,geographic_grid,grid-29-27,1,6050000.00,0.00,0.0
extreme,10.0,geographic_grid,grid-29-28,1,4500000.00,0.00,0.0
extreme,10.0,geographic_grid,grid-30-12,1,6200000.00,0.00,0.0
extreme,10.0,geographic_grid,grid-30-13,2,388355000.00,0.00,0.0
extreme,10.0,geographic_grid,grid-30-14,2,53785000.00,0.00,0.0
extreme,10.0,geographic_grid,grid-30-16,1,704215000.00,0.00,0.0
extreme,10.0,geographic_grid,grid-30-17,2,4425000.00,0.00,0.0
extreme,10.0,geographic_grid,grid-30-18,1,1100000.00,0.00,0.0
extreme,10.0,geographic_grid,grid-30-20,2,33315000.00,0.00,0.0
extreme,10.0,geographic_grid,grid-30-21,3,132070000.00,0.00,0.0
extreme,10.0,geographic_grid,grid-30-22,1,74420000.00,0.00,0.0
extreme,10.0,geographic_grid,grid-30-23,1,1470000.00,0.00,0.0
extreme,10.0,geographic_grid,grid-30-24,1,23595000.00,0.00,0.0
extreme,10.0,geographic_grid,grid-30-25,2,38360000.00,0.00,0.0
extreme,10.0,geographic_grid,grid-30-28,2,56425000.00,0.00,0.0
extreme,10.0,geographic_grid,grid-30-29,1,63800000.00,0.00,0.0
extreme,10.0,geographic_grid,grid-31-13,3,49130000.00,0.00,0.0
extreme,10.0,geographic_grid,grid-31-14,2,459180000.00,0.00,0.0
extreme,10.0,geographic_grid,grid-31-16,2,83295000.00,0.00,0.0
extreme,10.0,geographic_grid,grid-31-20,2,845050000.00,0.00,0.0
extreme,10.0,geographic_grid,grid-31-21,2,77730000.00,0.00,0.0
extreme,10.0,geographic_grid,grid-31-26,1,3110000.00,0.00,0.0
extreme,10.0,geographic_grid,grid-31-27,1,3360000.00,0.00,0.0
extreme,10.0,geographic_grid,grid-32-14,1,635000.00,0.00,0.0
extreme,10.0,geographic_grid,grid-32-15,1,1235000.00,0.00,0.0
extreme,10.0,geographic_grid,grid-32-16,2,58645000.00,0.00,0.0
extreme,10.0,geographic_grid,grid-32-17,1,805000.00,0.00,0.0
extreme,10.0,geographic_grid,grid-32-18,4,667205000.00,0.00,0.0
extreme,10.0,geographic_grid,grid-32-25,1,67155000.00,0.00,0.0
extreme,10.0,geographic_grid,grid-32-26,1,107485000.00,0.00,0.0
extreme,10.0,geographic_grid,grid-32-29,4,772300000.00,0.00,0.0
extreme,10.0,geographic_grid,grid-33-11,2,5475000.00,0.00,0.0
extreme,10.0,geographic_grid,grid-33-12,2,1520000.00,0.00,0.0
extreme,10.0,geographic_grid,grid-33-15,1,62610000.00,0.00,0.0
extreme,10.0,geographic_grid,grid-33-18,2,32490000.00,0.00,0.0
extreme,10.0,geographic_grid,grid-33-19,1,3960000.00,0.00,0.0
extreme,10.0,geographic_grid,grid-33-20,1,1108710000.00,0.00,0.0
extreme,10.0,geographic_grid,grid-33-22,1,633555000.00,0.00,0.0
extreme,10.0,geographic_grid,grid-33-28,1,44085000.00,0.00,0.0
extreme,10.0,geographic_grid,grid-33-30,1,4615000.00,0.00,0.0
extreme,10.0,geographic_grid,grid-34-12,4,1368200000.00,0.00,0.0
extreme,10.0,geographic_grid,grid-34-14,3,5805000.00,0.00,0.0
extreme,10.0,geographic_grid,grid-34-16,1,995000.00,0.00,0.0
extreme,10.0,geographic_grid,grid-34-19,2,526540000.00,0.00,0.0
extreme,10.0,geographic_grid,grid-34-20,1,5905000.00,0.00,0.0
extreme,10.0,geographic_grid,grid-34-25,1,4535000.00,0.00,0.0
extreme,10.0,geographic_grid,grid-34-29,2,1357070000.00,0.00,0.0
extreme,10.0,geographic_grid,grid-35-11,1,1150000.00,0.00,0.0
extreme,10.0,geographic_grid,grid-35-12,1,563530000.00,0.00,0.0
extreme,10.0,geographic_grid,grid-35-14,1,72865000.00,0.00,0.0
extreme,10.0,geographic_grid,grid-35-16,1,625000.00,0.00,0.0
extreme,10.0,geographic_grid,grid-35-17,1,925000.00,0.00,0.0
extreme,10.0,geographic_grid,grid-35-18,1,66900000.00,0.00,0.0
extreme,10.0,geographic_grid,grid-35-20,1,1175000.00,0.00,0.0
extreme,10.0,geographic_grid,grid-35-28,2,11780000.00,0.00,0.0
extreme,10.0,geographic_grid,grid-35-29,1,130825000.00,0.00,0.0
extreme,10.0,geographic_grid,grid-36-13,6,374160000.00,0.00,0.0
extreme,10.0,geographic_grid,grid-36-14,3,42860000.00,0.00,0.0
extreme,10.0,geographic_grid,grid-36-15,1,1520000.00,0.00,0.0
extreme,10.0,geographic_grid,grid-36-16,1,3980000.00,0.00,0.0
extreme,10.0,geographic_grid,grid-36-17,2,284195000.00,0.00,0.0
extreme,10.0,geographic_grid,grid-36-19,3,18020000.00,0.00,0.0
extreme,10.0,geographic_grid,grid-36-22,1,37065000.00,0.00,0.0
extreme,10.0,geographic_grid,grid-36-24,1,946115000.00,0.00,0.0
extreme,10.0,geographic_grid,grid-36-25,1,827820000.00,0.00,0.0
extreme,10.0,geographic_grid,grid-36-26,1,4990000.00,0.00,0.0
extreme,10.0,geographic_grid,grid-36-28,2,38595000.00,0.00,0.0
extreme,10.0,geographic_grid,grid-36-29,1,28450000.00,0.00,0.0
extreme,10.0,geographic_grid,grid-37-11,1,404475000.00,0.00,0.0
extreme,10.0,geographic_grid,grid-37-13,1,1090000.00,0.00,0.0
extreme,10.0,geographic_grid,grid-37-14,2,1030090000.00,0.00,0.0
extreme,10.0,geographic_grid,grid-37-15,3,436320000.00,0.00,0.0
extreme,10.0,geographic_grid,grid-37-16,1,1330000.00,0.00,0.0
extreme,10.0,geographic_grid,grid-37-17,1,706790000.00,0.00,0.0
extreme,10.0,geographic_grid,grid-37-18,1,72965000.00,0.00,0.0
extreme,10.0,geographic_grid,grid-37-21,1,1230000.00,0.00,0.0
extreme,10.0,geographic_grid,grid-37-22,1,5795000.00,0.00,0.0
extreme,10.0,geographic_grid,grid-37-26,2,33920000.00,0.00,0.0
extreme,10.0,geographic_grid,grid-37-29,1,1930000.00,0.00,0.0
extreme,10.0,geographic_grid,grid-38-11,3,12640000.00,0.00,0.0
extreme,10.0,geographic_grid,grid-38-12,2,80060000.00,0.00,0.0
extreme,10.0,geographic_grid,grid-38-16,3,6665000.00,0.00,0.0
extreme,10.0,geographic_grid,grid-38-18,1,1430000.00,0.00,0.0
extreme,10.0,geographic_grid,grid-38-19,1,66125000.00,0.00,0.0
extreme,10.0,geographic_grid,grid-38-21,1,4620000.00,0.00,0.0
extreme,10.0,geographic_grid,grid-38-25,3,837050000.00,0.00,0.0
extreme,10.0,geographic_grid,grid-38-26,3,229110000.00,0.00,0.0
extreme,10.0,geographic_grid,grid-38-28,3,1007815000.00,0.00,0.0
extreme,10.0,geographic_grid,grid-38-29,1,1245000.00,0.00,0.0
severe,25.0,construction,concrete_rcc,84,54135085000.00,319526546.65,71.44677317556676
severe,25.0,construction,permanent_masonry,156,8451170000.00,115397518.53,25.803115321329663
severe,25.0,construction,semi_permanent,181,850710000.00,8286351.94,1.852844822181843
severe,25.0,construction,informal_iron_sheet,179,198110000.00,4012784.78,0.8972666809217261
severe,25.0,hotspot_area,no named hotspot within radius,383,36844755000.00,211973507.97,47.39769919571339
severe,25.0,hotspot_area,Mwiki,15,2452310000.00,132636168.70,29.657711884469204
severe,25.0,hotspot_area,Kariobangi,11,1537915000.00,27757110.27,6.206545222178912
severe,25.0,hotspot_area,Westlands,7,663500000.00,26548477.80,5.936292591084372
severe,25.0,hotspot_area,Dandora,6,816040000.00,22472851.20,5.024974353863012
severe,25.0,hotspot_area,Kitisuru,14,2824290000.00,12438818.20,2.7813445606476708
severe,25.0,hotspot_area,Parklands,8,928505000.00,11911929.73,2.6635312477959343
severe,25.0,hotspot_area,Tassia,3,6710000.00,643321.81,0.14384803991986267
severe,25.0,hotspot_area,Kayole,7,54060000.00,506586.58,0.11327376975250801
severe,25.0,hotspot_area,Kiambiu,15,1613180000.00,303142.88,0.06778335263289478
severe,25.0,hotspot_area,Kawangware,10,732180000.00,31286.76,0.006995781942233798
severe,25.0,hotspot_area,Chiromo,6,88480000.00,0.00,0.0
severe,25.0,hotspot_area,Donholm,10,1510130000.00,0.00,0.0
severe,25.0,hotspot_area,Fedha,10,577360000.00,0.00,0.0
severe,25.0,hotspot_area,Kangemi,9,840210000.00,0.00,0.0
severe,25.0,hotspot_area,Kibera,14,2486400000.00,0.00,0.0
severe,25.0,hotspot_area,Kileleshwa,11,44150000.00,0.00,0.0
severe,25.0,hotspot_area,Komarock,8,1682885000.00,0.00,0.0
severe,25.0,hotspot_area,Lang'ata,16,3581705000.00,0.00,0.0
severe,25.0,hotspot_area,Lavington,7,164285000.00,0.00,0.0
severe,25.0,hotspot_area,Madaraka,9,3004390000.00,0.00,0.0
severe,25.0,hotspot_area,Mathare,10,652485000.00,0.00,0.0
severe,25.0,hotspot_area,Nairobi West,11,529150000.00,0.00,0.0
severe,25.0,geographic_grid,grid-34-27,2,752620000.00,138720437.01,31.018166414590038
severe,25.0,geographic_grid,grid-37-25,2,384310000.00,87722250.77,19.614870247634173
severe,25.0,geographic_grid,grid-32-21,3,489475000.00,27397409.27,6.126115361100187
severe,25.0,geographic_grid,grid-20-22,2,530570000.00,26548477.80,5.936292591084372
severe,25.0,geographic_grid,grid-33-23,1,58185000.00,15816212.75,3.536536718758285
severe,25.0,geographic_grid,grid-36-27,3,46515000.00,15612782.91,3.491049400762318
severe,25.0,geographic_grid,grid-38-24,3,47550000.00,14555687.87,3.2546808412803863
severe,25.0,geographic_grid,grid-36-23,2,168700000.00,13897287.45,3.107461194087927
severe,25.0,geographic_grid,grid-17-22,2,425365000.00,12438818.20,2.7813445606476708
severe,25.0,geographic_grid,grid-30-27,4,75930000.00,11946094.11,2.6711704713100217
severe,25.0,geographic_grid,grid-24-21,3,299870000.00,11911929.73,2.6635312477959343
severe,25.0,geographic_grid,grid-31-28,2,97260000.00,9585392.37,2.1433128534649044
severe,25.0,geographic_grid,grid-37-23,1,24420000.00,8025417.76,1.7944994190606638
severe,25.0,geographic_grid,grid-38-28,3,1007815000.00,7829634.80,1.7507219586855698
severe,25.0,geographic_grid,grid-34-24,3,129065000.00,7099833.88,1.5875370172738794
severe,25.0,geographic_grid,grid-30-11,1,70840000.00,7023488.78,1.5704661006318867
severe,25.0,geographic_grid,grid-36-25,1,827820000.00,6292394.99,1.4069920709093693
severe,25.0,geographic_grid,grid-34-22,1,46335000.00,5262283.44,1.1766570736141406
severe,25.0,geographic_grid,grid-33-28,1,44085000.00,3136807.35,0.7013963803026025
severe,25.0,geographic_grid,grid-38-19,1,66125000.00,2785891.78,0.6229309588957621
severe,25.0,geographic_grid,grid-32-28,2,31205000.00,2632759.05,0.5886901750210827
severe,25.0,geographic_grid,grid-38-22,2,7345000.00,1999407.46,0.4470714961803506
severe,25.0,geographic_grid,grid-25-21,1,31480000.00,1891107.49,0.4228554068674763
severe,25.0,geographic_grid,grid-35-23,1,3200000.00,904798.77,0.20231480973169966
severe,25.0,geographic_grid,grid-32-27,1,2185000.00,814038.78,0.1820206949330014
severe,25.0,geographic_grid,grid-35-25,1,5850000.00,799305.08,0.17872621022438057
severe,25.0,geographic_grid,grid-38-23,1,3240000.00,785383.47,0.1756133104595976
severe,25.0,geographic_grid,grid-33-17,1,4480000.00,643321.81,0.14384803991986267
severe,25.0,geographic_grid,grid-32-23,1,1165000.00,489556.24,0.109465751758887
severe,25.0,geographic_grid,grid-37-22,1,5795000.00,413587.52,0.09247899443564178
severe,25.0,geographic_grid,grid-33-27,2,5735000.00,370662.79,0.08288093918769468
severe,25.0,geographic_grid,grid-35-19,1,875000.00,307343.87,0.06872270237641263
severe,25.0,geographic_grid,grid-30-19,3,29140000.00,303142.88,0.06778335263289478
severe,25.0,geographic_grid,grid-38-13,1,935000.00,264522.06,0.05914766024575524
severe,25.0,geographic_grid,grid-31-22,1,865000.00,247713.28,0.055389183510069585
severe,25.0,geographic_grid,grid-35-28,2,11780000.00,231495.81,0.05176292486984227
severe,25.0,geographic_grid,grid-38-25,3,837050000.00,174005.33,0.03890793886827632
severe,25.0,geographic_grid,grid-36-20,2,33990000.00,132493.52,0.029625815350614527
severe,25.0,geographic_grid,grid-31-20,2,845050000.00,111987.72,0.02504067756865635
severe,25.0,geographic_grid,grid-35-20,1,1175000.00,66749.19,0.014925252025480836
severe,25.0,geographic_grid,grid-16-19,2,642830000.00,31286.76,0.006995781942233798
severe,25.0,geographic_grid,grid-11-12,1,1360000.00,0.00,0.0
severe,25.0,geographic_grid,grid-11-15,2,54810000.00,0.00,0.0
severe,25.0,geographic_grid,grid-11-17,1,5495000.00,0.00,0.0
severe,25.0,geographic_grid,grid-11-18,1,695000.00,0.00,0.0
severe,25.0,geographic_grid,grid-11-20,1,84745000.00,0.00,0.0
severe,25.0,geographic_grid,grid-11-23,1,3125000.00,0.00,0.0
severe,25.0,geographic_grid,grid-11-24,2,7120000.00,0.00,0.0
severe,25.0,geographic_grid,grid-11-25,1,3775000.00,0.00,0.0
severe,25.0,geographic_grid,grid-11-27,1,49505000.00,0.00,0.0
severe,25.0,geographic_grid,grid-11-28,2,1130000.00,0.00,0.0
severe,25.0,geographic_grid,grid-11-29,1,86580000.00,0.00,0.0
severe,25.0,geographic_grid,grid-12-11,2,2925000.00,0.00,0.0
severe,25.0,geographic_grid,grid-12-12,5,56695000.00,0.00,0.0
severe,25.0,geographic_grid,grid-12-14,2,65155000.00,0.00,0.0
severe,25.0,geographic_grid,grid-12-15,3,1939875000.00,0.00,0.0
severe,25.0,geographic_grid,grid-12-16,3,58350000.00,0.00,0.0
severe,25.0,geographic_grid,grid-12-17,2,477685000.00,0.00,0.0
severe,25.0,geographic_grid,grid-12-19,3,442770000.00,0.00,0.0
severe,25.0,geographic_grid,grid-12-20,2,130235000.00,0.00,0.0
severe,25.0,geographic_grid,grid-12-21,1,1275000.00,0.00,0.0
severe,25.0,geographic_grid,grid-12-23,1,5080000.00,0.00,0.0
severe,25.0,geographic_grid,grid-12-24,1,1930000.00,0.00,0.0
severe,25.0,geographic_grid,grid-12-26,1,1090000.00,0.00,0.0
severe,25.0,geographic_grid,grid-12-27,1,697740000.00,0.00,0.0
severe,25.0,geographic_grid,grid-12-28,1,850565000.00,0.00,0.0
severe,25.0,geographic_grid,grid-12-29,2,39815000.00,0.00,0.0
severe,25.0,geographic_grid,grid-13-11,3,315795000.00,0.00,0.0
severe,25.0,geographic_grid,grid-13-12,2,107600000.00,0.00,0.0
severe,25.0,geographic_grid,grid-13-14,3,47870000.00,0.00,0.0
severe,25.0,geographic_grid,grid-13-15,1,25425000.00,0.00,0.0
severe,25.0,geographic_grid,grid-13-16,2,67815000.00,0.00,0.0
severe,25.0,geographic_grid,grid-13-18,2,431735000.00,0.00,0.0
severe,25.0,geographic_grid,grid-13-19,3,8285000.00,0.00,0.0
severe,25.0,geographic_grid,grid-13-20,2,399515000.00,0.00,0.0
severe,25.0,geographic_grid,grid-13-21,1,68610000.00,0.00,0.0
severe,25.0,geographic_grid,grid-13-24,1,6680000.00,0.00,0.0
severe,25.0,geographic_grid,grid-13-25,1,925000.00,0.00,0.0
severe,25.0,geographic_grid,grid-13-26,6,1211505000.00,0.00,0.0
severe,25.0,geographic_grid,grid-13-29,3,124425000.00,0.00,0.0
severe,25.0,geographic_grid,grid-14-13,1,6125000.00,0.00,0.0
severe,25.0,geographic_grid,grid-14-15,3,351105000.00,0.00,0.0
severe,25.0,geographic_grid,grid-14-16,2,55365000.00,0.00,0.0
severe,25.0,geographic_grid,grid-14-17,2,452420000.00,0.00,0.0
severe,25.0,geographic_grid,grid-14-18,1,935855000.00,0.00,0.0
severe,25.0,geographic_grid,grid-14-20,4,185645000.00,0.00,0.0
severe,25.0,geographic_grid,grid-14-22,1,1455000.00,0.00,0.0
severe,25.0,geographic_grid,grid-14-23,1,28945000.00,0.00,0.0
severe,25.0,geographic_grid,grid-14-24,1,1010000.00,0.00,0.0
severe,25.0,geographic_grid,grid-14-25,1,106590000.00,0.00,0.0
severe,25.0,geographic_grid,grid-14-26,2,5350000.00,0.00,0.0
severe,25.0,geographic_grid,grid-14-27,1,1592010000.00,0.00,0.0
severe,25.0,geographic_grid,grid-14-28,1,2720000.00,0.00,0.0
severe,25.0,geographic_grid,grid-14-29,2,61575000.00,0.00,0.0
severe,25.0,geographic_grid,grid-15-14,1,31350000.00,0.00,0.0
severe,25.0,geographic_grid,grid-15-15,2,4170000.00,0.00,0.0
severe,25.0,geographic_grid,grid-15-17,3,481735000.00,0.00,0.0
severe,25.0,geographic_grid,grid-15-18,2,88985000.00,0.00,0.0
severe,25.0,geographic_grid,grid-15-20,1,64740000.00,0.00,0.0
severe,25.0,geographic_grid,grid-15-21,1,5635000.00,0.00,0.0
severe,25.0,geographic_grid,grid-15-22,2,108260000.00,0.00,0.0
severe,25.0,geographic_grid,grid-15-23,3,72275000.00,0.00,0.0
severe,25.0,geographic_grid,grid-15-24,2,8580000.00,0.00,0.0
severe,25.0,geographic_grid,grid-15-26,1,33235000.00,0.00,0.0
severe,25.0,geographic_grid,grid-15-27,1,1010000.00,0.00,0.0
severe,25.0,geographic_grid,grid-15-29,2,103360000.00,0.00,0.0
severe,25.0,geographic_grid,grid-16-13,1,10010000.00,0.00,0.0
severe,25.0,geographic_grid,grid-16-15,1,3695000.00,0.00,0.0
severe,25.0,geographic_grid,grid-16-16,1,3595000.00,0.00,0.0
severe,25.0,geographic_grid,grid-16-17,1,76960000.00,0.00,0.0
severe,25.0,geographic_grid,grid-16-18,1,5565000.00,0.00,0.0
severe,25.0,geographic_grid,grid-16-21,3,122235000.00,0.00,0.0
severe,25.0,geographic_grid,grid-16-22,1,67745000.00,0.00,0.0
severe,25.0,geographic_grid,grid-16-27,1,58300000.00,0.00,0.0
severe,25.0,geographic_grid,grid-16-28,1,8060000.00,0.00,0.0
severe,25.0,geographic_grid,grid-16-29,1,1110000.00,0.00,0.0
severe,25.0,geographic_grid,grid-17-11,1,410000.00,0.00,0.0
severe,25.0,geographic_grid,grid-17-12,2,48485000.00,0.00,0.0
severe,25.0,geographic_grid,grid-17-14,3,81190000.00,0.00,0.0
severe,25.0,geographic_grid,grid-17-17,2,148115000.00,0.00,0.0
severe,25.0,geographic_grid,grid-17-18,1,755000.00,0.00,0.0
severe,25.0,geographic_grid,grid-17-19,2,7340000.00,0.00,0.0
severe,25.0,geographic_grid,grid-17-20,1,1240000.00,0.00,0.0
severe,25.0,geographic_grid,grid-17-24,3,61900000.00,0.00,0.0
severe,25.0,geographic_grid,grid-17-28,2,36955000.00,0.00,0.0
severe,25.0,geographic_grid,grid-18-12,1,3650000.00,0.00,0.0
severe,25.0,geographic_grid,grid-18-13,4,314405000.00,0.00,0.0
severe,25.0,geographic_grid,grid-18-14,2,383085000.00,0.00,0.0
severe,25.0,geographic_grid,grid-18-15,1,495000.00,0.00,0.0
severe,25.0,geographic_grid,grid-18-16,1,59055000.00,0.00,0.0
severe,25.0,geographic_grid,grid-18-18,1,49225000.00,0.00,0.0
severe,25.0,geographic_grid,grid-18-20,1,1980000.00,0.00,0.0
severe,25.0,geographic_grid,grid-18-21,2,35705000.00,0.00,0.0
severe,25.0,geographic_grid,grid-18-22,1,52055000.00,0.00,0.0
severe,25.0,geographic_grid,grid-18-23,1,3240000.00,0.00,0.0
severe,25.0,geographic_grid,grid-18-24,1,1181605000.00,0.00,0.0
severe,25.0,geographic_grid,grid-18-26,1,1325000.00,0.00,0.0
severe,25.0,geographic_grid,grid-18-27,1,1185000.00,0.00,0.0
severe,25.0,geographic_grid,grid-18-29,1,930000.00,0.00,0.0
severe,25.0,geographic_grid,grid-19-11,1,1165000.00,0.00,0.0
severe,25.0,geographic_grid,grid-19-12,1,1240000.00,0.00,0.0
severe,25.0,geographic_grid,grid-19-13,2,54115000.00,0.00,0.0
severe,25.0,geographic_grid,grid-19-15,4,1603060000.00,0.00,0.0
severe,25.0,geographic_grid,grid-19-16,1,767380000.00,0.00,0.0
severe,25.0,geographic_grid,grid-19-17,1,715000.00,0.00,0.0
severe,25.0,geographic_grid,grid-19-19,1,32130000.00,0.00,0.0
severe,25.0,geographic_grid,grid-19-20,2,17795000.00,0.00,0.0
severe,25.0,geographic_grid,grid-19-22,1,5375000.00,0.00,0.0
severe,25.0,geographic_grid,grid-19-23,1,823910000.00,0.00,0.0
severe,25.0,geographic_grid,grid-19-24,1,1100000.00,0.00,0.0
severe,25.0,geographic_grid,grid-19-25,2,268855000.00,0.00,0.0
severe,25.0,geographic_grid,grid-19-26,4,1148365000.00,0.00,0.0
severe,25.0,geographic_grid,grid-19-27,1,499980000.00,0.00,0.0
severe,25.0,geographic_grid,grid-20-11,1,81015000.00,0.00,0.0
severe,25.0,geographic_grid,grid-20-12,2,7845000.00,0.00,0.0
severe,25.0,geographic_grid,grid-20-13,2,57920000.00,0.00,0.0
severe,25.0,geographic_grid,grid-20-14,5,1014985000.00,0.00,0.0
severe,25.0,geographic_grid,grid-20-16,1,2280000.00,0.00,0.0
severe,25.0,geographic_grid,grid-20-17,2,4155000.00,0.00,0.0
severe,25.0,geographic_grid,grid-20-18,3,2970000.00,0.00,0.0
severe,25.0,geographic_grid,grid-20-19,2,13365000.00,0.00,0.0
severe,25.0,geographic_grid,grid-20-20,1,28335000.00,0.00,0.0
severe,25.0,geographic_grid,grid-20-24,1,885000.00,0.00,0.0
severe,25.0,geographic_grid,grid-20-25,1,5185000.00,0.00,0.0
severe,25.0,geographic_grid,grid-20-26,1,2160000.00,0.00,0.0
severe,25.0,geographic_grid,grid-20-27,1,1170000.00,0.00,0.0
severe,25.0,geographic_grid,grid-20-29,2,4040000.00,0.00,0.0
severe,25.0,geographic_grid,grid-21-12,5,2926700000.00,0.00,0.0
severe,25.0,geographic_grid,grid-21-14,2,5815000.00,0.00,0.0
severe,25.0,geographic_grid,grid-21-15,3,47480000.00,0.00,0.0
severe,25.0,geographic_grid,grid-21-17,3,6550000.00,0.00,0.0
severe,25.0,geographic_grid,grid-21-19,2,1870000.00,0.00,0.0
severe,25.0,geographic_grid,grid-21-20,2,22490000.00,0.00,0.0
severe,25.0,geographic_grid,grid-21-21,2,84955000.00,0.00,0.0
severe,25.0,geographic_grid,grid-21-22,1,3200000.00,0.00,0.0
severe,25.0,geographic_grid,grid-21-23,1,925000.00,0.00,0.0
severe,25.0,geographic_grid,grid-21-24,1,38180000.00,0.00,0.0
severe,25.0,geographic_grid,grid-21-25,3,7480000.00,0.00,0.0
severe,25.0,geographic_grid,grid-21-26,2,35840000.00,0.00,0.0
severe,25.0,geographic_grid,grid-21-29,5,10035000.00,0.00,0.0
severe,25.0,geographic_grid,grid-22-13,2,94765000.00,0.00,0.0
severe,25.0,geographic_grid,grid-22-14,2,1510000.00,0.00,0.0
severe,25.0,geographic_grid,grid-22-15,2,61240000.00,0.00,0.0
severe,25.0,geographic_grid,grid-22-17,2,7955000.00,0.00,0.0
severe,25.0,geographic_grid,grid-22-20,1,1500000.00,0.00,0.0
severe,25.0,geographic_grid,grid-22-23,1,43850000.00,0.00,0.0
severe,25.0,geographic_grid,grid-22-24,2,32325000.00,0.00,0.0
severe,25.0,geographic_grid,grid-23-13,1,393455000.00,0.00,0.0
severe,25.0,geographic_grid,grid-23-14,2,399670000.00,0.00,0.0
severe,25.0,geographic_grid,grid-23-15,3,1164335000.00,0.00,0.0
severe,25.0,geographic_grid,grid-23-19,1,4795000.00,0.00,0.0
severe,25.0,geographic_grid,grid-23-20,2,108930000.00,0.00,0.0
severe,25.0,geographic_grid,grid-23-21,1,5850000.00,0.00,0.0
severe,25.0,geographic_grid,grid-23-22,1,2150000.00,0.00,0.0
severe,25.0,geographic_grid,grid-23-23,2,7870000.00,0.00,0.0
severe,25.0,geographic_grid,grid-23-24,2,58825000.00,0.00,0.0
severe,25.0,geographic_grid,grid-23-27,1,1196260000.00,0.00,0.0
severe,25.0,geographic_grid,grid-23-28,1,521240000.00,0.00,0.0
severe,25.0,geographic_grid,grid-24-11,3,90035000.00,0.00,0.0
severe,25.0,geographic_grid,grid-24-12,1,5435000.00,0.00,0.0
severe,25.0,geographic_grid,grid-24-14,3,36705000.00,0.00,0.0
severe,25.0,geographic_grid,grid-24-15,2,38330000.00,0.00,0.0
severe,25.0,geographic_grid,grid-24-17,2,1398025000.00,0.00,0.0
severe,25.0,geographic_grid,grid-24-18,1,1080000.00,0.00,0.0
severe,25.0,geographic_grid,grid-24-19,2,6295000.00,0.00,0.0
severe,25.0,geographic_grid,grid-24-20,1,4725000.00,0.00,0.0
severe,25.0,geographic_grid,grid-24-22,1,4115000.00,0.00,0.0
severe,25.0,geographic_grid,grid-24-23,1,35135000.00,0.00,0.0
severe,25.0,geographic_grid,grid-24-25,1,3535000.00,0.00,0.0
severe,25.0,geographic_grid,grid-24-26,4,469920000.00,0.00,0.0
severe,25.0,geographic_grid,grid-24-27,1,534130000.00,0.00,0.0
severe,25.0,geographic_grid,grid-24-28,1,37675000.00,0.00,0.0
severe,25.0,geographic_grid,grid-25-12,1,1585000.00,0.00,0.0
severe,25.0,geographic_grid,grid-25-14,2,1725000.00,0.00,0.0
severe,25.0,geographic_grid,grid-25-15,2,441215000.00,0.00,0.0
severe,25.0,geographic_grid,grid-25-17,2,44110000.00,0.00,0.0
severe,25.0,geographic_grid,grid-25-18,2,10045000.00,0.00,0.0
severe,25.0,geographic_grid,grid-25-20,2,582015000.00,0.00,0.0
severe,25.0,geographic_grid,grid-25-22,2,5670000.00,0.00,0.0
severe,25.0,geographic_grid,grid-25-24,2,42850000.00,0.00,0.0
severe,25.0,geographic_grid,grid-25-25,2,6115000.00,0.00,0.0
severe,25.0,geographic_grid,grid-25-27,1,590000.00,0.00,0.0
severe,25.0,geographic_grid,grid-25-28,2,80495000.00,0.00,0.0
severe,25.0,geographic_grid,grid-25-29,3,33205000.00,0.00,0.0
severe,25.0,geographic_grid,grid-26-12,1,3150000.00,0.00,0.0
severe,25.0,geographic_grid,grid-26-14,2,6975000.00,0.00,0.0
severe,25.0,geographic_grid,grid-26-17,1,716255000.00,0.00,0.0
severe,25.0,geographic_grid,grid-26-19,2,10605000.00,0.00,0.0
severe,25.0,geographic_grid,grid-26-20,1,5600000.00,0.00,0.0
severe,25.0,geographic_grid,grid-26-21,1,6610000.00,0.00,0.0
severe,25.0,geographic_grid,grid-26-22,1,1090000.00,0.00,0.0
severe,25.0,geographic_grid,grid-26-24,2,92325000.00,0.00,0.0
severe,25.0,geographic_grid,grid-26-26,4,24100000.00,0.00,0.0
severe,25.0,geographic_grid,grid-26-27,1,730000.00,0.00,0.0
severe,25.0,geographic_grid,grid-27-12,1,67680000.00,0.00,0.0
severe,25.0,geographic_grid,grid-27-13,2,1164280000.00,0.00,0.0
severe,25.0,geographic_grid,grid-27-14,1,78030000.00,0.00,0.0
severe,25.0,geographic_grid,grid-27-17,3,1024650000.00,0.00,0.0
severe,25.0,geographic_grid,grid-27-18,1,7865000.00,0.00,0.0
severe,25.0,geographic_grid,grid-27-19,2,495760000.00,0.00,0.0
severe,25.0,geographic_grid,grid-27-20,1,1045000.00,0.00,0.0
severe,25.0,geographic_grid,grid-27-21,2,548640000.00,0.00,0.0
severe,25.0,geographic_grid,grid-27-22,1,795000.00,0.00,0.0
severe,25.0,geographic_grid,grid-27-24,1,36035000.00,0.00,0.0
severe,25.0,geographic_grid,grid-27-25,1,1275000.00,0.00,0.0
severe,25.0,geographic_grid,grid-27-26,2,101905000.00,0.00,0.0
severe,25.0,geographic_grid,grid-27-27,1,5015000.00,0.00,0.0
severe,25.0,geographic_grid,grid-27-28,2,13285000.00,0.00,0.0
severe,25.0,geographic_grid,grid-27-29,1,740000.00,0.00,0.0
severe,25.0,geographic_grid,grid-28-11,1,116700000.00,0.00,0.0
severe,25.0,geographic_grid,grid-28-12,2,84560000.00,0.00,0.0
severe,25.0,geographic_grid,grid-28-13,2,2260000.00,0.00,0.0
severe,25.0,geographic_grid,grid-28-14,1,2400000.00,0.00,0.0
severe,25.0,geographic_grid,grid-28-15,1,6100000.00,0.00,0.0
severe,25.0,geographic_grid,grid-28-16,2,872065000.00,0.00,0.0
severe,25.0,geographic_grid,grid-28-17,1,38080000.00,0.00,0.0
severe,25.0,geographic_grid,grid-28-21,1,47880000.00,0.00,0.0
severe,25.0,geographic_grid,grid-28-22,1,2520000.00,0.00,0.0
severe,25.0,geographic_grid,grid-28-23,1,93240000.00,0.00,0.0
severe,25.0,geographic_grid,grid-28-24,1,2490000.00,0.00,0.0
severe,25.0,geographic_grid,grid-28-26,2,30875000.00,0.00,0.0
severe,25.0,geographic_grid,grid-28-27,1,1900000.00,0.00,0.0
severe,25.0,geographic_grid,grid-28-28,1,95790000.00,0.00,0.0
severe,25.0,geographic_grid,grid-29-12,1,695000.00,0.00,0.0
severe,25.0,geographic_grid,grid-29-13,1,1470000.00,0.00,0.0
severe,25.0,geographic_grid,grid-29-15,1,7390000.00,0.00,0.0
severe,25.0,geographic_grid,grid-29-17,1,1155000.00,0.00,0.0
severe,25.0,geographic_grid,grid-29-18,1,2575000.00,0.00,0.0
severe,25.0,geographic_grid,grid-29-19,4,1060615000.00,0.00,0.0
severe,25.0,geographic_grid,grid-29-20,2,239120000.00,0.00,0.0
severe,25.0,geographic_grid,grid-29-21,3,223285000.00,0.00,0.0
severe,25.0,geographic_grid,grid-29-23,1,900000.00,0.00,0.0
severe,25.0,geographic_grid,grid-29-24,1,42840000.00,0.00,0.0
severe,25.0,geographic_grid,grid-29-26,1,266365000.00,0.00,0.0
severe,25.0,geographic_grid,grid-29-27,1,6050000.00,0.00,0.0
severe,25.0,geographic_grid,grid-29-28,1,4500000.00,0.00,0.0
severe,25.0,geographic_grid,grid-30-12,1,6200000.00,0.00,0.0
severe,25.0,geographic_grid,grid-30-13,2,388355000.00,0.00,0.0
severe,25.0,geographic_grid,grid-30-14,2,53785000.00,0.00,0.0
severe,25.0,geographic_grid,grid-30-16,1,704215000.00,0.00,0.0
severe,25.0,geographic_grid,grid-30-17,2,4425000.00,0.00,0.0
severe,25.0,geographic_grid,grid-30-18,1,1100000.00,0.00,0.0
severe,25.0,geographic_grid,grid-30-20,2,33315000.00,0.00,0.0
severe,25.0,geographic_grid,grid-30-21,3,132070000.00,0.00,0.0
severe,25.0,geographic_grid,grid-30-22,1,74420000.00,0.00,0.0
severe,25.0,geographic_grid,grid-30-23,1,1470000.00,0.00,0.0
severe,25.0,geographic_grid,grid-30-24,1,23595000.00,0.00,0.0
severe,25.0,geographic_grid,grid-30-25,2,38360000.00,0.00,0.0
severe,25.0,geographic_grid,grid-30-28,2,56425000.00,0.00,0.0
severe,25.0,geographic_grid,grid-30-29,1,63800000.00,0.00,0.0
severe,25.0,geographic_grid,grid-31-13,3,49130000.00,0.00,0.0
severe,25.0,geographic_grid,grid-31-14,2,459180000.00,0.00,0.0
severe,25.0,geographic_grid,grid-31-16,2,83295000.00,0.00,0.0
severe,25.0,geographic_grid,grid-31-21,2,77730000.00,0.00,0.0
severe,25.0,geographic_grid,grid-31-26,1,3110000.00,0.00,0.0
severe,25.0,geographic_grid,grid-31-27,1,3360000.00,0.00,0.0
severe,25.0,geographic_grid,grid-32-14,1,635000.00,0.00,0.0
severe,25.0,geographic_grid,grid-32-15,1,1235000.00,0.00,0.0
severe,25.0,geographic_grid,grid-32-16,2,58645000.00,0.00,0.0
severe,25.0,geographic_grid,grid-32-17,1,805000.00,0.00,0.0
severe,25.0,geographic_grid,grid-32-18,4,667205000.00,0.00,0.0
severe,25.0,geographic_grid,grid-32-25,1,67155000.00,0.00,0.0
severe,25.0,geographic_grid,grid-32-26,1,107485000.00,0.00,0.0
severe,25.0,geographic_grid,grid-32-29,4,772300000.00,0.00,0.0
severe,25.0,geographic_grid,grid-33-11,2,5475000.00,0.00,0.0
severe,25.0,geographic_grid,grid-33-12,2,1520000.00,0.00,0.0
severe,25.0,geographic_grid,grid-33-15,1,62610000.00,0.00,0.0
severe,25.0,geographic_grid,grid-33-18,2,32490000.00,0.00,0.0
severe,25.0,geographic_grid,grid-33-19,1,3960000.00,0.00,0.0
severe,25.0,geographic_grid,grid-33-20,1,1108710000.00,0.00,0.0
severe,25.0,geographic_grid,grid-33-22,1,633555000.00,0.00,0.0
severe,25.0,geographic_grid,grid-33-30,1,4615000.00,0.00,0.0
severe,25.0,geographic_grid,grid-34-12,4,1368200000.00,0.00,0.0
severe,25.0,geographic_grid,grid-34-14,3,5805000.00,0.00,0.0
severe,25.0,geographic_grid,grid-34-16,1,995000.00,0.00,0.0
severe,25.0,geographic_grid,grid-34-19,2,526540000.00,0.00,0.0
severe,25.0,geographic_grid,grid-34-20,1,5905000.00,0.00,0.0
severe,25.0,geographic_grid,grid-34-25,1,4535000.00,0.00,0.0
severe,25.0,geographic_grid,grid-34-29,2,1357070000.00,0.00,0.0
severe,25.0,geographic_grid,grid-35-11,1,1150000.00,0.00,0.0
severe,25.0,geographic_grid,grid-35-12,1,563530000.00,0.00,0.0
severe,25.0,geographic_grid,grid-35-14,1,72865000.00,0.00,0.0
severe,25.0,geographic_grid,grid-35-16,1,625000.00,0.00,0.0
severe,25.0,geographic_grid,grid-35-17,1,925000.00,0.00,0.0
severe,25.0,geographic_grid,grid-35-18,1,66900000.00,0.00,0.0
severe,25.0,geographic_grid,grid-35-29,1,130825000.00,0.00,0.0
severe,25.0,geographic_grid,grid-36-13,6,374160000.00,0.00,0.0
severe,25.0,geographic_grid,grid-36-14,3,42860000.00,0.00,0.0
severe,25.0,geographic_grid,grid-36-15,1,1520000.00,0.00,0.0
severe,25.0,geographic_grid,grid-36-16,1,3980000.00,0.00,0.0
severe,25.0,geographic_grid,grid-36-17,2,284195000.00,0.00,0.0
severe,25.0,geographic_grid,grid-36-19,3,18020000.00,0.00,0.0
severe,25.0,geographic_grid,grid-36-22,1,37065000.00,0.00,0.0
severe,25.0,geographic_grid,grid-36-24,1,946115000.00,0.00,0.0
severe,25.0,geographic_grid,grid-36-26,1,4990000.00,0.00,0.0
severe,25.0,geographic_grid,grid-36-28,2,38595000.00,0.00,0.0
severe,25.0,geographic_grid,grid-36-29,1,28450000.00,0.00,0.0
severe,25.0,geographic_grid,grid-37-11,1,404475000.00,0.00,0.0
severe,25.0,geographic_grid,grid-37-13,1,1090000.00,0.00,0.0
severe,25.0,geographic_grid,grid-37-14,2,1030090000.00,0.00,0.0
severe,25.0,geographic_grid,grid-37-15,3,436320000.00,0.00,0.0
severe,25.0,geographic_grid,grid-37-16,1,1330000.00,0.00,0.0
severe,25.0,geographic_grid,grid-37-17,1,706790000.00,0.00,0.0
severe,25.0,geographic_grid,grid-37-18,1,72965000.00,0.00,0.0
severe,25.0,geographic_grid,grid-37-21,1,1230000.00,0.00,0.0
severe,25.0,geographic_grid,grid-37-26,2,33920000.00,0.00,0.0
severe,25.0,geographic_grid,grid-37-29,1,1930000.00,0.00,0.0
severe,25.0,geographic_grid,grid-38-11,3,12640000.00,0.00,0.0
severe,25.0,geographic_grid,grid-38-12,2,80060000.00,0.00,0.0
severe,25.0,geographic_grid,grid-38-16,3,6665000.00,0.00,0.0
severe,25.0,geographic_grid,grid-38-18,1,1430000.00,0.00,0.0
severe,25.0,geographic_grid,grid-38-21,1,4620000.00,0.00,0.0
severe,25.0,geographic_grid,grid-38-26,3,229110000.00,0.00,0.0
severe,25.0,geographic_grid,grid-38-29,1,1245000.00,0.00,0.0
moderate,50.0,construction,concrete_rcc,84,54135085000.00,784002277.73,77.47363838624017
moderate,50.0,construction,permanent_masonry,156,8451170000.00,203848234.42,20.143901169337482
moderate,50.0,construction,semi_permanent,181,850710000.00,17484042.99,1.7277404194012143
moderate,50.0,construction,informal_iron_sheet,179,198110000.00,6625505.16,0.6547200250211298
moderate,50.0,hotspot_area,no named hotspot within radius,383,36844755000.00,531480784.35,52.51993682363711
moderate,50.0,hotspot_area,Mwiki,15,2452310000.00,212542463.43,21.003048615079813
moderate,50.0,hotspot_area,Kariobangi,11,1537915000.00,105330247.41,10.408537998898334
moderate,50.0,hotspot_area,Westlands,7,663500000.00,57852267.01,5.716852796823765
moderate,50.0,hotspot_area,Kitisuru,14,2824290000.00,36672981.45,3.6239554196563977
moderate,50.0,hotspot_area,Dandora,6,816040000.00,32931585.17,3.254237638611675
moderate,50.0,hotspot_area,Parklands,8,928505000.00,14771663.88,1.4597081900268747
moderate,50.0,hotspot_area,Nairobi West,11,529150000.00,10392967.75,1.027013630055613
moderate,50.0,hotspot_area,Kayole,7,54060000.00,2639572.46,0.26083761242686665
moderate,50.0,hotspot_area,Mathare,10,652485000.00,2282007.55,0.22550371694743454
moderate,50.0,hotspot_area,Madaraka,9,3004390000.00,2097441.79,0.20726527382693385
moderate,50.0,hotspot_area,Tassia,3,6710000.00,1048808.50,0.10364129387567689
moderate,50.0,hotspot_area,Lavington,7,164285000.00,1039477.25,0.10271919720743153
moderate,50.0,hotspot_area,Kiambiu,15,1613180000.00,450494.65,0.044517038534747005
moderate,50.0,hotspot_area,Kawangware,10,732180000.00,192071.51,0.018980147293862524
moderate,50.0,hotspot_area,Kileleshwa,11,44150000.00,120249.92,0.01188287213275506
moderate,50.0,hotspot_area,Donholm,10,1510130000.00,103687.98,0.010246252205769983
moderate,50.0,hotspot_area,Lang'ata,16,3581705000.00,11288.24,0.0011154827589394734
moderate,50.0,hotspot_area,Chiromo,6,88480000.00,0.00,0.0
moderate,50.0,hotspot_area,Fedha,10,577360000.00,0.00,0.0
moderate,50.0,hotspot_area,Kangemi,9,840210000.00,0.00,0.0
moderate,50.0,hotspot_area,Kibera,14,2486400000.00,0.00,0.0
moderate,50.0,hotspot_area,Komarock,8,1682885000.00,0.00,0.0
moderate,50.0,geographic_grid,grid-34-27,2,752620000.00,165047676.10,16.30970258362478
moderate,50.0,geographic_grid,grid-37-25,2,384310000.00,97973307.44,9.681538954309657
moderate,50.0,geographic_grid,grid-38-28,3,1007815000.00,74027863.92,7.315295022419572
moderate,50.0,geographic_grid,grid-36-25,1,827820000.00,60149372.39,5.943848453087018
moderate,50.0,geographic_grid,grid-20-22,2,530570000.00,57852267.01,5.716852796823765
moderate,50.0,geographic_grid,grid-32-21,3,489475000.00,56235055.44,5.557042974930144
moderate,50.0,geographic_grid,grid-34-12,4,1368200000.00,54530075.88,5.388560084459689
moderate,50.0,geographic_grid,grid-31-20,2,845050000.00,48739200.32,4.816316595098728
moderate,50.0,geographic_grid,grid-38-25,3,837050000.00,38966390.22,3.8505857838350104
moderate,50.0,geographic_grid,grid-17-22,2,425365000.00,36672981.45,3.6239554196563977
moderate,50.0,geographic_grid,grid-37-17,1,706790000.00,33238927.71,3.284608653442921
moderate,50.0,geographic_grid,grid-36-23,2,168700000.00,23296718.53,2.3021381420027174
moderate,50.0,geographic_grid,grid-12-19,3,442770000.00,21153921.98,2.09039099564155
moderate,50.0,geographic_grid,grid-33-23,1,58185000.00,17846156.91,1.7635238395386306
moderate,50.0,geographic_grid,grid-36-27,3,46515000.00,17004570.16,1.6803598113307872
moderate,50.0,geographic_grid,grid-31-28,2,97260000.00,16804561.89,1.6605953682616894
moderate,50.0,geographic_grid,grid-38-24,3,47550000.00,16198514.55,1.6007069039066502
moderate,50.0,geographic_grid,grid-30-27,4,75930000.00,16124905.27,1.5934329725641247
moderate,50.0,geographic_grid,grid-34-24,3,129065000.00,15939304.88,1.5750922892425936
moderate,50.0,geographic_grid,grid-24-21,3,299870000.00,14399847.41,1.4229659820498353
moderate,50.0,geographic_grid,grid-38-26,3,229110000.00,14195570.29,1.4027796992098345
moderate,50.0,geographic_grid,grid-34-29,2,1357070000.00,13516144.07,1.335640071209241
moderate,50.0,geographic_grid,grid-30-11,1,70840000.00,12192237.92,1.204814142208889
moderate,50.0,geographic_grid,grid-25-15,2,441215000.00,10392967.75,1.027013630055613
moderate,50.0,geographic_grid,grid-37-23,1,24420000.00,8696882.05,0.8594096141918656
moderate,50.0,geographic_grid,grid-34-22,1,46335000.00,8556106.85,0.8454984722878791
moderate,50.0,geographic_grid,grid-38-19,1,66125000.00,8101086.46,0.8005342085930147
moderate,50.0,geographic_grid,grid-28-11,1,116700000.00,8044423.57,0.7949348878072515
moderate,50.0,geographic_grid,grid-33-28,1,44085000.00,6513952.72,0.6436966215908669
moderate,50.0,geographic_grid,grid-32-28,2,31205000.00,4895305.40,0.48374492156822524
moderate,50.0,geographic_grid,grid-25-21,1,31480000.00,4348020.70,0.42966327136577015
moderate,50.0,geographic_grid,grid-36-22,1,37065000.00,2523628.16,0.2493802136076259
moderate,50.0,geographic_grid,grid-38-22,2,7345000.00,2420227.43,0.2391623469094732
moderate,50.0,geographic_grid,grid-23-15,3,1164335000.00,1980501.22,0.19570942547009926
moderate,50.0,geographic_grid,grid-36-20,2,33990000.00,1964465.53,0.19412480858361403
moderate,50.0,geographic_grid,grid-30-21,3,132070000.00,1873636.52,0.1851492557368867
moderate,50.0,geographic_grid,grid-21-26,2,35840000.00,1685142.61,0.1665226401821068
moderate,50.0,geographic_grid,grid-36-28,2,38595000.00,1411883.51,0.1395196871289012
moderate,50.0,geographic_grid,grid-35-25,1,5850000.00,1343759.13,0.13278776334331185
moderate,50.0,geographic_grid,grid-35-23,1,3200000.00,1078500.31,0.10657538299290921
moderate,50.0,geographic_grid,grid-33-17,1,4480000.00,1048808.50,0.10364129387567689
moderate,50.0,geographic_grid,grid-35-28,2,11780000.00,1039936.87,0.10276461599598172
moderate,50.0,geographic_grid,grid-20-20,1,28335000.00,1039477.25,0.10271919720743153
moderate,50.0,geographic_grid,grid-37-22,1,5795000.00,1023209.09,0.10111160807044749
moderate,50.0,geographic_grid,grid-38-23,1,3240000.00,978262.80,0.09667009977745462
moderate,50.0,geographic_grid,grid-32-27,1,2185000.00,902314.91,0.08916507136976382
moderate,50.0,geographic_grid,grid-32-25,1,67155000.00,585407.53,0.05784887694346883
moderate,50.0,geographic_grid,grid-32-23,1,1165000.00,574396.15,0.05676075297178406
moderate,50.0,geographic_grid,grid-33-27,2,5735000.00,511510.84,0.05054654428242557
moderate,50.0,geographic_grid,grid-37-26,2,33920000.00,502445.96,0.04965076979925944
moderate,50.0,geographic_grid,grid-32-29,4,772300000.00,479761.50,0.047409133899787764
moderate,50.0,geographic_grid,grid-30-19,3,29140000.00,450494.65,0.044517038534747005
moderate,50.0,geographic_grid,grid-29-15,1,7390000.00,442844.02,0.04376101759082438
moderate,50.0,geographic_grid,grid-28-21,1,47880000.00,399261.01,0.0394542260770289
moderate,50.0,geographic_grid,grid-35-29,1,130825000.00,394438.07,0.038977632168908635
moderate,50.0,geographic_grid,grid-35-19,1,875000.00,380283.54,0.037578907994379074
moderate,50.0,geographic_grid,grid-24-20,1,4725000.00,371816.47,0.03674220797703947
moderate,50.0,geographic_grid,grid-38-13,1,935000.00,354179.91,0.03499939611203646
moderate,50.0,geographic_grid,grid-31-22,1,865000.00,330171.07,0.032626887458593906
moderate,50.0,geographic_grid,grid-38-21,1,4620000.00,260745.14,0.025766346936923673
moderate,50.0,geographic_grid,grid-35-20,1,1175000.00,259475.39,0.025640872617351852
moderate,50.0,geographic_grid,grid-33-30,1,4615000.00,236887.99,0.02340882800550187
moderate,50.0,geographic_grid,grid-37-29,1,1930000.00,234182.77,0.02314150322598458
moderate,50.0,geographic_grid,grid-16-19,2,642830000.00,192071.51,0.018980147293862524
moderate,50.0,geographic_grid,grid-19-26,4,1148365000.00,157606.37,0.015574366635900325
moderate,50.0,geographic_grid,grid-31-27,1,3360000.00,135491.95,0.013389061022806851
moderate,50.0,geographic_grid,grid-24-17,2,1398025000.00,116940.57,0.011555848356834602
moderate,50.0,geographic_grid,grid-32-16,2,58645000.00,103687.98,0.010246252205769983
moderate,50.0,geographic_grid,grid-37-18,1,72965000.00,92832.26,0.009173510264078947
moderate,50.0,geographic_grid,grid-34-25,1,4535000.00,87010.55,0.008598219773041768
moderate,50.0,geographic_grid,grid-20-18,3,2970000.00,74818.33,0.007393407401653755
moderate,50.0,geographic_grid,grid-33-12,2,1520000.00,67143.23,0.006634968378109221
moderate,50.0,geographic_grid,grid-38-18,1,1430000.00,62375.96,0.006163875675242398
moderate,50.0,geographic_grid,grid-19-17,1,715000.00,45431.59,0.004489464731101305
moderate,50.0,geographic_grid,grid-36-19,3,18020000.00,35348.00,0.0034930232315216994
moderate,50.0,geographic_grid,grid-31-21,2,77730000.00,25820.58,0.002551541410868071
moderate,50.0,geographic_grid,grid-22-14,2,1510000.00,11288.24,0.0011154827589394734
moderate,50.0,geographic_grid,grid-29-21,3,223285000.00,9110.02,0.0009002351335189349
moderate,50.0,geographic_grid,grid-30-23,1,1470000.00,6710.07,0.0006630765643073671
moderate,50.0,geographic_grid,grid-11-12,1,1360000.00,0.00,0.0
moderate,50.0,geographic_grid,grid-11-15,2,54810000.00,0.00,0.0
moderate,50.0,geographic_grid,grid-11-17,1,5495000.00,0.00,0.0
moderate,50.0,geographic_grid,grid-11-18,1,695000.00,0.00,0.0
moderate,50.0,geographic_grid,grid-11-20,1,84745000.00,0.00,0.0
moderate,50.0,geographic_grid,grid-11-23,1,3125000.00,0.00,0.0
moderate,50.0,geographic_grid,grid-11-24,2,7120000.00,0.00,0.0
moderate,50.0,geographic_grid,grid-11-25,1,3775000.00,0.00,0.0
moderate,50.0,geographic_grid,grid-11-27,1,49505000.00,0.00,0.0
moderate,50.0,geographic_grid,grid-11-28,2,1130000.00,0.00,0.0
moderate,50.0,geographic_grid,grid-11-29,1,86580000.00,0.00,0.0
moderate,50.0,geographic_grid,grid-12-11,2,2925000.00,0.00,0.0
moderate,50.0,geographic_grid,grid-12-12,5,56695000.00,0.00,0.0
moderate,50.0,geographic_grid,grid-12-14,2,65155000.00,0.00,0.0
moderate,50.0,geographic_grid,grid-12-15,3,1939875000.00,0.00,0.0
moderate,50.0,geographic_grid,grid-12-16,3,58350000.00,0.00,0.0
moderate,50.0,geographic_grid,grid-12-17,2,477685000.00,0.00,0.0
moderate,50.0,geographic_grid,grid-12-20,2,130235000.00,0.00,0.0
moderate,50.0,geographic_grid,grid-12-21,1,1275000.00,0.00,0.0
moderate,50.0,geographic_grid,grid-12-23,1,5080000.00,0.00,0.0
moderate,50.0,geographic_grid,grid-12-24,1,1930000.00,0.00,0.0
moderate,50.0,geographic_grid,grid-12-26,1,1090000.00,0.00,0.0
moderate,50.0,geographic_grid,grid-12-27,1,697740000.00,0.00,0.0
moderate,50.0,geographic_grid,grid-12-28,1,850565000.00,0.00,0.0
moderate,50.0,geographic_grid,grid-12-29,2,39815000.00,0.00,0.0
moderate,50.0,geographic_grid,grid-13-11,3,315795000.00,0.00,0.0
moderate,50.0,geographic_grid,grid-13-12,2,107600000.00,0.00,0.0
moderate,50.0,geographic_grid,grid-13-14,3,47870000.00,0.00,0.0
moderate,50.0,geographic_grid,grid-13-15,1,25425000.00,0.00,0.0
moderate,50.0,geographic_grid,grid-13-16,2,67815000.00,0.00,0.0
moderate,50.0,geographic_grid,grid-13-18,2,431735000.00,0.00,0.0
moderate,50.0,geographic_grid,grid-13-19,3,8285000.00,0.00,0.0
moderate,50.0,geographic_grid,grid-13-20,2,399515000.00,0.00,0.0
moderate,50.0,geographic_grid,grid-13-21,1,68610000.00,0.00,0.0
moderate,50.0,geographic_grid,grid-13-24,1,6680000.00,0.00,0.0
moderate,50.0,geographic_grid,grid-13-25,1,925000.00,0.00,0.0
moderate,50.0,geographic_grid,grid-13-26,6,1211505000.00,0.00,0.0
moderate,50.0,geographic_grid,grid-13-29,3,124425000.00,0.00,0.0
moderate,50.0,geographic_grid,grid-14-13,1,6125000.00,0.00,0.0
moderate,50.0,geographic_grid,grid-14-15,3,351105000.00,0.00,0.0
moderate,50.0,geographic_grid,grid-14-16,2,55365000.00,0.00,0.0
moderate,50.0,geographic_grid,grid-14-17,2,452420000.00,0.00,0.0
moderate,50.0,geographic_grid,grid-14-18,1,935855000.00,0.00,0.0
moderate,50.0,geographic_grid,grid-14-20,4,185645000.00,0.00,0.0
moderate,50.0,geographic_grid,grid-14-22,1,1455000.00,0.00,0.0
moderate,50.0,geographic_grid,grid-14-23,1,28945000.00,0.00,0.0
moderate,50.0,geographic_grid,grid-14-24,1,1010000.00,0.00,0.0
moderate,50.0,geographic_grid,grid-14-25,1,106590000.00,0.00,0.0
moderate,50.0,geographic_grid,grid-14-26,2,5350000.00,0.00,0.0
moderate,50.0,geographic_grid,grid-14-27,1,1592010000.00,0.00,0.0
moderate,50.0,geographic_grid,grid-14-28,1,2720000.00,0.00,0.0
moderate,50.0,geographic_grid,grid-14-29,2,61575000.00,0.00,0.0
moderate,50.0,geographic_grid,grid-15-14,1,31350000.00,0.00,0.0
moderate,50.0,geographic_grid,grid-15-15,2,4170000.00,0.00,0.0
moderate,50.0,geographic_grid,grid-15-17,3,481735000.00,0.00,0.0
moderate,50.0,geographic_grid,grid-15-18,2,88985000.00,0.00,0.0
moderate,50.0,geographic_grid,grid-15-20,1,64740000.00,0.00,0.0
moderate,50.0,geographic_grid,grid-15-21,1,5635000.00,0.00,0.0
moderate,50.0,geographic_grid,grid-15-22,2,108260000.00,0.00,0.0
moderate,50.0,geographic_grid,grid-15-23,3,72275000.00,0.00,0.0
moderate,50.0,geographic_grid,grid-15-24,2,8580000.00,0.00,0.0
moderate,50.0,geographic_grid,grid-15-26,1,33235000.00,0.00,0.0
moderate,50.0,geographic_grid,grid-15-27,1,1010000.00,0.00,0.0
moderate,50.0,geographic_grid,grid-15-29,2,103360000.00,0.00,0.0
moderate,50.0,geographic_grid,grid-16-13,1,10010000.00,0.00,0.0
moderate,50.0,geographic_grid,grid-16-15,1,3695000.00,0.00,0.0
moderate,50.0,geographic_grid,grid-16-16,1,3595000.00,0.00,0.0
moderate,50.0,geographic_grid,grid-16-17,1,76960000.00,0.00,0.0
moderate,50.0,geographic_grid,grid-16-18,1,5565000.00,0.00,0.0
moderate,50.0,geographic_grid,grid-16-21,3,122235000.00,0.00,0.0
moderate,50.0,geographic_grid,grid-16-22,1,67745000.00,0.00,0.0
moderate,50.0,geographic_grid,grid-16-27,1,58300000.00,0.00,0.0
moderate,50.0,geographic_grid,grid-16-28,1,8060000.00,0.00,0.0
moderate,50.0,geographic_grid,grid-16-29,1,1110000.00,0.00,0.0
moderate,50.0,geographic_grid,grid-17-11,1,410000.00,0.00,0.0
moderate,50.0,geographic_grid,grid-17-12,2,48485000.00,0.00,0.0
moderate,50.0,geographic_grid,grid-17-14,3,81190000.00,0.00,0.0
moderate,50.0,geographic_grid,grid-17-17,2,148115000.00,0.00,0.0
moderate,50.0,geographic_grid,grid-17-18,1,755000.00,0.00,0.0
moderate,50.0,geographic_grid,grid-17-19,2,7340000.00,0.00,0.0
moderate,50.0,geographic_grid,grid-17-20,1,1240000.00,0.00,0.0
moderate,50.0,geographic_grid,grid-17-24,3,61900000.00,0.00,0.0
moderate,50.0,geographic_grid,grid-17-28,2,36955000.00,0.00,0.0
moderate,50.0,geographic_grid,grid-18-12,1,3650000.00,0.00,0.0
moderate,50.0,geographic_grid,grid-18-13,4,314405000.00,0.00,0.0
moderate,50.0,geographic_grid,grid-18-14,2,383085000.00,0.00,0.0
moderate,50.0,geographic_grid,grid-18-15,1,495000.00,0.00,0.0
moderate,50.0,geographic_grid,grid-18-16,1,59055000.00,0.00,0.0
moderate,50.0,geographic_grid,grid-18-18,1,49225000.00,0.00,0.0
moderate,50.0,geographic_grid,grid-18-20,1,1980000.00,0.00,0.0
moderate,50.0,geographic_grid,grid-18-21,2,35705000.00,0.00,0.0
moderate,50.0,geographic_grid,grid-18-22,1,52055000.00,0.00,0.0
moderate,50.0,geographic_grid,grid-18-23,1,3240000.00,0.00,0.0
moderate,50.0,geographic_grid,grid-18-24,1,1181605000.00,0.00,0.0
moderate,50.0,geographic_grid,grid-18-26,1,1325000.00,0.00,0.0
moderate,50.0,geographic_grid,grid-18-27,1,1185000.00,0.00,0.0
moderate,50.0,geographic_grid,grid-18-29,1,930000.00,0.00,0.0
moderate,50.0,geographic_grid,grid-19-11,1,1165000.00,0.00,0.0
moderate,50.0,geographic_grid,grid-19-12,1,1240000.00,0.00,0.0
moderate,50.0,geographic_grid,grid-19-13,2,54115000.00,0.00,0.0
moderate,50.0,geographic_grid,grid-19-15,4,1603060000.00,0.00,0.0
moderate,50.0,geographic_grid,grid-19-16,1,767380000.00,0.00,0.0
moderate,50.0,geographic_grid,grid-19-19,1,32130000.00,0.00,0.0
moderate,50.0,geographic_grid,grid-19-20,2,17795000.00,0.00,0.0
moderate,50.0,geographic_grid,grid-19-22,1,5375000.00,0.00,0.0
moderate,50.0,geographic_grid,grid-19-23,1,823910000.00,0.00,0.0
moderate,50.0,geographic_grid,grid-19-24,1,1100000.00,0.00,0.0
moderate,50.0,geographic_grid,grid-19-25,2,268855000.00,0.00,0.0
moderate,50.0,geographic_grid,grid-19-27,1,499980000.00,0.00,0.0
moderate,50.0,geographic_grid,grid-20-11,1,81015000.00,0.00,0.0
moderate,50.0,geographic_grid,grid-20-12,2,7845000.00,0.00,0.0
moderate,50.0,geographic_grid,grid-20-13,2,57920000.00,0.00,0.0
moderate,50.0,geographic_grid,grid-20-14,5,1014985000.00,0.00,0.0
moderate,50.0,geographic_grid,grid-20-16,1,2280000.00,0.00,0.0
moderate,50.0,geographic_grid,grid-20-17,2,4155000.00,0.00,0.0
moderate,50.0,geographic_grid,grid-20-19,2,13365000.00,0.00,0.0
moderate,50.0,geographic_grid,grid-20-24,1,885000.00,0.00,0.0
moderate,50.0,geographic_grid,grid-20-25,1,5185000.00,0.00,0.0
moderate,50.0,geographic_grid,grid-20-26,1,2160000.00,0.00,0.0
moderate,50.0,geographic_grid,grid-20-27,1,1170000.00,0.00,0.0
moderate,50.0,geographic_grid,grid-20-29,2,4040000.00,0.00,0.0
moderate,50.0,geographic_grid,grid-21-12,5,2926700000.00,0.00,0.0
moderate,50.0,geographic_grid,grid-21-14,2,5815000.00,0.00,0.0
moderate,50.0,geographic_grid,grid-21-15,3,47480000.00,0.00,0.0
moderate,50.0,geographic_grid,grid-21-17,3,6550000.00,0.00,0.0
moderate,50.0,geographic_grid,grid-21-19,2,1870000.00,0.00,0.0
moderate,50.0,geographic_grid,grid-21-20,2,22490000.00,0.00,0.0
moderate,50.0,geographic_grid,grid-21-21,2,84955000.00,0.00,0.0
moderate,50.0,geographic_grid,grid-21-22,1,3200000.00,0.00,0.0
moderate,50.0,geographic_grid,grid-21-23,1,925000.00,0.00,0.0
moderate,50.0,geographic_grid,grid-21-24,1,38180000.00,0.00,0.0
moderate,50.0,geographic_grid,grid-21-25,3,7480000.00,0.00,0.0
moderate,50.0,geographic_grid,grid-21-29,5,10035000.00,0.00,0.0
moderate,50.0,geographic_grid,grid-22-13,2,94765000.00,0.00,0.0
moderate,50.0,geographic_grid,grid-22-15,2,61240000.00,0.00,0.0
moderate,50.0,geographic_grid,grid-22-17,2,7955000.00,0.00,0.0
moderate,50.0,geographic_grid,grid-22-20,1,1500000.00,0.00,0.0
moderate,50.0,geographic_grid,grid-22-23,1,43850000.00,0.00,0.0
moderate,50.0,geographic_grid,grid-22-24,2,32325000.00,0.00,0.0
moderate,50.0,geographic_grid,grid-23-13,1,393455000.00,0.00,0.0
moderate,50.0,geographic_grid,grid-23-14,2,399670000.00,0.00,0.0
moderate,50.0,geographic_grid,grid-23-19,1,4795000.00,0.00,0.0
moderate,50.0,geographic_grid,grid-23-20,2,108930000.00,0.00,0.0
moderate,50.0,geographic_grid,grid-23-21,1,5850000.00,0.00,0.0
moderate,50.0,geographic_grid,grid-23-22,1,2150000.00,0.00,0.0
moderate,50.0,geographic_grid,grid-23-23,2,7870000.00,0.00,0.0
moderate,50.0,geographic_grid,grid-23-24,2,58825000.00,0.00,0.0
moderate,50.0,geographic_grid,grid-23-27,1,1196260000.00,0.00,0.0
moderate,50.0,geographic_grid,grid-23-28,1,521240000.00,0.00,0.0
moderate,50.0,geographic_grid,grid-24-11,3,90035000.00,0.00,0.0
moderate,50.0,geographic_grid,grid-24-12,1,5435000.00,0.00,0.0
moderate,50.0,geographic_grid,grid-24-14,3,36705000.00,0.00,0.0
moderate,50.0,geographic_grid,grid-24-15,2,38330000.00,0.00,0.0
moderate,50.0,geographic_grid,grid-24-18,1,1080000.00,0.00,0.0
moderate,50.0,geographic_grid,grid-24-19,2,6295000.00,0.00,0.0
moderate,50.0,geographic_grid,grid-24-22,1,4115000.00,0.00,0.0
moderate,50.0,geographic_grid,grid-24-23,1,35135000.00,0.00,0.0
moderate,50.0,geographic_grid,grid-24-25,1,3535000.00,0.00,0.0
moderate,50.0,geographic_grid,grid-24-26,4,469920000.00,0.00,0.0
moderate,50.0,geographic_grid,grid-24-27,1,534130000.00,0.00,0.0
moderate,50.0,geographic_grid,grid-24-28,1,37675000.00,0.00,0.0
moderate,50.0,geographic_grid,grid-25-12,1,1585000.00,0.00,0.0
moderate,50.0,geographic_grid,grid-25-14,2,1725000.00,0.00,0.0
moderate,50.0,geographic_grid,grid-25-17,2,44110000.00,0.00,0.0
moderate,50.0,geographic_grid,grid-25-18,2,10045000.00,0.00,0.0
moderate,50.0,geographic_grid,grid-25-20,2,582015000.00,0.00,0.0
moderate,50.0,geographic_grid,grid-25-22,2,5670000.00,0.00,0.0
moderate,50.0,geographic_grid,grid-25-24,2,42850000.00,0.00,0.0
moderate,50.0,geographic_grid,grid-25-25,2,6115000.00,0.00,0.0
moderate,50.0,geographic_grid,grid-25-27,1,590000.00,0.00,0.0
moderate,50.0,geographic_grid,grid-25-28,2,80495000.00,0.00,0.0
moderate,50.0,geographic_grid,grid-25-29,3,33205000.00,0.00,0.0
moderate,50.0,geographic_grid,grid-26-12,1,3150000.00,0.00,0.0
moderate,50.0,geographic_grid,grid-26-14,2,6975000.00,0.00,0.0
moderate,50.0,geographic_grid,grid-26-17,1,716255000.00,0.00,0.0
moderate,50.0,geographic_grid,grid-26-19,2,10605000.00,0.00,0.0
moderate,50.0,geographic_grid,grid-26-20,1,5600000.00,0.00,0.0
moderate,50.0,geographic_grid,grid-26-21,1,6610000.00,0.00,0.0
moderate,50.0,geographic_grid,grid-26-22,1,1090000.00,0.00,0.0
moderate,50.0,geographic_grid,grid-26-24,2,92325000.00,0.00,0.0
moderate,50.0,geographic_grid,grid-26-26,4,24100000.00,0.00,0.0
moderate,50.0,geographic_grid,grid-26-27,1,730000.00,0.00,0.0
moderate,50.0,geographic_grid,grid-27-12,1,67680000.00,0.00,0.0
moderate,50.0,geographic_grid,grid-27-13,2,1164280000.00,0.00,0.0
moderate,50.0,geographic_grid,grid-27-14,1,78030000.00,0.00,0.0
moderate,50.0,geographic_grid,grid-27-17,3,1024650000.00,0.00,0.0
moderate,50.0,geographic_grid,grid-27-18,1,7865000.00,0.00,0.0
moderate,50.0,geographic_grid,grid-27-19,2,495760000.00,0.00,0.0
moderate,50.0,geographic_grid,grid-27-20,1,1045000.00,0.00,0.0
moderate,50.0,geographic_grid,grid-27-21,2,548640000.00,0.00,0.0
moderate,50.0,geographic_grid,grid-27-22,1,795000.00,0.00,0.0
moderate,50.0,geographic_grid,grid-27-24,1,36035000.00,0.00,0.0
moderate,50.0,geographic_grid,grid-27-25,1,1275000.00,0.00,0.0
moderate,50.0,geographic_grid,grid-27-26,2,101905000.00,0.00,0.0
moderate,50.0,geographic_grid,grid-27-27,1,5015000.00,0.00,0.0
moderate,50.0,geographic_grid,grid-27-28,2,13285000.00,0.00,0.0
moderate,50.0,geographic_grid,grid-27-29,1,740000.00,0.00,0.0
moderate,50.0,geographic_grid,grid-28-12,2,84560000.00,0.00,0.0
moderate,50.0,geographic_grid,grid-28-13,2,2260000.00,0.00,0.0
moderate,50.0,geographic_grid,grid-28-14,1,2400000.00,0.00,0.0
moderate,50.0,geographic_grid,grid-28-15,1,6100000.00,0.00,0.0
moderate,50.0,geographic_grid,grid-28-16,2,872065000.00,0.00,0.0
moderate,50.0,geographic_grid,grid-28-17,1,38080000.00,0.00,0.0
moderate,50.0,geographic_grid,grid-28-22,1,2520000.00,0.00,0.0
moderate,50.0,geographic_grid,grid-28-23,1,93240000.00,0.00,0.0
moderate,50.0,geographic_grid,grid-28-24,1,2490000.00,0.00,0.0
moderate,50.0,geographic_grid,grid-28-26,2,30875000.00,0.00,0.0
moderate,50.0,geographic_grid,grid-28-27,1,1900000.00,0.00,0.0
moderate,50.0,geographic_grid,grid-28-28,1,95790000.00,0.00,0.0
moderate,50.0,geographic_grid,grid-29-12,1,695000.00,0.00,0.0
moderate,50.0,geographic_grid,grid-29-13,1,1470000.00,0.00,0.0
moderate,50.0,geographic_grid,grid-29-17,1,1155000.00,0.00,0.0
moderate,50.0,geographic_grid,grid-29-18,1,2575000.00,0.00,0.0
moderate,50.0,geographic_grid,grid-29-19,4,1060615000.00,0.00,0.0
moderate,50.0,geographic_grid,grid-29-20,2,239120000.00,0.00,0.0
moderate,50.0,geographic_grid,grid-29-23,1,900000.00,0.00,0.0
moderate,50.0,geographic_grid,grid-29-24,1,42840000.00,0.00,0.0
moderate,50.0,geographic_grid,grid-29-26,1,266365000.00,0.00,0.0
moderate,50.0,geographic_grid,grid-29-27,1,6050000.00,0.00,0.0
moderate,50.0,geographic_grid,grid-29-28,1,4500000.00,0.00,0.0
moderate,50.0,geographic_grid,grid-30-12,1,6200000.00,0.00,0.0
moderate,50.0,geographic_grid,grid-30-13,2,388355000.00,0.00,0.0
moderate,50.0,geographic_grid,grid-30-14,2,53785000.00,0.00,0.0
moderate,50.0,geographic_grid,grid-30-16,1,704215000.00,0.00,0.0
moderate,50.0,geographic_grid,grid-30-17,2,4425000.00,0.00,0.0
moderate,50.0,geographic_grid,grid-30-18,1,1100000.00,0.00,0.0
moderate,50.0,geographic_grid,grid-30-20,2,33315000.00,0.00,0.0
moderate,50.0,geographic_grid,grid-30-22,1,74420000.00,0.00,0.0
moderate,50.0,geographic_grid,grid-30-24,1,23595000.00,0.00,0.0
moderate,50.0,geographic_grid,grid-30-25,2,38360000.00,0.00,0.0
moderate,50.0,geographic_grid,grid-30-28,2,56425000.00,0.00,0.0
moderate,50.0,geographic_grid,grid-30-29,1,63800000.00,0.00,0.0
moderate,50.0,geographic_grid,grid-31-13,3,49130000.00,0.00,0.0
moderate,50.0,geographic_grid,grid-31-14,2,459180000.00,0.00,0.0
moderate,50.0,geographic_grid,grid-31-16,2,83295000.00,0.00,0.0
moderate,50.0,geographic_grid,grid-31-26,1,3110000.00,0.00,0.0
moderate,50.0,geographic_grid,grid-32-14,1,635000.00,0.00,0.0
moderate,50.0,geographic_grid,grid-32-15,1,1235000.00,0.00,0.0
moderate,50.0,geographic_grid,grid-32-17,1,805000.00,0.00,0.0
moderate,50.0,geographic_grid,grid-32-18,4,667205000.00,0.00,0.0
moderate,50.0,geographic_grid,grid-32-26,1,107485000.00,0.00,0.0
moderate,50.0,geographic_grid,grid-33-11,2,5475000.00,0.00,0.0
moderate,50.0,geographic_grid,grid-33-15,1,62610000.00,0.00,0.0
moderate,50.0,geographic_grid,grid-33-18,2,32490000.00,0.00,0.0
moderate,50.0,geographic_grid,grid-33-19,1,3960000.00,0.00,0.0
moderate,50.0,geographic_grid,grid-33-20,1,1108710000.00,0.00,0.0
moderate,50.0,geographic_grid,grid-33-22,1,633555000.00,0.00,0.0
moderate,50.0,geographic_grid,grid-34-14,3,5805000.00,0.00,0.0
moderate,50.0,geographic_grid,grid-34-16,1,995000.00,0.00,0.0
moderate,50.0,geographic_grid,grid-34-19,2,526540000.00,0.00,0.0
moderate,50.0,geographic_grid,grid-34-20,1,5905000.00,0.00,0.0
moderate,50.0,geographic_grid,grid-35-11,1,1150000.00,0.00,0.0
moderate,50.0,geographic_grid,grid-35-12,1,563530000.00,0.00,0.0
moderate,50.0,geographic_grid,grid-35-14,1,72865000.00,0.00,0.0
moderate,50.0,geographic_grid,grid-35-16,1,625000.00,0.00,0.0
moderate,50.0,geographic_grid,grid-35-17,1,925000.00,0.00,0.0
moderate,50.0,geographic_grid,grid-35-18,1,66900000.00,0.00,0.0
moderate,50.0,geographic_grid,grid-36-13,6,374160000.00,0.00,0.0
moderate,50.0,geographic_grid,grid-36-14,3,42860000.00,0.00,0.0
moderate,50.0,geographic_grid,grid-36-15,1,1520000.00,0.00,0.0
moderate,50.0,geographic_grid,grid-36-16,1,3980000.00,0.00,0.0
moderate,50.0,geographic_grid,grid-36-17,2,284195000.00,0.00,0.0
moderate,50.0,geographic_grid,grid-36-24,1,946115000.00,0.00,0.0
moderate,50.0,geographic_grid,grid-36-26,1,4990000.00,0.00,0.0
moderate,50.0,geographic_grid,grid-36-29,1,28450000.00,0.00,0.0
moderate,50.0,geographic_grid,grid-37-11,1,404475000.00,0.00,0.0
moderate,50.0,geographic_grid,grid-37-13,1,1090000.00,0.00,0.0
moderate,50.0,geographic_grid,grid-37-14,2,1030090000.00,0.00,0.0
moderate,50.0,geographic_grid,grid-37-15,3,436320000.00,0.00,0.0
moderate,50.0,geographic_grid,grid-37-16,1,1330000.00,0.00,0.0
moderate,50.0,geographic_grid,grid-37-21,1,1230000.00,0.00,0.0
moderate,50.0,geographic_grid,grid-38-11,3,12640000.00,0.00,0.0
moderate,50.0,geographic_grid,grid-38-12,2,80060000.00,0.00,0.0
moderate,50.0,geographic_grid,grid-38-16,3,6665000.00,0.00,0.0
moderate,50.0,geographic_grid,grid-38-29,1,1245000.00,0.00,0.0
occasional,100.0,construction,concrete_rcc,84,54135085000.00,1341749321.84,78.94556554633138
occasional,100.0,construction,permanent_masonry,156,8451170000.00,315582421.25,18.568172397431436
occasional,100.0,construction,semi_permanent,181,850710000.00,31177282.16,1.834402397120982
occasional,100.0,construction,informal_iron_sheet,179,198110000.00,11078928.24,0.651859659116205
occasional,100.0,hotspot_area,no named hotspot within radius,383,36844755000.00,952672056.26,56.053118892949676
occasional,100.0,hotspot_area,Mwiki,15,2452310000.00,292608999.46,17.216467018323193
occasional,100.0,hotspot_area,Kariobangi,11,1537915000.00,163511225.20,9.620639218125763
occasional,100.0,hotspot_area,Westlands,7,663500000.00,77701560.12,4.571788118434506
occasional,100.0,hotspot_area,Dandora,6,816040000.00,52752679.02,3.1038510782378514
occasional,100.0,hotspot_area,Kitisuru,14,2824290000.00,52039521.28,3.061890452514683
occasional,100.0,hotspot_area,Nairobi West,11,529150000.00,30778259.07,1.8109247601336975
occasional,100.0,hotspot_area,Lang'ata,16,3581705000.00,22489663.39,1.3232421037004205
occasional,100.0,hotspot_area,Parklands,8,928505000.00,16635589.92,0.9788013551072677
occasional,100.0,hotspot_area,Madaraka,9,3004390000.00,16324262.08,0.9604835128702298
occasional,100.0,hotspot_area,Mathare,10,652485000.00,7505140.54,0.44158588701388785
occasional,100.0,hotspot_area,Kayole,7,54060000.00,5935424.81,0.34922728169565853
occasional,100.0,hotspot_area,Lavington,7,164285000.00,3363802.23,0.19791869100346574
occasional,100.0,hotspot_area,Kiambiu,15,1613180000.00,2223413.13,0.1308207160114519
occasional,100.0,hotspot_area,Tassia,3,6710000.00,1373473.77,0.08081216198194718
occasional,100.0,hotspot_area,Donholm,10,1510130000.00,739742.13,0.04352479249343847
occasional,100.0,hotspot_area,Kileleshwa,11,44150000.00,448266.00,0.02637498101110408
occasional,100.0,hotspot_area,Kawangware,10,732180000.00,271434.81,0.015970624494167848
occasional,100.0,hotspot_area,Kibera,14,2486400000.00,213440.27,0.012558353897585204
occasional,100.0,hotspot_area,Chiromo,6,88480000.00,0.00,0.0
occasional,100.0,hotspot_area,Fedha,10,577360000.00,0.00,0.0
occasional,100.0,hotspot_area,Kangemi,9,840210000.00,0.00,0.0
occasional,100.0,hotspot_area,Komarock,8,1682885000.00,0.00,0.0
occasional,100.0,geographic_grid,grid-34-27,2,752620000.00,181741407.40,10.693262859789346
occasional,100.0,geographic_grid,grid-38-28,3,1007815000.00,116301117.80,6.842900807880096
occasional,100.0,geographic_grid,grid-37-25,2,384310000.00,104423839.13,6.144067973391552
occasional,100.0,geographic_grid,grid-34-12,4,1368200000.00,94622085.03,5.56735441879894
occasional,100.0,geographic_grid,grid-36-25,1,827820000.00,94299325.94,5.548363987068871
occasional,100.0,geographic_grid,grid-31-20,2,845050000.00,84925979.59,4.99685699793351
occasional,100.0,geographic_grid,grid-20-22,2,530570000.00,77701560.12,4.571788118434506
occasional,100.0,geographic_grid,grid-34-29,2,1357070000.00,77611782.85,4.566505822227614
occasional,100.0,geographic_grid,grid-38-25,3,837050000.00,75781015.29,4.4587875040175655
occasional,100.0,geographic_grid,grid-32-21,3,489475000.00,74564779.18,4.387226858538611
occasional,100.0,geographic_grid,grid-37-17,1,706790000.00,64113968.51,3.772324249436217
occasional,100.0,geographic_grid,grid-17-22,2,425365000.00,52039521.28,3.061890452514683
occasional,100.0,geographic_grid,grid-12-19,3,442770000.00,39865336.79,2.345588335580925
occasional,100.0,geographic_grid,grid-25-15,2,441215000.00,30778259.07,1.8109247601336975
occasional,100.0,geographic_grid,grid-36-23,2,168700000.00,29472303.44,1.7340852163302538
occasional,100.0,geographic_grid,grid-36-24,1,946115000.00,28904249.49,1.700662177008662
occasional,100.0,geographic_grid,grid-38-26,3,229110000.00,27263709.50,1.604136428715892
occasional,100.0,geographic_grid,grid-27-21,2,548640000.00,24286405.75,1.428958454320022
occasional,100.0,geographic_grid,grid-20-14,5,1014985000.00,22365539.23,1.3159389123742453
occasional,100.0,geographic_grid,grid-34-24,3,129065000.00,22221533.08,1.3074659086850693
occasional,100.0,geographic_grid,grid-31-28,2,97260000.00,21349357.90,1.256149048136073
occasional,100.0,geographic_grid,grid-33-23,1,58185000.00,19133315.58,1.1257620142994604
occasional,100.0,geographic_grid,grid-30-27,4,75930000.00,18904771.75,1.1123150003022912
occasional,100.0,geographic_grid,grid-36-27,3,46515000.00,17883137.06,1.0522042724107377
occasional,100.0,geographic_grid,grid-38-24,3,47550000.00,17239819.60,1.014352894452981
occasional,100.0,geographic_grid,grid-24-21,3,299870000.00,15904740.49,0.9357997894337029
occasional,100.0,geographic_grid,grid-30-11,1,70840000.00,15469668.85,0.9102011354124969
occasional,100.0,geographic_grid,grid-32-29,4,772300000.00,14868818.53,0.8748484301425995
occasional,100.0,geographic_grid,grid-28-11,1,116700000.00,14585369.70,0.8581709272562114
occasional,100.0,geographic_grid,grid-23-15,3,1164335000.00,13771577.76,0.8102892075529782
occasional,100.0,geographic_grid,grid-36-17,2,284195000.00,12638263.69,0.7436075116941196
occasional,100.0,geographic_grid,grid-33-22,1,633555000.00,12263382.02,0.7215503025199663
occasional,100.0,geographic_grid,grid-38-19,1,66125000.00,11471377.21,0.6749504894079902
occasional,100.0,geographic_grid,grid-13-18,2,431735000.00,10614842.46,0.6245538772031815
occasional,100.0,geographic_grid,grid-34-22,1,46335000.00,10521681.18,0.6190724733247474
occasional,100.0,geographic_grid,grid-27-17,3,1024650000.00,10167109.64,0.5982102673252339
occasional,100.0,geographic_grid,grid-37-23,1,24420000.00,9122647.95,0.5367564491891814
occasional,100.0,geographic_grid,grid-33-28,1,44085000.00,8655353.10,0.5092618526876919
occasional,100.0,geographic_grid,grid-35-29,1,130825000.00,8544836.12,0.5027592777681026
occasional,100.0,geographic_grid,grid-32-28,2,31205000.00,6419734.03,0.3777229661352605
occasional,100.0,geographic_grid,grid-26-17,1,716255000.00,6335474.77,0.37276533744490775
occasional,100.0,geographic_grid,grid-30-21,3,132070000.00,6137905.07,0.3611407728206232
occasional,100.0,geographic_grid,grid-25-21,1,31480000.00,5905914.81,0.34749097849702715
occasional,100.0,geographic_grid,grid-32-25,1,67155000.00,4732851.77,0.2784705410674027
occasional,100.0,geographic_grid,grid-37-18,1,72965000.00,4650610.15,0.2736316258567411
occasional,100.0,geographic_grid,grid-36-22,1,37065000.00,4604066.43,0.2708930962087505
occasional,100.0,geographic_grid,grid-36-13,6,374160000.00,4532638.20,0.2666904169738615
occasional,100.0,geographic_grid,grid-35-18,1,66900000.00,4083330.18,0.2402541258082661
occasional,100.0,geographic_grid,grid-36-20,2,33990000.00,3927218.77,0.2310688753668615
occasional,100.0,geographic_grid,grid-32-26,1,107485000.00,3795203.15,0.22330136797020608
occasional,100.0,geographic_grid,grid-36-28,2,38595000.00,3614796.63,0.2126866469356432
occasional,100.0,geographic_grid,grid-21-26,2,35840000.00,3534039.96,0.20793510290203368
occasional,100.0,geographic_grid,grid-28-21,1,47880000.00,3358013.60,0.1975781008040522
occasional,100.0,geographic_grid,grid-38-22,2,7345000.00,2745975.04,0.16156710421260095
occasional,100.0,geographic_grid,grid-20-20,1,28335000.00,2714278.34,0.1597021404174109
occasional,100.0,geographic_grid,grid-37-26,2,33920000.00,2680981.16,0.15774300791522847
occasional,100.0,geographic_grid,grid-23-14,2,399670000.00,2176461.75,0.1280582005497726
occasional,100.0,geographic_grid,grid-12-20,2,130235000.00,2149761.28,0.12648720388877766
occasional,100.0,geographic_grid,grid-28-12,2,84560000.00,2036844.46,0.11984342768595554
occasional,100.0,geographic_grid,grid-30-14,2,53785000.00,1969483.15,0.11588003703814131
occasional,100.0,geographic_grid,grid-35-28,2,11780000.00,1923339.88,0.11316506898336971
occasional,100.0,geographic_grid,grid-30-19,3,29140000.00,1796961.31,0.10572923315383884
occasional,100.0,geographic_grid,grid-35-25,1,5850000.00,1604651.34,0.09441413942155488
occasional,100.0,geographic_grid,grid-37-22,1,5795000.00,1372981.10,0.08078317436768526
occasional,100.0,geographic_grid,grid-33-17,1,4480000.00,1246730.93,0.07335489331045882
occasional,100.0,geographic_grid,grid-36-19,3,18020000.00,1234149.03,0.07261460211375059
occasional,100.0,geographic_grid,grid-35-23,1,3200000.00,1188641.97,0.06993706724969405
occasional,100.0,geographic_grid,grid-38-23,1,3240000.00,1100564.88,0.06475480587751033
occasional,100.0,geographic_grid,grid-29-15,1,7390000.00,1017530.22,0.05986922994544436
occasional,100.0,geographic_grid,grid-32-27,1,2185000.00,957645.09,0.056345721210457764
occasional,100.0,geographic_grid,grid-33-27,2,5735000.00,952247.38,0.056028131880119424
occasional,100.0,geographic_grid,grid-26-24,2,92325000.00,935197.15,0.0550249340188385
occasional,100.0,geographic_grid,grid-28-17,1,38080000.00,935111.50,0.055019894562079334
occasional,100.0,geographic_grid,grid-36-29,1,28450000.00,805375.63,0.047386522618391734
occasional,100.0,geographic_grid,grid-32-16,2,58645000.00,739742.13,0.04352479249343847
occasional,100.0,geographic_grid,grid-24-20,1,4725000.00,730849.43,0.0430015656735649
occasional,100.0,geographic_grid,grid-24-23,1,35135000.00,718915.35,0.042299390774319816
occasional,100.0,geographic_grid,grid-27-14,1,78030000.00,656440.80,0.03862352628777104
occasional,100.0,geographic_grid,grid-19-20,2,17795000.00,649523.89,0.03821655058605484
occasional,100.0,geographic_grid,grid-32-23,1,1165000.00,625327.45,0.036792885517688466
occasional,100.0,geographic_grid,grid-38-21,1,4620000.00,621548.62,0.03657054750968833
occasional,100.0,geographic_grid,grid-33-30,1,4615000.00,599536.52,0.035275404180695
occasional,100.0,geographic_grid,grid-27-18,1,7865000.00,599015.35,0.03524473968940287
occasional,100.0,geographic_grid,grid-34-25,1,4535000.00,457195.71,0.026900385417605283
occasional,100.0,geographic_grid,grid-37-29,1,1930000.00,445660.00,0.026221649728974863
occasional,100.0,geographic_grid,grid-35-19,1,875000.00,425536.61,0.025037633923339277
occasional,100.0,geographic_grid,grid-38-13,1,935000.00,407547.52,0.023979195614038454
occasional,100.0,geographic_grid,grid-31-27,1,3360000.00,403028.49,0.023713305873485725
occasional,100.0,geographic_grid,grid-38-12,2,80060000.00,385256.75,0.022667655957957267
occasional,100.0,geographic_grid,grid-31-22,1,865000.00,379246.85,0.022314046720632478
occasional,100.0,geographic_grid,grid-24-17,2,1398025000.00,376222.57,0.02213610476747908
occasional,100.0,geographic_grid,grid-35-20,1,1175000.00,348520.40,0.020506170291707156
occasional,100.0,geographic_grid,grid-21-25,3,7480000.00,325595.99,0.019157348658032584
occasional,100.0,geographic_grid,grid-36-26,1,4990000.00,277893.59,0.01635064483890713
occasional,100.0,geographic_grid,grid-16-19,2,642830000.00,271434.81,0.015970624494167848
occasional,100.0,geographic_grid,grid-20-18,3,2970000.00,259236.41,0.015252897590129058
occasional,100.0,geographic_grid,grid-36-16,1,3980000.00,247630.89,0.014570054435341526
occasional,100.0,geographic_grid,grid-19-26,4,1148365000.00,243459.95,0.014324645541295457
occasional,100.0,geographic_grid,grid-29-21,3,223285000.00,235899.53,0.013879807132993308
occasional,100.0,geographic_grid,grid-38-18,1,1430000.00,235456.73,0.013853753759345257
occasional,100.0,geographic_grid,grid-21-15,3,47480000.00,213440.27,0.012558353897585204
occasional,100.0,geographic_grid,grid-27-28,2,13285000.00,212202.34,0.01248551683155058
occasional,100.0,geographic_grid,grid-30-23,1,1470000.00,190076.34,0.011183671878215532
occasional,100.0,geographic_grid,grid-31-21,2,77730000.00,186095.45,0.010949445106260277
occasional,100.0,geographic_grid,grid-33-12,2,1520000.00,154898.08,0.009113860785017113
occasional,100.0,geographic_grid,grid-37-21,1,1230000.00,150102.69,0.00883171063267266
occasional,100.0,geographic_grid,grid-37-16,1,1330000.00,140432.24,0.008262722721211984
occasional,100.0,geographic_grid,grid-19-17,1,715000.00,130621.29,0.007685468100181409
occasional,100.0,geographic_grid,grid-32-15,1,1235000.00,126742.84,0.0074572686714883644
occasional,100.0,geographic_grid,grid-22-14,2,1510000.00,124124.16,0.007303191326175184
occasional,100.0,geographic_grid,grid-38-29,1,1245000.00,110166.07,0.006481928150513229
occasional,100.0,geographic_grid,grid-25-18,2,10045000.00,109553.34,0.006445876471119892
occasional,100.0,geographic_grid,grid-14-15,3,351105000.00,89061.63,0.00524018953047516
occasional,100.0,geographic_grid,grid-37-13,1,1090000.00,74985.12,0.004411958783658277
occasional,100.0,geographic_grid,grid-29-18,1,2575000.00,62532.46,0.003679271782998545
occasional,100.0,geographic_grid,grid-21-19,2,1870000.00,58408.30,0.003436615320793615
occasional,100.0,geographic_grid,grid-30-20,2,33315000.00,58238.98,0.003426652906100553
occasional,100.0,geographic_grid,grid-35-17,1,925000.00,46187.47,0.0027175686851131685
occasional,100.0,geographic_grid,grid-35-16,1,625000.00,41716.68,0.002454517279575755
occasional,100.0,geographic_grid,grid-29-12,1,695000.00,23259.57,0.0013685417075496385
occasional,100.0,geographic_grid,grid-27-27,1,5015000.00,12390.63,0.0007290372925129646
occasional,100.0,geographic_grid,grid-23-23,2,7870000.00,12060.98,0.000709641414863733
occasional,100.0,geographic_grid,grid-38-16,3,6665000.00,10619.79,0.0006248449795253555
occasional,100.0,geographic_grid,grid-36-15,1,1520000.00,6998.07,0.0004117509767958693
occasional,100.0,geographic_grid,grid-28-27,1,1900000.00,6307.10,0.00037109582867122327
occasional,100.0,geographic_grid,grid-36-14,3,42860000.00,510.09,3.0012568573021557e-05
occasional,100.0,geographic_grid,grid-11-12,1,1360000.00,0.00,0.0
occasional,100.0,geographic_grid,grid-11-15,2,54810000.00,0.00,0.0
occasional,100.0,geographic_grid,grid-11-17,1,5495000.00,0.00,0.0
occasional,100.0,geographic_grid,grid-11-18,1,695000.00,0.00,0.0
occasional,100.0,geographic_grid,grid-11-20,1,84745000.00,0.00,0.0
occasional,100.0,geographic_grid,grid-11-23,1,3125000.00,0.00,0.0
occasional,100.0,geographic_grid,grid-11-24,2,7120000.00,0.00,0.0
occasional,100.0,geographic_grid,grid-11-25,1,3775000.00,0.00,0.0
occasional,100.0,geographic_grid,grid-11-27,1,49505000.00,0.00,0.0
occasional,100.0,geographic_grid,grid-11-28,2,1130000.00,0.00,0.0
occasional,100.0,geographic_grid,grid-11-29,1,86580000.00,0.00,0.0
occasional,100.0,geographic_grid,grid-12-11,2,2925000.00,0.00,0.0
occasional,100.0,geographic_grid,grid-12-12,5,56695000.00,0.00,0.0
occasional,100.0,geographic_grid,grid-12-14,2,65155000.00,0.00,0.0
occasional,100.0,geographic_grid,grid-12-15,3,1939875000.00,0.00,0.0
occasional,100.0,geographic_grid,grid-12-16,3,58350000.00,0.00,0.0
occasional,100.0,geographic_grid,grid-12-17,2,477685000.00,0.00,0.0
occasional,100.0,geographic_grid,grid-12-21,1,1275000.00,0.00,0.0
occasional,100.0,geographic_grid,grid-12-23,1,5080000.00,0.00,0.0
occasional,100.0,geographic_grid,grid-12-24,1,1930000.00,0.00,0.0
occasional,100.0,geographic_grid,grid-12-26,1,1090000.00,0.00,0.0
occasional,100.0,geographic_grid,grid-12-27,1,697740000.00,0.00,0.0
occasional,100.0,geographic_grid,grid-12-28,1,850565000.00,0.00,0.0
occasional,100.0,geographic_grid,grid-12-29,2,39815000.00,0.00,0.0
occasional,100.0,geographic_grid,grid-13-11,3,315795000.00,0.00,0.0
occasional,100.0,geographic_grid,grid-13-12,2,107600000.00,0.00,0.0
occasional,100.0,geographic_grid,grid-13-14,3,47870000.00,0.00,0.0
occasional,100.0,geographic_grid,grid-13-15,1,25425000.00,0.00,0.0
occasional,100.0,geographic_grid,grid-13-16,2,67815000.00,0.00,0.0
occasional,100.0,geographic_grid,grid-13-19,3,8285000.00,0.00,0.0
occasional,100.0,geographic_grid,grid-13-20,2,399515000.00,0.00,0.0
occasional,100.0,geographic_grid,grid-13-21,1,68610000.00,0.00,0.0
occasional,100.0,geographic_grid,grid-13-24,1,6680000.00,0.00,0.0
occasional,100.0,geographic_grid,grid-13-25,1,925000.00,0.00,0.0
occasional,100.0,geographic_grid,grid-13-26,6,1211505000.00,0.00,0.0
occasional,100.0,geographic_grid,grid-13-29,3,124425000.00,0.00,0.0
occasional,100.0,geographic_grid,grid-14-13,1,6125000.00,0.00,0.0
occasional,100.0,geographic_grid,grid-14-16,2,55365000.00,0.00,0.0
occasional,100.0,geographic_grid,grid-14-17,2,452420000.00,0.00,0.0
occasional,100.0,geographic_grid,grid-14-18,1,935855000.00,0.00,0.0
occasional,100.0,geographic_grid,grid-14-20,4,185645000.00,0.00,0.0
occasional,100.0,geographic_grid,grid-14-22,1,1455000.00,0.00,0.0
occasional,100.0,geographic_grid,grid-14-23,1,28945000.00,0.00,0.0
occasional,100.0,geographic_grid,grid-14-24,1,1010000.00,0.00,0.0
occasional,100.0,geographic_grid,grid-14-25,1,106590000.00,0.00,0.0
occasional,100.0,geographic_grid,grid-14-26,2,5350000.00,0.00,0.0
occasional,100.0,geographic_grid,grid-14-27,1,1592010000.00,0.00,0.0
occasional,100.0,geographic_grid,grid-14-28,1,2720000.00,0.00,0.0
occasional,100.0,geographic_grid,grid-14-29,2,61575000.00,0.00,0.0
occasional,100.0,geographic_grid,grid-15-14,1,31350000.00,0.00,0.0
occasional,100.0,geographic_grid,grid-15-15,2,4170000.00,0.00,0.0
occasional,100.0,geographic_grid,grid-15-17,3,481735000.00,0.00,0.0
occasional,100.0,geographic_grid,grid-15-18,2,88985000.00,0.00,0.0
occasional,100.0,geographic_grid,grid-15-20,1,64740000.00,0.00,0.0
occasional,100.0,geographic_grid,grid-15-21,1,5635000.00,0.00,0.0
occasional,100.0,geographic_grid,grid-15-22,2,108260000.00,0.00,0.0
occasional,100.0,geographic_grid,grid-15-23,3,72275000.00,0.00,0.0
occasional,100.0,geographic_grid,grid-15-24,2,8580000.00,0.00,0.0
occasional,100.0,geographic_grid,grid-15-26,1,33235000.00,0.00,0.0
occasional,100.0,geographic_grid,grid-15-27,1,1010000.00,0.00,0.0
occasional,100.0,geographic_grid,grid-15-29,2,103360000.00,0.00,0.0
occasional,100.0,geographic_grid,grid-16-13,1,10010000.00,0.00,0.0
occasional,100.0,geographic_grid,grid-16-15,1,3695000.00,0.00,0.0
occasional,100.0,geographic_grid,grid-16-16,1,3595000.00,0.00,0.0
occasional,100.0,geographic_grid,grid-16-17,1,76960000.00,0.00,0.0
occasional,100.0,geographic_grid,grid-16-18,1,5565000.00,0.00,0.0
occasional,100.0,geographic_grid,grid-16-21,3,122235000.00,0.00,0.0
occasional,100.0,geographic_grid,grid-16-22,1,67745000.00,0.00,0.0
occasional,100.0,geographic_grid,grid-16-27,1,58300000.00,0.00,0.0
occasional,100.0,geographic_grid,grid-16-28,1,8060000.00,0.00,0.0
occasional,100.0,geographic_grid,grid-16-29,1,1110000.00,0.00,0.0
occasional,100.0,geographic_grid,grid-17-11,1,410000.00,0.00,0.0
occasional,100.0,geographic_grid,grid-17-12,2,48485000.00,0.00,0.0
occasional,100.0,geographic_grid,grid-17-14,3,81190000.00,0.00,0.0
occasional,100.0,geographic_grid,grid-17-17,2,148115000.00,0.00,0.0
occasional,100.0,geographic_grid,grid-17-18,1,755000.00,0.00,0.0
occasional,100.0,geographic_grid,grid-17-19,2,7340000.00,0.00,0.0
occasional,100.0,geographic_grid,grid-17-20,1,1240000.00,0.00,0.0
occasional,100.0,geographic_grid,grid-17-24,3,61900000.00,0.00,0.0
occasional,100.0,geographic_grid,grid-17-28,2,36955000.00,0.00,0.0
occasional,100.0,geographic_grid,grid-18-12,1,3650000.00,0.00,0.0
occasional,100.0,geographic_grid,grid-18-13,4,314405000.00,0.00,0.0
occasional,100.0,geographic_grid,grid-18-14,2,383085000.00,0.00,0.0
occasional,100.0,geographic_grid,grid-18-15,1,495000.00,0.00,0.0
occasional,100.0,geographic_grid,grid-18-16,1,59055000.00,0.00,0.0
occasional,100.0,geographic_grid,grid-18-18,1,49225000.00,0.00,0.0
occasional,100.0,geographic_grid,grid-18-20,1,1980000.00,0.00,0.0
occasional,100.0,geographic_grid,grid-18-21,2,35705000.00,0.00,0.0
occasional,100.0,geographic_grid,grid-18-22,1,52055000.00,0.00,0.0
occasional,100.0,geographic_grid,grid-18-23,1,3240000.00,0.00,0.0
occasional,100.0,geographic_grid,grid-18-24,1,1181605000.00,0.00,0.0
occasional,100.0,geographic_grid,grid-18-26,1,1325000.00,0.00,0.0
occasional,100.0,geographic_grid,grid-18-27,1,1185000.00,0.00,0.0
occasional,100.0,geographic_grid,grid-18-29,1,930000.00,0.00,0.0
occasional,100.0,geographic_grid,grid-19-11,1,1165000.00,0.00,0.0
occasional,100.0,geographic_grid,grid-19-12,1,1240000.00,0.00,0.0
occasional,100.0,geographic_grid,grid-19-13,2,54115000.00,0.00,0.0
occasional,100.0,geographic_grid,grid-19-15,4,1603060000.00,0.00,0.0
occasional,100.0,geographic_grid,grid-19-16,1,767380000.00,0.00,0.0
occasional,100.0,geographic_grid,grid-19-19,1,32130000.00,0.00,0.0
occasional,100.0,geographic_grid,grid-19-22,1,5375000.00,0.00,0.0
occasional,100.0,geographic_grid,grid-19-23,1,823910000.00,0.00,0.0
occasional,100.0,geographic_grid,grid-19-24,1,1100000.00,0.00,0.0
occasional,100.0,geographic_grid,grid-19-25,2,268855000.00,0.00,0.0
occasional,100.0,geographic_grid,grid-19-27,1,499980000.00,0.00,0.0
occasional,100.0,geographic_grid,grid-20-11,1,81015000.00,0.00,0.0
occasional,100.0,geographic_grid,grid-20-12,2,7845000.00,0.00,0.0
occasional,100.0,geographic_grid,grid-20-13,2,57920000.00,0.00,0.0
occasional,100.0,geographic_grid,grid-20-16,1,2280000.00,0.00,0.0
occasional,100.0,geographic_grid,grid-20-17,2,4155000.00,0.00,0.0
occasional,100.0,geographic_grid,grid-20-19,2,13365000.00,0.00,0.0
occasional,100.0,geographic_grid,grid-20-24,1,885000.00,0.00,0.0
occasional,100.0,geographic_grid,grid-20-25,1,5185000.00,0.00,0.0
occasional,100.0,geographic_grid,grid-20-26,1,2160000.00,0.00,0.0
occasional,100.0,geographic_grid,grid-20-27,1,1170000.00,0.00,0.0
occasional,100.0,geographic_grid,grid-20-29,2,4040000.00,0.00,0.0
occasional,100.0,geographic_grid,grid-21-12,5,2926700000.00,0.00,0.0
occasional,100.0,geographic_grid,grid-21-14,2,5815000.00,0.00,0.0
occasional,100.0,geographic_grid,grid-21-17,3,6550000.00,0.00,0.0
occasional,100.0,geographic_grid,grid-21-20,2,22490000.00,0.00,0.0
occasional,100.0,geographic_grid,grid-21-21,2,84955000.00,0.00,0.0
occasional,100.0,geographic_grid,grid-21-22,1,3200000.00,0.00,0.0
occasional,100.0,geographic_grid,grid-21-23,1,925000.00,0.00,0.0
occasional,100.0,geographic_grid,grid-21-24,1,38180000.00,0.00,0.0
occasional,100.0,geographic_grid,grid-21-29,5,10035000.00,0.00,0.0
occasional,100.0,geographic_grid,grid-22-13,2,94765000.00,0.00,0.0
occasional,100.0,geographic_grid,grid-22-15,2,61240000.00,0.00,0.0
occasional,100.0,geographic_grid,grid-22-17,2,7955000.00,0.00,0.0
occasional,100.0,geographic_grid,grid-22-20,1,1500000.00,0.00,0.0
occasional,100.0,geographic_grid,grid-22-23,1,43850000.00,0.00,0.0
occasional,100.0,geographic_grid,grid-22-24,2,32325000.00,0.00,0.0
occasional,100.0,geographic_grid,grid-23-13,1,393455000.00,0.00,0.0
occasional,100.0,geographic_grid,grid-23-19,1,4795000.00,0.00,0.0
occasional,100.0,geographic_grid,grid-23-20,2,108930000.00,0.00,0.0
occasional,100.0,geographic_grid,grid-23-21,1,5850000.00,0.00,0.0
occasional,100.0,geographic_grid,grid-23-22,1,2150000.00,0.00,0.0
occasional,100.0,geographic_grid,grid-23-24,2,58825000.00,0.00,0.0
occasional,100.0,geographic_grid,grid-23-27,1,1196260000.00,0.00,0.0
occasional,100.0,geographic_grid,grid-23-28,1,521240000.00,0.00,0.0
occasional,100.0,geographic_grid,grid-24-11,3,90035000.00,0.00,0.0
occasional,100.0,geographic_grid,grid-24-12,1,5435000.00,0.00,0.0
occasional,100.0,geographic_grid,grid-24-14,3,36705000.00,0.00,0.0
occasional,100.0,geographic_grid,grid-24-15,2,38330000.00,0.00,0.0
occasional,100.0,geographic_grid,grid-24-18,1,1080000.00,0.00,0.0
occasional,100.0,geographic_grid,grid-24-19,2,6295000.00,0.00,0.0
occasional,100.0,geographic_grid,grid-24-22,1,4115000.00,0.00,0.0
occasional,100.0,geographic_grid,grid-24-25,1,3535000.00,0.00,0.0
occasional,100.0,geographic_grid,grid-24-26,4,469920000.00,0.00,0.0
occasional,100.0,geographic_grid,grid-24-27,1,534130000.00,0.00,0.0
occasional,100.0,geographic_grid,grid-24-28,1,37675000.00,0.00,0.0
occasional,100.0,geographic_grid,grid-25-12,1,1585000.00,0.00,0.0
occasional,100.0,geographic_grid,grid-25-14,2,1725000.00,0.00,0.0
occasional,100.0,geographic_grid,grid-25-17,2,44110000.00,0.00,0.0
occasional,100.0,geographic_grid,grid-25-20,2,582015000.00,0.00,0.0
occasional,100.0,geographic_grid,grid-25-22,2,5670000.00,0.00,0.0
occasional,100.0,geographic_grid,grid-25-24,2,42850000.00,0.00,0.0
occasional,100.0,geographic_grid,grid-25-25,2,6115000.00,0.00,0.0
occasional,100.0,geographic_grid,grid-25-27,1,590000.00,0.00,0.0
occasional,100.0,geographic_grid,grid-25-28,2,80495000.00,0.00,0.0
occasional,100.0,geographic_grid,grid-25-29,3,33205000.00,0.00,0.0
occasional,100.0,geographic_grid,grid-26-12,1,3150000.00,0.00,0.0
occasional,100.0,geographic_grid,grid-26-14,2,6975000.00,0.00,0.0
occasional,100.0,geographic_grid,grid-26-19,2,10605000.00,0.00,0.0
occasional,100.0,geographic_grid,grid-26-20,1,5600000.00,0.00,0.0
occasional,100.0,geographic_grid,grid-26-21,1,6610000.00,0.00,0.0
occasional,100.0,geographic_grid,grid-26-22,1,1090000.00,0.00,0.0
occasional,100.0,geographic_grid,grid-26-26,4,24100000.00,0.00,0.0
occasional,100.0,geographic_grid,grid-26-27,1,730000.00,0.00,0.0
occasional,100.0,geographic_grid,grid-27-12,1,67680000.00,0.00,0.0
occasional,100.0,geographic_grid,grid-27-13,2,1164280000.00,0.00,0.0
occasional,100.0,geographic_grid,grid-27-19,2,495760000.00,0.00,0.0
occasional,100.0,geographic_grid,grid-27-20,1,1045000.00,0.00,0.0
occasional,100.0,geographic_grid,grid-27-22,1,795000.00,0.00,0.0
occasional,100.0,geographic_grid,grid-27-24,1,36035000.00,0.00,0.0
occasional,100.0,geographic_grid,grid-27-25,1,1275000.00,0.00,0.0
occasional,100.0,geographic_grid,grid-27-26,2,101905000.00,0.00,0.0
occasional,100.0,geographic_grid,grid-27-29,1,740000.00,0.00,0.0
occasional,100.0,geographic_grid,grid-28-13,2,2260000.00,0.00,0.0
occasional,100.0,geographic_grid,grid-28-14,1,2400000.00,0.00,0.0
occasional,100.0,geographic_grid,grid-28-15,1,6100000.00,0.00,0.0
occasional,100.0,geographic_grid,grid-28-16,2,872065000.00,0.00,0.0
occasional,100.0,geographic_grid,grid-28-22,1,2520000.00,0.00,0.0
occasional,100.0,geographic_grid,grid-28-23,1,93240000.00,0.00,0.0
occasional,100.0,geographic_grid,grid-28-24,1,2490000.00,0.00,0.0
occasional,100.0,geographic_grid,grid-28-26,2,30875000.00,0.00,0.0
occasional,100.0,geographic_grid,grid-28-28,1,95790000.00,0.00,0.0
occasional,100.0,geographic_grid,grid-29-13,1,1470000.00,0.00,0.0
occasional,100.0,geographic_grid,grid-29-17,1,1155000.00,0.00,0.0
occasional,100.0,geographic_grid,grid-29-19,4,1060615000.00,0.00,0.0
occasional,100.0,geographic_grid,grid-29-20,2,239120000.00,0.00,0.0
occasional,100.0,geographic_grid,grid-29-23,1,900000.00,0.00,0.0
occasional,100.0,geographic_grid,grid-29-24,1,42840000.00,0.00,0.0
occasional,100.0,geographic_grid,grid-29-26,1,266365000.00,0.00,0.0
occasional,100.0,geographic_grid,grid-29-27,1,6050000.00,0.00,0.0
occasional,100.0,geographic_grid,grid-29-28,1,4500000.00,0.00,0.0
occasional,100.0,geographic_grid,grid-30-12,1,6200000.00,0.00,0.0
occasional,100.0,geographic_grid,grid-30-13,2,388355000.00,0.00,0.0
occasional,100.0,geographic_grid,grid-30-16,1,704215000.00,0.00,0.0
occasional,100.0,geographic_grid,grid-30-17,2,4425000.00,0.00,0.0
occasional,100.0,geographic_grid,grid-30-18,1,1100000.00,0.00,0.0
occasional,100.0,geographic_grid,grid-30-22,1,74420000.00,0.00,0.0
occasional,100.0,geographic_grid,grid-30-24,1,23595000.00,0.00,0.0
occasional,100.0,geographic_grid,grid-30-25,2,38360000.00,0.00,0.0
occasional,100.0,geographic_grid,grid-30-28,2,56425000.00,0.00,0.0
occasional,100.0,geographic_grid,grid-30-29,1,63800000.00,0.00,0.0
occasional,100.0,geographic_grid,grid-31-13,3,49130000.00,0.00,0.0
occasional,100.0,geographic_grid,grid-31-14,2,459180000.00,0.00,0.0
occasional,100.0,geographic_grid,grid-31-16,2,83295000.00,0.00,0.0
occasional,100.0,geographic_grid,grid-31-26,1,3110000.00,0.00,0.0
occasional,100.0,geographic_grid,grid-32-14,1,635000.00,0.00,0.0
occasional,100.0,geographic_grid,grid-32-17,1,805000.00,0.00,0.0
occasional,100.0,geographic_grid,grid-32-18,4,667205000.00,0.00,0.0
occasional,100.0,geographic_grid,grid-33-11,2,5475000.00,0.00,0.0
occasional,100.0,geographic_grid,grid-33-15,1,62610000.00,0.00,0.0
occasional,100.0,geographic_grid,grid-33-18,2,32490000.00,0.00,0.0
occasional,100.0,geographic_grid,grid-33-19,1,3960000.00,0.00,0.0
occasional,100.0,geographic_grid,grid-33-20,1,1108710000.00,0.00,0.0
occasional,100.0,geographic_grid,grid-34-14,3,5805000.00,0.00,0.0
occasional,100.0,geographic_grid,grid-34-16,1,995000.00,0.00,0.0
occasional,100.0,geographic_grid,grid-34-19,2,526540000.00,0.00,0.0
occasional,100.0,geographic_grid,grid-34-20,1,5905000.00,0.00,0.0
occasional,100.0,geographic_grid,grid-35-11,1,1150000.00,0.00,0.0
occasional,100.0,geographic_grid,grid-35-12,1,563530000.00,0.00,0.0
occasional,100.0,geographic_grid,grid-35-14,1,72865000.00,0.00,0.0
occasional,100.0,geographic_grid,grid-37-11,1,404475000.00,0.00,0.0
occasional,100.0,geographic_grid,grid-37-14,2,1030090000.00,0.00,0.0
occasional,100.0,geographic_grid,grid-37-15,3,436320000.00,0.00,0.0
occasional,100.0,geographic_grid,grid-38-11,3,12640000.00,0.00,0.0
common,250.0,construction,concrete_rcc,84,54135085000.00,2137076151.88,80.66907192259085
common,250.0,construction,permanent_masonry,156,8451170000.00,444620705.16,16.78327635225939
common,250.0,construction,semi_permanent,181,850710000.00,50197880.27,1.8948395499617248
common,250.0,construction,informal_iron_sheet,179,198110000.00,17294228.11,0.6528121751880462
common,250.0,hotspot_area,no named hotspot within radius,383,36844755000.00,1516530939.19,57.24510251950149
common,250.0,hotspot_area,Mwiki,15,2452310000.00,373525859.32,14.099630649064762
common,250.0,hotspot_area,Kariobangi,11,1537915000.00,217732547.50,8.218837928968984
common,250.0,hotspot_area,Westlands,7,663500000.00,94039595.74,3.5497503940830075
common,250.0,hotspot_area,Dandora,6,816040000.00,85270782.54,3.2187504799787376
common,250.0,hotspot_area,Kitisuru,14,2824290000.00,73519328.82,2.775163636103411
common,250.0,hotspot_area,Madaraka,9,3004390000.00,63722072.23,2.4053426562531963
common,250.0,hotspot_area,Nairobi West,11,529150000.00,48911353.08,1.8462764913504628
common,250.0,hotspot_area,Lang'ata,16,3581705000.00,48272598.15,1.8221651524336206
common,250.0,hotspot_area,Parklands,8,928505000.00,30228695.00,1.141054692382337
common,250.0,hotspot_area,Kiambiu,15,1613180000.00,23411091.51,0.8837078749604571
common,250.0,hotspot_area,Komarock,8,1682885000.00,22930291.01,0.8655589053597259
common,250.0,hotspot_area,Mathare,10,652485000.00,15379829.75,0.5805486113204347
common,250.0,hotspot_area,Kawangware,10,732180000.00,13487416.64,0.5091149335155757
common,250.0,hotspot_area,Kayole,7,54060000.00,8920377.42,0.33672106959670095
common,250.0,hotspot_area,Lavington,7,164285000.00,5627265.82,0.21241466325932165
common,250.0,hotspot_area,Donholm,10,1510130000.00,3408003.91,0.12864329251272183
common,250.0,hotspot_area,Tassia,3,6710000.00,1666026.86,0.06288818509161613
common,250.0,hotspot_area,Kileleshwa,11,44150000.00,1186627.38,0.044792100355584605
common,250.0,hotspot_area,Kibera,14,2486400000.00,650277.10,0.02454627089604028
common,250.0,hotspot_area,Fedha,10,577360000.00,482988.40,0.01823155714086358
common,250.0,hotspot_area,Chiromo,6,88480000.00,284998.05,0.010757935870943681
common,250.0,hotspot_area,Kangemi,9,840210000.00,0.00,0.0
common,250.0,geographic_grid,grid-34-27,2,752620000.00,195482080.03,7.378940595844149
common,250.0,geographic_grid,grid-38-28,3,1007815000.00,151063896.56,5.702269582572056
common,250.0,geographic_grid,grid-34-12,4,1368200000.00,145815272.48,5.504147661164766
common,250.0,geographic_grid,grid-34-29,2,1357070000.00,130354534.75,4.920544983824274
common,250.0,geographic_grid,grid-36-25,1,827820000.00,122408285.96,4.620594738910725
common,250.0,geographic_grid,grid-31-20,2,845050000.00,114663515.44,4.328249775184359
common,250.0,geographic_grid,grid-37-25,2,384310000.00,109733294.15,4.1421467317867595
common,250.0,geographic_grid,grid-38-25,3,837050000.00,106048113.89,4.003040752254803
common,250.0,geographic_grid,grid-20-22,2,530570000.00,94039595.74,3.5497503940830075
common,250.0,geographic_grid,grid-32-21,3,489475000.00,89646274.51,3.3839139329114474
common,250.0,geographic_grid,grid-37-17,1,706790000.00,89527344.85,3.3794246472639378
common,250.0,geographic_grid,grid-36-24,1,946115000.00,67830921.02,2.5604410219656093
common,250.0,geographic_grid,grid-17-22,2,425365000.00,64687784.69,2.4417957923867637
common,250.0,geographic_grid,grid-12-19,3,442770000.00,55266776.28,2.08617720371782
common,250.0,geographic_grid,grid-20-14,5,1014985000.00,47988025.90,1.8114232894063116
common,250.0,geographic_grid,grid-32-29,4,772300000.00,47965953.64,1.810590118942139
common,250.0,geographic_grid,grid-25-15,2,441215000.00,47540390.75,1.794526225593839
common,250.0,geographic_grid,grid-27-21,2,548640000.00,45996736.39,1.736257284414127
common,250.0,geographic_grid,grid-27-17,3,1024650000.00,45692536.97,1.7247745467170157
common,250.0,geographic_grid,grid-23-15,3,1164335000.00,43219626.46,1.6314286003810226
common,250.0,geographic_grid,grid-33-22,1,633555000.00,38941720.21,1.46994875481924
common,250.0,geographic_grid,grid-38-26,3,229110000.00,38010474.59,1.4347966523397417
common,250.0,geographic_grid,grid-26-17,1,716255000.00,37145416.29,1.4021429492143078
common,250.0,geographic_grid,grid-36-23,2,168700000.00,34555452.22,1.3043785351310948
common,250.0,geographic_grid,grid-13-18,2,431735000.00,28403700.56,1.0721658941945995
common,250.0,geographic_grid,grid-34-24,3,129065000.00,27136680.62,1.0243391835847306
common,250.0,geographic_grid,grid-31-28,2,97260000.00,24149675.25,0.9115874920674575
common,250.0,geographic_grid,grid-36-17,2,284195000.00,24037256.01,0.907343957858784
common,250.0,geographic_grid,grid-30-27,4,75930000.00,21187250.52,0.7997636558417792
common,250.0,geographic_grid,grid-33-23,1,58185000.00,20192781.81,0.7622250459886939
common,250.0,geographic_grid,grid-28-11,1,116700000.00,19969249.28,0.7537872737905691
common,250.0,geographic_grid,grid-23-14,2,399670000.00,19638053.45,0.7412854917613098
common,250.0,geographic_grid,grid-24-27,1,534130000.00,18587857.00,0.7016433045218086
common,250.0,geographic_grid,grid-36-27,3,46515000.00,18584572.02,0.7015193050622427
common,250.0,geographic_grid,grid-36-13,6,374160000.00,18480534.45,0.697592157117796
common,250.0,geographic_grid,grid-38-24,3,47550000.00,18043983.00,0.6811134741813075
common,250.0,geographic_grid,grid-29-19,4,1060615000.00,18012799.81,0.67993638978276
common,250.0,geographic_grid,grid-37-11,1,404475000.00,17493011.47,0.6603157305249712
common,250.0,geographic_grid,grid-30-11,1,70840000.00,17463007.57,0.6591831612597492
common,250.0,geographic_grid,grid-24-21,3,299870000.00,17143423.71,0.6471197009263587
common,250.0,geographic_grid,grid-35-29,1,130825000.00,15253461.22,0.5757785276590011
common,250.0,geographic_grid,grid-38-19,1,66125000.00,14245477.00,0.5377297424210559
common,250.0,geographic_grid,grid-34-19,2,526540000.00,13842045.88,0.5225012658848024
common,250.0,geographic_grid,grid-37-14,2,1030090000.00,13272028.68,0.5009845976727396
common,250.0,geographic_grid,grid-15-17,3,481735000.00,13154951.59,0.4965652417291579
common,250.0,geographic_grid,grid-25-20,2,582015000.00,12058900.41,0.4551921575774868
common,250.0,geographic_grid,grid-30-21,3,132070000.00,11947498.54,0.4509870264428591
common,250.0,geographic_grid,grid-34-22,1,46335000.00,11771941.53,0.44436020546890986
common,250.0,geographic_grid,grid-14-15,3,351105000.00,11747860.19,0.44345119745497297
common,250.0,geographic_grid,grid-33-28,1,44085000.00,10221789.79,0.38584600507648
common,250.0,geographic_grid,grid-32-26,1,107485000.00,9585073.56,0.3618116217874398
common,250.0,geographic_grid,grid-37-23,1,24420000.00,9461003.83,0.3571283118529848
common,250.0,geographic_grid,grid-19-23,1,823910000.00,8831544.13,0.3333678437166469
common,250.0,geographic_grid,grid-37-15,3,436320000.00,8523566.40,0.32174248463429944
common,250.0,geographic_grid,grid-37-18,1,72965000.00,8402135.63,0.317158788582978
common,250.0,geographic_grid,grid-32-25,1,67155000.00,8146629.48,0.30751409530759694
common,250.0,geographic_grid,grid-35-18,1,66900000.00,7538603.65,0.28456270007167406
common,250.0,geographic_grid,grid-32-28,2,31205000.00,7463309.16,0.2817205287134651
common,250.0,geographic_grid,grid-33-20,1,1108710000.00,7271321.22,0.27447348282485434
common,250.0,geographic_grid,grid-25-21,1,31480000.00,7116599.20,0.268633128587403
common,250.0,geographic_grid,grid-28-12,2,84560000.00,6654552.73,0.2511920748901728
common,250.0,geographic_grid,grid-36-22,1,37065000.00,6316483.84,0.23843085270433287
common,250.0,geographic_grid,grid-27-13,2,1164280000.00,6095162.83,0.2300765596399681
common,250.0,geographic_grid,grid-28-21,1,47880000.00,5793374.65,0.2186848399876799
common,250.0,geographic_grid,grid-36-28,2,38595000.00,5586097.73,0.21086067482975437
common,250.0,geographic_grid,grid-36-20,2,33990000.00,5540657.36,0.209145418930944
common,250.0,geographic_grid,grid-21-26,2,35840000.00,5055874.95,0.19084614257399515
common,250.0,geographic_grid,grid-27-14,1,78030000.00,5040638.03,0.19027098843441173
common,250.0,geographic_grid,grid-38-12,2,80060000.00,5006635.34,0.18898747523683168
common,250.0,geographic_grid,grid-12-20,2,130235000.00,4625354.20,0.17459510289280933
common,250.0,geographic_grid,grid-30-14,2,53785000.00,4577219.69,0.1727781502092408
common,250.0,geographic_grid,grid-37-26,2,33920000.00,4434829.29,0.1674032825852763
common,250.0,geographic_grid,grid-20-20,1,28335000.00,4092813.79,0.15449308612649792
common,250.0,geographic_grid,grid-31-21,2,77730000.00,3921094.72,0.14801113741534677
common,250.0,geographic_grid,grid-30-19,3,29140000.00,3358648.52,0.12678025478139204
common,250.0,geographic_grid,grid-28-17,1,38080000.00,3021665.90,0.11406003646557344
common,250.0,geographic_grid,grid-38-22,2,7345000.00,2980661.94,0.11251224351704366
common,250.0,geographic_grid,grid-24-23,1,35135000.00,2656508.06,0.1002762768030343
common,250.0,geographic_grid,grid-35-28,2,11780000.00,2567177.62,0.09690428480223577
common,250.0,geographic_grid,grid-36-19,3,18020000.00,2495121.75,0.09418436293405086
common,250.0,geographic_grid,grid-36-29,1,28450000.00,2355059.82,0.08889738900247272
common,250.0,geographic_grid,grid-26-24,2,92325000.00,2166933.98,0.08179612735388456
common,250.0,geographic_grid,grid-24-11,3,90035000.00,1957462.15,0.07388911004654082
common,250.0,geographic_grid,grid-18-14,2,383085000.00,1897700.63,0.07163326794618217
common,250.0,geographic_grid,grid-35-25,1,5850000.00,1819392.87,0.06867735347491738
common,250.0,geographic_grid,grid-32-16,2,58645000.00,1686361.05,0.06365574792935338
common,250.0,geographic_grid,grid-37-22,1,5795000.00,1604379.65,0.06056116309338632
common,250.0,geographic_grid,grid-19-20,2,17795000.00,1534452.03,0.05792157713282372
common,250.0,geographic_grid,grid-29-15,1,7390000.00,1490556.73,0.05626464361192477
common,250.0,geographic_grid,grid-33-18,2,32490000.00,1433633.13,0.05411592561773762
common,250.0,geographic_grid,grid-33-17,1,4480000.00,1409641.66,0.05321030996278956
common,250.0,geographic_grid,grid-29-20,2,239120000.00,1346917.20,0.05084262457610158
common,250.0,geographic_grid,grid-33-27,2,5735000.00,1315019.37,0.04963856437441857
common,250.0,geographic_grid,grid-30-20,2,33315000.00,1284612.46,0.048490782528846095
common,250.0,geographic_grid,grid-35-23,1,3200000.00,1275343.80,0.0481409146968045
common,250.0,geographic_grid,grid-25-17,2,44110000.00,1264708.09,0.0477394442792983
common,250.0,geographic_grid,grid-38-23,1,3240000.00,1201232.25,0.04534339624993711
common,250.0,geographic_grid,grid-32-18,4,667205000.00,1189009.55,0.044882021083441116
common,250.0,geographic_grid,grid-29-24,1,42840000.00,1153943.15,0.04355835559722162
common,250.0,geographic_grid,grid-27-18,1,7865000.00,1144174.17,0.04318960198517223
common,250.0,geographic_grid,grid-24-20,1,4725000.00,1026370.88,0.03874283387849157
common,250.0,geographic_grid,grid-32-27,1,2185000.00,1003187.63,0.03786772642852812
common,250.0,geographic_grid,grid-36-14,3,42860000.00,958334.78,0.03617464788315191
common,250.0,geographic_grid,grid-38-21,1,4620000.00,918527.40,0.0346720227205226
common,250.0,geographic_grid,grid-33-30,1,4615000.00,898034.03,0.03389845125138616
common,250.0,geographic_grid,grid-30-22,1,74420000.00,859576.44,0.03244677715406849
common,250.0,geographic_grid,grid-28-26,2,30875000.00,855467.51,0.03229167572288959
common,250.0,geographic_grid,grid-27-28,2,13285000.00,796786.37,0.03007661516035638
common,250.0,geographic_grid,grid-34-25,1,4535000.00,761896.64,0.02875961850759142
common,250.0,geographic_grid,grid-21-25,3,7480000.00,698088.38,0.02635102248696426
common,250.0,geographic_grid,grid-32-23,1,1165000.00,657799.11,0.02483020722894009
common,250.0,geographic_grid,grid-36-26,1,4990000.00,632581.95,0.023878324961228693
common,250.0,geographic_grid,grid-21-15,3,47480000.00,627183.12,0.023674533156624673
common,250.0,geographic_grid,grid-31-27,1,3360000.00,623238.91,0.023525649477450252
common,250.0,geographic_grid,grid-29-21,3,223285000.00,613148.23,0.023144752526280888
common,250.0,geographic_grid,grid-38-11,3,12640000.00,590491.15,0.022289506626658625
common,250.0,geographic_grid,grid-24-17,2,1398025000.00,589638.61,0.022257325456831626
common,250.0,geographic_grid,grid-37-29,1,1930000.00,576982.34,0.021779584149389877
common,250.0,geographic_grid,grid-31-16,2,83295000.00,532633.31,0.020105523499927336
common,250.0,geographic_grid,grid-36-16,1,3980000.00,528287.97,0.019941498205517615
common,250.0,geographic_grid,grid-23-23,2,7870000.00,505771.29,0.019091552041091017
common,250.0,geographic_grid,grid-25-18,2,10045000.00,502660.37,0.01897412289426129
common,250.0,geographic_grid,grid-20-19,2,13365000.00,474522.88,0.01791200575700607
common,250.0,geographic_grid,grid-35-19,1,875000.00,462784.59,0.01746891580935717
common,250.0,geographic_grid,grid-38-13,1,935000.00,451416.99,0.017039818446036473
common,250.0,geographic_grid,grid-35-20,1,1175000.00,421813.72,0.015922371922348924
common,250.0,geographic_grid,grid-31-22,1,865000.00,419641.32,0.015840369466942516
common,250.0,geographic_grid,grid-38-16,3,6665000.00,407101.40,0.015367020069686065
common,250.0,geographic_grid,grid-27-27,1,5015000.00,391870.19,0.01479208146776624
common,250.0,geographic_grid,grid-20-18,3,2970000.00,390732.12,0.014749122282337972
common,250.0,geographic_grid,grid-34-20,1,5905000.00,383290.78,0.014468231032331566
common,250.0,geographic_grid,grid-38-18,1,1430000.00,360651.06,0.013613640427602443
common,250.0,geographic_grid,grid-30-23,1,1470000.00,336204.27,0.012690837625722123
common,250.0,geographic_grid,grid-16-19,2,642830000.00,332465.05,0.012549691786417783
common,250.0,geographic_grid,grid-24-15,2,38330000.00,312069.13,0.011779798801574913
common,250.0,geographic_grid,grid-19-26,4,1148365000.00,303824.04,0.0114685680774694
common,250.0,geographic_grid,grid-33-12,2,1520000.00,300065.59,0.011326696355630784
common,250.0,geographic_grid,grid-37-16,1,1330000.00,279707.34,0.010558225315409142
common,250.0,geographic_grid,grid-37-21,1,1230000.00,275372.08,0.01039458051480834
common,250.0,geographic_grid,grid-29-27,1,6050000.00,269863.16,0.010186633098753532
common,250.0,geographic_grid,grid-32-15,1,1235000.00,256385.20,0.009677875128826566
common,250.0,geographic_grid,grid-29-18,1,2575000.00,252536.35,0.00953259104187621
common,250.0,geographic_grid,grid-38-29,1,1245000.00,242376.07,0.009149066871550022
common,250.0,geographic_grid,grid-28-27,1,1900000.00,222026.82,0.008380935557943487
common,250.0,geographic_grid,grid-23-19,1,4795000.00,220403.81,0.00831967114754524
common,250.0,geographic_grid,grid-22-14,2,1510000.00,212418.09,0.008018230967013085
common,250.0,geographic_grid,grid-37-13,1,1090000.00,192586.18,0.007269627894190914
common,250.0,geographic_grid,grid-31-14,2,459180000.00,189743.43,0.0071623214680693135
common,250.0,geographic_grid,grid-19-17,1,715000.00,188893.67,0.007130245236018978
common,250.0,geographic_grid,grid-36-15,1,1520000.00,179405.48,0.006772090716886903
common,250.0,geographic_grid,grid-17-14,3,81190000.00,178732.60,0.006746691245245463
common,250.0,geographic_grid,grid-25-24,2,42850000.00,174990.10,0.006605421594463618
common,250.0,geographic_grid,grid-35-17,1,925000.00,147490.96,0.005567400511069882
common,250.0,geographic_grid,grid-26-20,1,5600000.00,143211.48,0.005405861260534708
common,250.0,geographic_grid,grid-34-14,3,5805000.00,133473.63,0.005038282725099575
common,250.0,geographic_grid,grid-21-19,2,1870000.00,132478.71,0.005000727080221585
common,250.0,geographic_grid,grid-13-15,1,25425000.00,128585.89,0.004853783240019427
common,250.0,geographic_grid,grid-33-15,1,62610000.00,119456.73,0.004509181170511988
common,250.0,geographic_grid,grid-12-17,2,477685000.00,110293.46,0.0041632915371332966
common,250.0,geographic_grid,grid-35-16,1,625000.00,109258.81,0.004124236187986621
common,250.0,geographic_grid,grid-17-28,2,36955000.00,103805.66,0.003918393944523423
common,250.0,geographic_grid,grid-29-12,1,695000.00,100360.84,0.0037883609402732388
common,250.0,geographic_grid,grid-30-17,2,4425000.00,96589.65,0.0036460083165372375
common,250.0,geographic_grid,grid-33-11,2,5475000.00,88910.47,0.0033561392245156137
common,250.0,geographic_grid,grid-22-17,2,7955000.00,77212.54,0.0029145727619984555
common,250.0,geographic_grid,grid-21-14,2,5815000.00,72154.16,0.0027236320602958856
common,250.0,geographic_grid,grid-26-14,2,6975000.00,66597.88,0.0025138969272975827
common,250.0,geographic_grid,grid-24-19,2,6295000.00,64594.24,0.0024382647233984417
common,250.0,geographic_grid,grid-35-11,1,1150000.00,58315.93,0.0022012748339662
common,250.0,geographic_grid,grid-30-18,1,1100000.00,57221.93,0.002159979176529904
common,250.0,geographic_grid,grid-27-26,2,101905000.00,42940.05,0.0016208753154455453
common,250.0,geographic_grid,grid-32-14,1,635000.00,40314.61,0.001521771777182703
common,250.0,geographic_grid,grid-27-20,1,1045000.00,36406.02,0.0013742326604560737
common,250.0,geographic_grid,grid-29-23,1,900000.00,32269.39,0.0012180856262506755
common,250.0,geographic_grid,grid-21-17,3,6550000.00,23093.98,0.0008717377394156065
common,250.0,geographic_grid,grid-13-19,3,8285000.00,6299.46,0.00023778824697774208
common,250.0,geographic_grid,grid-25-14,2,1725000.00,2340.94,8.836440248530439e-05
common,250.0,geographic_grid,grid-11-12,1,1360000.00,0.00,0.0
common,250.0,geographic_grid,grid-11-15,2,54810000.00,0.00,0.0
common,250.0,geographic_grid,grid-11-17,1,5495000.00,0.00,0.0
common,250.0,geographic_grid,grid-11-18,1,695000.00,0.00,0.0
common,250.0,geographic_grid,grid-11-20,1,84745000.00,0.00,0.0
common,250.0,geographic_grid,grid-11-23,1,3125000.00,0.00,0.0
common,250.0,geographic_grid,grid-11-24,2,7120000.00,0.00,0.0
common,250.0,geographic_grid,grid-11-25,1,3775000.00,0.00,0.0
common,250.0,geographic_grid,grid-11-27,1,49505000.00,0.00,0.0
common,250.0,geographic_grid,grid-11-28,2,1130000.00,0.00,0.0
common,250.0,geographic_grid,grid-11-29,1,86580000.00,0.00,0.0
common,250.0,geographic_grid,grid-12-11,2,2925000.00,0.00,0.0
common,250.0,geographic_grid,grid-12-12,5,56695000.00,0.00,0.0
common,250.0,geographic_grid,grid-12-14,2,65155000.00,0.00,0.0
common,250.0,geographic_grid,grid-12-15,3,1939875000.00,0.00,0.0
common,250.0,geographic_grid,grid-12-16,3,58350000.00,0.00,0.0
common,250.0,geographic_grid,grid-12-21,1,1275000.00,0.00,0.0
common,250.0,geographic_grid,grid-12-23,1,5080000.00,0.00,0.0
common,250.0,geographic_grid,grid-12-24,1,1930000.00,0.00,0.0
common,250.0,geographic_grid,grid-12-26,1,1090000.00,0.00,0.0
common,250.0,geographic_grid,grid-12-27,1,697740000.00,0.00,0.0
common,250.0,geographic_grid,grid-12-28,1,850565000.00,0.00,0.0
common,250.0,geographic_grid,grid-12-29,2,39815000.00,0.00,0.0
common,250.0,geographic_grid,grid-13-11,3,315795000.00,0.00,0.0
common,250.0,geographic_grid,grid-13-12,2,107600000.00,0.00,0.0
common,250.0,geographic_grid,grid-13-14,3,47870000.00,0.00,0.0
common,250.0,geographic_grid,grid-13-16,2,67815000.00,0.00,0.0
common,250.0,geographic_grid,grid-13-20,2,399515000.00,0.00,0.0
common,250.0,geographic_grid,grid-13-21,1,68610000.00,0.00,0.0
common,250.0,geographic_grid,grid-13-24,1,6680000.00,0.00,0.0
common,250.0,geographic_grid,grid-13-25,1,925000.00,0.00,0.0
common,250.0,geographic_grid,grid-13-26,6,1211505000.00,0.00,0.0
common,250.0,geographic_grid,grid-13-29,3,124425000.00,0.00,0.0
common,250.0,geographic_grid,grid-14-13,1,6125000.00,0.00,0.0
common,250.0,geographic_grid,grid-14-16,2,55365000.00,0.00,0.0
common,250.0,geographic_grid,grid-14-17,2,452420000.00,0.00,0.0
common,250.0,geographic_grid,grid-14-18,1,935855000.00,0.00,0.0
common,250.0,geographic_grid,grid-14-20,4,185645000.00,0.00,0.0
common,250.0,geographic_grid,grid-14-22,1,1455000.00,0.00,0.0
common,250.0,geographic_grid,grid-14-23,1,28945000.00,0.00,0.0
common,250.0,geographic_grid,grid-14-24,1,1010000.00,0.00,0.0
common,250.0,geographic_grid,grid-14-25,1,106590000.00,0.00,0.0
common,250.0,geographic_grid,grid-14-26,2,5350000.00,0.00,0.0
common,250.0,geographic_grid,grid-14-27,1,1592010000.00,0.00,0.0
common,250.0,geographic_grid,grid-14-28,1,2720000.00,0.00,0.0
common,250.0,geographic_grid,grid-14-29,2,61575000.00,0.00,0.0
common,250.0,geographic_grid,grid-15-14,1,31350000.00,0.00,0.0
common,250.0,geographic_grid,grid-15-15,2,4170000.00,0.00,0.0
common,250.0,geographic_grid,grid-15-18,2,88985000.00,0.00,0.0
common,250.0,geographic_grid,grid-15-20,1,64740000.00,0.00,0.0
common,250.0,geographic_grid,grid-15-21,1,5635000.00,0.00,0.0
common,250.0,geographic_grid,grid-15-22,2,108260000.00,0.00,0.0
common,250.0,geographic_grid,grid-15-23,3,72275000.00,0.00,0.0
common,250.0,geographic_grid,grid-15-24,2,8580000.00,0.00,0.0
common,250.0,geographic_grid,grid-15-26,1,33235000.00,0.00,0.0
common,250.0,geographic_grid,grid-15-27,1,1010000.00,0.00,0.0
common,250.0,geographic_grid,grid-15-29,2,103360000.00,0.00,0.0
common,250.0,geographic_grid,grid-16-13,1,10010000.00,0.00,0.0
common,250.0,geographic_grid,grid-16-15,1,3695000.00,0.00,0.0
common,250.0,geographic_grid,grid-16-16,1,3595000.00,0.00,0.0
common,250.0,geographic_grid,grid-16-17,1,76960000.00,0.00,0.0
common,250.0,geographic_grid,grid-16-18,1,5565000.00,0.00,0.0
common,250.0,geographic_grid,grid-16-21,3,122235000.00,0.00,0.0
common,250.0,geographic_grid,grid-16-22,1,67745000.00,0.00,0.0
common,250.0,geographic_grid,grid-16-27,1,58300000.00,0.00,0.0
common,250.0,geographic_grid,grid-16-28,1,8060000.00,0.00,0.0
common,250.0,geographic_grid,grid-16-29,1,1110000.00,0.00,0.0
common,250.0,geographic_grid,grid-17-11,1,410000.00,0.00,0.0
common,250.0,geographic_grid,grid-17-12,2,48485000.00,0.00,0.0
common,250.0,geographic_grid,grid-17-17,2,148115000.00,0.00,0.0
common,250.0,geographic_grid,grid-17-18,1,755000.00,0.00,0.0
common,250.0,geographic_grid,grid-17-19,2,7340000.00,0.00,0.0
common,250.0,geographic_grid,grid-17-20,1,1240000.00,0.00,0.0
common,250.0,geographic_grid,grid-17-24,3,61900000.00,0.00,0.0
common,250.0,geographic_grid,grid-18-12,1,3650000.00,0.00,0.0
common,250.0,geographic_grid,grid-18-13,4,314405000.00,0.00,0.0
common,250.0,geographic_grid,grid-18-15,1,495000.00,0.00,0.0
common,250.0,geographic_grid,grid-18-16,1,59055000.00,0.00,0.0
common,250.0,geographic_grid,grid-18-18,1,49225000.00,0.00,0.0
common,250.0,geographic_grid,grid-18-20,1,1980000.00,0.00,0.0
common,250.0,geographic_grid,grid-18-21,2,35705000.00,0.00,0.0
common,250.0,geographic_grid,grid-18-22,1,52055000.00,0.00,0.0
common,250.0,geographic_grid,grid-18-23,1,3240000.00,0.00,0.0
common,250.0,geographic_grid,grid-18-24,1,1181605000.00,0.00,0.0
common,250.0,geographic_grid,grid-18-26,1,1325000.00,0.00,0.0
common,250.0,geographic_grid,grid-18-27,1,1185000.00,0.00,0.0
common,250.0,geographic_grid,grid-18-29,1,930000.00,0.00,0.0
common,250.0,geographic_grid,grid-19-11,1,1165000.00,0.00,0.0
common,250.0,geographic_grid,grid-19-12,1,1240000.00,0.00,0.0
common,250.0,geographic_grid,grid-19-13,2,54115000.00,0.00,0.0
common,250.0,geographic_grid,grid-19-15,4,1603060000.00,0.00,0.0
common,250.0,geographic_grid,grid-19-16,1,767380000.00,0.00,0.0
common,250.0,geographic_grid,grid-19-19,1,32130000.00,0.00,0.0
common,250.0,geographic_grid,grid-19-22,1,5375000.00,0.00,0.0
common,250.0,geographic_grid,grid-19-24,1,1100000.00,0.00,0.0
common,250.0,geographic_grid,grid-19-25,2,268855000.00,0.00,0.0
common,250.0,geographic_grid,grid-19-27,1,499980000.00,0.00,0.0
common,250.0,geographic_grid,grid-20-11,1,81015000.00,0.00,0.0
common,250.0,geographic_grid,grid-20-12,2,7845000.00,0.00,0.0
common,250.0,geographic_grid,grid-20-13,2,57920000.00,0.00,0.0
common,250.0,geographic_grid,grid-20-16,1,2280000.00,0.00,0.0
common,250.0,geographic_grid,grid-20-17,2,4155000.00,0.00,0.0
common,250.0,geographic_grid,grid-20-24,1,885000.00,0.00,0.0
common,250.0,geographic_grid,grid-20-25,1,5185000.00,0.00,0.0
common,250.0,geographic_grid,grid-20-26,1,2160000.00,0.00,0.0
common,250.0,geographic_grid,grid-20-27,1,1170000.00,0.00,0.0
common,250.0,geographic_grid,grid-20-29,2,4040000.00,0.00,0.0
common,250.0,geographic_grid,grid-21-12,5,2926700000.00,0.00,0.0
common,250.0,geographic_grid,grid-21-20,2,22490000.00,0.00,0.0
common,250.0,geographic_grid,grid-21-21,2,84955000.00,0.00,0.0
common,250.0,geographic_grid,grid-21-22,1,3200000.00,0.00,0.0
common,250.0,geographic_grid,grid-21-23,1,925000.00,0.00,0.0
common,250.0,geographic_grid,grid-21-24,1,38180000.00,0.00,0.0
common,250.0,geographic_grid,grid-21-29,5,10035000.00,0.00,0.0
common,250.0,geographic_grid,grid-22-13,2,94765000.00,0.00,0.0
common,250.0,geographic_grid,grid-22-15,2,61240000.00,0.00,0.0
common,250.0,geographic_grid,grid-22-20,1,1500000.00,0.00,0.0
common,250.0,geographic_grid,grid-22-23,1,43850000.00,0.00,0.0
common,250.0,geographic_grid,grid-22-24,2,32325000.00,0.00,0.0
common,250.0,geographic_grid,grid-23-13,1,393455000.00,0.00,0.0
common,250.0,geographic_grid,grid-23-20,2,108930000.00,0.00,0.0
common,250.0,geographic_grid,grid-23-21,1,5850000.00,0.00,0.0
common,250.0,geographic_grid,grid-23-22,1,2150000.00,0.00,0.0
common,250.0,geographic_grid,grid-23-24,2,58825000.00,0.00,0.0
common,250.0,geographic_grid,grid-23-27,1,1196260000.00,0.00,0.0
common,250.0,geographic_grid,grid-23-28,1,521240000.00,0.00,0.0
common,250.0,geographic_grid,grid-24-12,1,5435000.00,0.00,0.0
common,250.0,geographic_grid,grid-24-14,3,36705000.00,0.00,0.0
common,250.0,geographic_grid,grid-24-18,1,1080000.00,0.00,0.0
common,250.0,geographic_grid,grid-24-22,1,4115000.00,0.00,0.0
common,250.0,geographic_grid,grid-24-25,1,3535000.00,0.00,0.0
common,250.0,geographic_grid,grid-24-26,4,469920000.00,0.00,0.0
common,250.0,geographic_grid,grid-24-28,1,37675000.00,0.00,0.0
common,250.0,geographic_grid,grid-25-12,1,1585000.00,0.00,0.0
common,250.0,geographic_grid,grid-25-22,2,5670000.00,0.00,0.0
common,250.0,geographic_grid,grid-25-25,2,6115000.00,0.00,0.0
common,250.0,geographic_grid,grid-25-27,1,590000.00,0.00,0.0
common,250.0,geographic_grid,grid-25-28,2,80495000.00,0.00,0.0
common,250.0,geographic_grid,grid-25-29,3,33205000.00,0.00,0.0
common,250.0,geographic_grid,grid-26-12,1,3150000.00,0.00,0.0
common,250.0,geographic_grid,grid-26-19,2,10605000.00,0.00,0.0
common,250.0,geographic_grid,grid-26-21,1,6610000.00,0.00,0.0
common,250.0,geographic_grid,grid-26-22,1,1090000.00,0.00,0.0
common,250.0,geographic_grid,grid-26-26,4,24100000.00,0.00,0.0
common,250.0,geographic_grid,grid-26-27,1,730000.00,0.00,0.0
common,250.0,geographic_grid,grid-27-12,1,67680000.00,0.00,0.0
common,250.0,geographic_grid,grid-27-19,2,495760000.00,0.00,0.0
common,250.0,geographic_grid,grid-27-22,1,795000.00,0.00,0.0
common,250.0,geographic_grid,grid-27-24,1,36035000.00,0.00,0.0
common,250.0,geographic_grid,grid-27-25,1,1275000.00,0.00,0.0
common,250.0,geographic_grid,grid-27-29,1,740000.00,0.00,0.0
common,250.0,geographic_grid,grid-28-13,2,2260000.00,0.00,0.0
common,250.0,geographic_grid,grid-28-14,1,2400000.00,0.00,0.0
common,250.0,geographic_grid,grid-28-15,1,6100000.00,0.00,0.0
common,250.0,geographic_grid,grid-28-16,2,872065000.00,0.00,0.0
common,250.0,geographic_grid,grid-28-22,1,2520000.00,0.00,0.0
common,250.0,geographic_grid,grid-28-23,1,93240000.00,0.00,0.0
common,250.0,geographic_grid,grid-28-24,1,2490000.00,0.00,0.0
common,250.0,geographic_grid,grid-28-28,1,95790000.00,0.00,0.0
common,250.0,geographic_grid,grid-29-13,1,1470000.00,0.00,0.0
common,250.0,geographic_grid,grid-29-17,1,1155000.00,0.00,0.0
common,250.0,geographic_grid,grid-29-26,1,266365000.00,0.00,0.0
common,250.0,geographic_grid,grid-29-28,1,4500000.00,0.00,0.0
common,250.0,geographic_grid,grid-30-12,1,6200000.00,0.00,0.0
common,250.0,geographic_grid,grid-30-13,2,388355000.00,0.00,0.0
common,250.0,geographic_grid,grid-30-16,1,704215000.00,0.00,0.0
common,250.0,geographic_grid,grid-30-24,1,23595000.00,0.00,0.0
common,250.0,geographic_grid,grid-30-25,2,38360000.00,0.00,0.0
common,250.0,geographic_grid,grid-30-28,2,56425000.00,0.00,0.0
common,250.0,geographic_grid,grid-30-29,1,63800000.00,0.00,0.0
common,250.0,geographic_grid,grid-31-13,3,49130000.00,0.00,0.0
common,250.0,geographic_grid,grid-31-26,1,3110000.00,0.00,0.0
common,250.0,geographic_grid,grid-32-17,1,805000.00,0.00,0.0
common,250.0,geographic_grid,grid-33-19,1,3960000.00,0.00,0.0
common,250.0,geographic_grid,grid-34-16,1,995000.00,0.00,0.0
common,250.0,geographic_grid,grid-35-12,1,563530000.00,0.00,0.0
common,250.0,geographic_grid,grid-35-14,1,72865000.00,0.00,0.0
