tier,return_period_years,loc_id,lat,lon,housing_class,tiv_kes,hazard_score,assumed_depth_m,damage_ratio,exposed_fraction,loss_kes,synthetic,exposure_source,insured_loss_kes,nearest_hotspot,hotspot_distance_m,within_hotspot_radius
extreme,10.0,NBO-0000,-1.314897,36.935883,semi_permanent,5170000.00,0.0,0.0,0.0,1.0,0.00,True,"generated for hackathon starter kit, not a real portfolio",0.00,Fedha,4157.1,False
extreme,10.0,NBO-0001,-1.219963,36.789855,informal_iron_sheet,625000.00,0.0,0.0,0.0,1.0,0.00,True,"generated for hackathon starter kit, not a real portfolio",0.00,Westlands,2983.6,False
extreme,10.0,NBO-0002,-1.257597,36.896201,semi_permanent,3300000.00,0.1346025913953781,0.20190388709306717,0.11845028042793274,1.0,390885.93,True,"generated for hackathon starter kit, not a real portfolio",357885.93,Kariobangi,1597.0,True
extreme,10.0,NBO-0003,-1.194103,36.84782,semi_permanent,7945000.00,0.0,0.0,0.0,1.0,0.00,True,"generated for hackathon starter kit, not a real portfolio",0.00,Mathare,7611.4,False
extreme,10.0,NBO-0004,-1.263191,36.773582,semi_permanent,12400000.00,0.0,0.0,0.0,1.0,0.00,True,"generated for hackathon starter kit, not a real portfolio",0.00,Lavington,1244.7,True
extreme,10.0,NBO-0005,-1.202301,36.930681,informal_iron_sheet,1570000.00,0.47233742475509644,0.7085061371326447,0.5051036822795868,1.0,793012.78,True,"generated for hackathon starter kit, not a real portfolio",777312.78,Mwiki,3398.8,False
extreme,10.0,NBO-0006,-1.297331,36.917333,informal_iron_sheet,625000.00,0.0,0.0,0.0,1.0,0.00,True,"generated for hackathon starter kit, not a real portfolio",0.00,Tassia,2345.8,False
extreme,10.0,NBO-0007,-1.29008,36.791035,informal_iron_sheet,660000.00,0.0,0.0,0.0,1.0,0.00,True,"generated for hackathon starter kit, not a real portfolio",0.00,Kileleshwa,1524.4,True
extreme,10.0,NBO-0008,-1.255438,36.943294,semi_permanent,4620000.00,0.0,0.0,0.0,1.0,0.00,True,"generated for hackathon starter kit, not a real portfolio",0.00,Mwiki,2757.3,False
extreme,10.0,NBO-0009,-1.337945,36.756131,permanent_masonry,42965000.00,0.0,0.0,0.0,1.0,0.00,True,"generated for hackathon starter kit, not a real portfolio",0.00,Lang'ata,4314.4,False
extreme,10.0,NBO-0010,-1.275674,36.901374,semi_permanent,3960000.00,0.0,0.0,0.0,1.0,0.00,True,"generated for hackathon starter kit, not a real portfolio",0.00,Komarock,783.0,True
extreme,10.0,NBO-0011,-1.198387,36.870224,informal_iron_sheet,1405000.00,0.0,0.0,0.0,1.0,0.00,True,"generated for hackathon starter kit, not a real portfolio",0.00,Dandora,6530.6,False
extreme,10.0,NBO-0012,-1.238124,36.817765,permanent_masonry,35135000.00,0.0,0.0,0.0,1.0,0.00,True,"generated for hackathon starter kit, not a real portfolio",0.00,Parklands,2884.2,False
extreme,10.0,NBO-0013,-1.191036,36.707701,informal_iron_sheet,520000.00,0.0,0.0,0.0,1.0,0.00,True,"generated for hackathon starter kit, not a real portfolio",0.00,Kitisuru,8925.8,False
extreme,10.0,NBO-0014,-1.193437,36.9237,semi_permanent,5425000.00,0.0,0.0,0.0,1.0,0.00,True,"generated for hackathon starter kit, not a real portfolio",0.00,Mwiki,4499.7,False
extreme,10.0,NBO-0015,-1.332391,36.843408,permanent_masonry,35180000.00,0.0,0.0,0.0,1.0,0.00,True,"generated for hackathon starter kit, not a real portfolio",0.00,Nairobi West,3469.3,False
extreme,10.0,NBO-0016,-1.306308,36.797577,semi_permanent,5030000.00,0.0,0.0,0.0,1.0,0.00,True,"generated for hackathon starter kit, not a real portfolio",0.00,Kibera,1105.1,True
extreme,10.0,NBO-0017,-1.224443,36.78867,semi_permanent,5185000.00,0.0,0.0,0.0,1.0,0.00,True,"generated for hackathon starter kit, not a real portfolio",0.00,Westlands,2472.6,False
extreme,10.0,NBO-0018,-1.274224,36.862993,informal_iron_sheet,715000.00,0.0,0.0,0.0,1.0,0.00,True,"generated for hackathon starter kit, not a real portfolio",0.00,Kiambiu,896.5,True
extreme,10.0,NBO-0019,-1.215378,36.786757,semi_permanent,2160000.00,0.0,0.0,0.0,1.0,0.00,True,"generated for hackathon starter kit, not a real portfolio",0.00,Kitisuru,3284.0,False
extreme,10.0,NBO-0020,-1.268428,36.826895,concrete_rcc,579255000.00,0.0,0.0,0.0,1.0,0.00,True,"generated for hackathon starter kit, not a real portfolio",0.00,Parklands,1904.2,True
extreme,10.0,NBO-0021,-1.31688,36.792734,semi_permanent,4265000.00,0.0,0.0,0.0,1.0,0.00,True,"generated for hackathon starter kit, not a real portfolio",0.00,Lang'ata,383.8,True
extreme,10.0,NBO-0022,-1.30153,36.713801,permanent_masonry,48815000.00,0.0,0.0,0.0,1.0,0.00,True,"generated for hackathon starter kit, not a real portfolio",0.00,Kawangware,4927.1,False
extreme,10.0,NBO-0023,-1.255021,36.762602,informal_iron_sheet,885000.00,0.0,0.0,0.0,1.0,0.00,True,"generated for hackathon starter kit, not a real portfolio",0.00,Kangemi,1843.3,True
extreme,10.0,NBO-0024,-1.198924,36.910241,concrete_rcc,229970000.00,0.0,0.0,0.0,1.0,0.00,True,"generated for hackathon starter kit, not a real portfolio",0.00,Mwiki,4550.4,False
extreme,10.0,NBO-0025,-1.346206,36.904539,semi_permanent,3935000.00,0.0,0.0,0.0,1.0,0.00,True,"generated for hackathon starter kit, not a real portfolio",0.00,Fedha,3461.3,False
extreme,10.0,NBO-0026,-1.263277,36.866831,permanent_masonry,44030000.00,0.0,0.0,0.0,1.0,0.00,True,"generated for hackathon starter kit, not a real portfolio",0.00,Mathare,731.6,True
extreme,10.0,NBO-0027,-1.255159,36.817647,concrete_rcc,239875000.00,0.0,0.0,0.0,1.0,0.00,True,"generated for hackathon starter kit, not a real portfolio",0.00,Parklands,1175.1,True
extreme,10.0,NBO-0028,-1.194738,36.942461,semi_permanent,3275000.00,0.0,0.0,0.0,1.0,0.00,True,"generated for hackathon starter kit, not a real portfolio",0.00,Mwiki,4349.3,False
extreme,10.0,NBO-0029,-1.341011,36.910065,concrete_rcc,398200000.00,0.0,0.0,0.0,1.0,0.00,True,"generated for hackathon starter kit, not a real portfolio",0.00,Fedha,3097.5,False
extreme,10.0,NBO-0030,-1.281853,36.761267,informal_iron_sheet,755000.00,0.0,0.0,0.0,1.0,0.00,True,"generated for hackathon starter kit, not a real portfolio",0.00,Kawangware,1134.3,True
extreme,10.0,NBO-0031,-1.229115,36.841887,permanent_masonry,23060000.00,0.0,0.0,0.0,1.0,0.00,True,"generated for hackathon starter kit, not a real portfolio",0.00,Mathare,4613.2,False
extreme,10.0,NBO-0032,-1.315429,36.938988,informal_iron_sheet,670000.00,0.0,0.0,0.0,1.0,0.00,True,"generated for hackathon starter kit, not a real portfolio",0.00,Fedha,4501.5,False
extreme,10.0,NBO-0033,-1.237085,36.896404,informal_iron_sheet,1165000.00,0.28491535782814026,0.4273730367422104,0.33351874351501465,1.0,388549.34,True,"generated for hackathon starter kit, not a real portfolio",376899.34,Dandora,1383.4,True
extreme,10.0,NBO-0034,-1.306502,36.792338,semi_permanent,5695000.00,0.0,0.0,0.0,1.0,0.00,True,"generated for hackathon starter kit, not a real portfolio",0.00,Kibera,652.9,True
extreme,10.0,NBO-0035,-1.259929,36.817481,semi_permanent,3940000.00,0.0,0.0,0.0,1.0,0.00,True,"generated for hackathon starter kit, not a real portfolio",0.00,Parklands,837.6,True
extreme,10.0,NBO-0036,-1.256369,36.829457,permanent_masonry,31480000.00,0.0,0.0,0.0,1.0,0.00,True,"generated for hackathon starter kit, not a real portfolio",0.00,Parklands,2221.5,False
extreme,10.0,NBO-0037,-1.331936,36.925473,informal_iron_sheet,780000.00,0.0,0.0,0.0,1.0,0.00,True,"generated for hackathon starter kit, not a real portfolio",0.00,Fedha,3502.2,False
extreme,10.0,NBO-0038,-1.257297,36.878574,permanent_masonry,57240000.00,0.0,0.0,0.0,1.0,0.00,True,"generated for hackathon starter kit, not a real portfolio",0.00,Kariobangi,421.6,True
extreme,10.0,NBO-0039,-1.265985,36.799534,informal_iron_sheet,1500000.00,0.0,0.0,0.0,1.0,0.00,True,"generated for hackathon starter kit, not a real portfolio",0.00,Chiromo,933.0,True
extreme,10.0,NBO-0040,-1.313586,36.81551,concrete_rcc,341070000.00,0.0,0.0,0.0,1.0,0.00,True,"generated for hackathon starter kit, not a real portfolio",0.00,Madaraka,687.7,True
extreme,10.0,NBO-0041,-1.347614,36.723077,concrete_rcc,263095000.00,0.0,0.0,0.0,1.0,0.00,True,"generated for hackathon starter kit, not a real portfolio",0.00,Lang'ata,8090.8,False
extreme,10.0,NBO-0042,-1.216402,36.823009,semi_permanent,3535000.00,0.0,0.0,0.0,1.0,0.00,True,"generated for hackathon starter kit, not a real portfolio",0.00,Westlands,5299.0,False
extreme,10.0,NBO-0043,-1.272502,36.757256,semi_permanent,3605000.00,0.0,0.0,0.0,1.0,0.00,True,"generated for hackathon starter kit, not a real portfolio",0.00,Kangemi,744.1,True
extreme,10.0,NBO-0044,-1.266109,36.723283,semi_permanent,3690000.00,0.0,0.0,0.0,1.0,0.00,True,"generated for hackathon starter kit, not a real portfolio",0.00,Kangemi,3232.3,False
extreme,10.0,NBO-0045,-1.286932,36.722819,concrete_rcc,427250000.00,0.0,0.0,0.0,1.0,0.00,True,"generated for hackathon starter kit, not a real portfolio",0.00,Kawangware,3339.8,False
extreme,10.0,NBO-0046,-1.288172,36.753956,permanent_masonry,76160000.00,0.0,0.0,0.0,1.0,0.00,True,"generated for hackathon starter kit, not a real portfolio",0.00,Kawangware,1109.8,True
extreme,10.0,NBO-0047,-1.253496,36.874782,permanent_masonry,34465000.00,0.0,0.0,0.0,1.0,0.00,True,"generated for hackathon starter kit, not a real portfolio",0.00,Mathare,672.3,True
extreme,10.0,NBO-0048,-1.255831,36.744796,permanent_masonry,43405000.00,0.0,0.0,0.0,1.0,0.00,True,"generated for hackathon starter kit, not a real portfolio",0.00,Kangemi,1590.1,True
extreme,10.0,NBO-0049,-1.289351,36.842097,concrete_rcc,716255000.00,0.0,0.0,0.0,1.0,0.00,True,"generated for hackathon starter kit, not a real portfolio",0.00,Kiambiu,2496.5,False
extreme,10.0,NBO-0050,-1.251175,36.850655,informal_iron_sheet,795000.00,0.0,0.0,0.0,1.0,0.00,True,"generated for hackathon starter kit, not a real portfolio",0.00,Mathare,2428.5,False
extreme,10.0,NBO-0051,-1.288834,36.941566,concrete_rcc,706790000.00,0.0,0.0,0.0,1.0,0.00,True,"generated for hackathon starter kit, not a real portfolio",0.00,Kayole,3482.0,False
extreme,10.0,NBO-0052,-1.274863,36.81455,semi_permanent,4795000.00,0.0,0.0,0.0,1.0,0.00,True,"generated for hackathon starter kit, not a real portfolio",0.00,Chiromo,1012.4,True
extreme,10.0,NBO-0053,-1.288657,36.893632,informal_iron_sheet,805000.00,0.0,0.0,0.0,1.0,0.00,True,"generated for hackathon starter kit, not a real portfolio",0.00,Donholm,1297.3,True
extreme,10.0,NBO-0054,-1.345737,36.708724,informal_iron_sheet,1860000.00,0.0,0.0,0.0,1.0,0.00,True,"generated for hackathon starter kit, not a real portfolio",0.00,Kawangware,8872.5,False
extreme,10.0,NBO-0055,-1.338598,36.861152,informal_iron_sheet,695000.00,0.0,0.0,0.0,1.0,0.00,True,"generated for hackathon starter kit, not a real portfolio",0.00,Fedha,4871.7,False
extreme,10.0,NBO-0056,-1.195179,36.945076,permanent_masonry,45575000.00,0.0,0.0,0.0,1.0,0.00,True,"generated for hackathon starter kit, not a real portfolio",0.00,Mwiki,4379.9,False
extreme,10.0,NBO-0057,-1.269395,36.711846,permanent_masonry,88405000.00,0.0,0.0,0.0,1.0,0.00,True,"generated for hackathon starter kit, not a real portfolio",0.00,Kangemi,4499.5,False
extreme,10.0,NBO-0058,-1.326314,36.926912,semi_permanent,4960000.00,0.0,0.0,0.0,1.0,0.00,True,"generated for hackathon starter kit, not a real portfolio",0.00,Fedha,3373.4,False
extreme,10.0,NBO-0059,-1.242227,36.738945,permanent_masonry,31905000.00,0.0,0.0,0.0,1.0,0.00,True,"generated for hackathon starter kit, not a real portfolio",0.00,Kangemi,3228.1,False
extreme,10.0,NBO-0060,-1.207116,36.868812,semi_permanent,6050000.00,0.0,0.0,0.0,1.0,0.00,True,"generated for hackathon starter kit, not a real portfolio",0.00,Mathare,5710.7,False
extreme,10.0,NBO-0061,-1.290067,36.706319,semi_permanent,5495000.00,0.0,0.0,0.0,1.0,0.00,True,"generated for hackathon starter kit, not a real portfolio",0.00,Kawangware,5201.1,False
extreme,10.0,NBO-0062,-1.278869,36.715366,semi_permanent,6215000.00,0.0,0.0,0.0,1.0,0.00,True,"generated for hackathon starter kit, not a real portfolio",0.00,Kawangware,4033.1,False
extreme,10.0,NBO-0063,-1.194166,36.733674,semi_permanent,2720000.00,0.0,0.0,0.0,1.0,0.00,True,"generated for hackathon starter kit, not a real portfolio",0.00,Kitisuru,6606.9,False
extreme,10.0,NBO-0064,-1.192382,36.925331,informal_iron_sheet,1520000.00,0.0,0.0,0.0,1.0,0.00,True,"generated for hackathon starter kit, not a real portfolio",0.00,Mwiki,4575.4,False
extreme,10.0,NBO-0065,-1.209508,36.895722,permanent_masonry,107485000.00,0.0,0.0,0.0,1.0,0.00,True,"generated for hackathon starter kit, not a real portfolio",0.00,Dandora,4101.3,False
extreme,10.0,NBO-0066,-1.272078,36.865447,informal_iron_sheet,1120000.00,0.0,0.0,0.0,1.0,0.00,True,"generated for hackathon starter kit, not a real portfolio",0.00,Kiambiu,1156.3,True
extreme,10.0,NBO-0067,-1.290213,36.862364,informal_iron_sheet,1155000.00,0.0,0.0,0.0,1.0,0.00,True,"generated for hackathon starter kit, not a real portfolio",0.00,Kiambiu,890.2,True
extreme,10.0,NBO-0068,-1.339728,36.77344,informal_iron_sheet,1240000.00,0.0,0.0,0.0,1.0,0.00,True,"generated for hackathon starter kit, not a real portfolio",0.00,Lang'ata,2951.9,False
extreme,10.0,NBO-0069,-1.22829,36.832026,semi_permanent,5025000.00,0.0,0.0,0.0,1.0,0.00,True,"generated for hackathon starter kit, not a real portfolio",0.00,Parklands,4539.5,False
extreme,10.0,NBO-0070,-1.316407,36.820467,permanent_masonry,34970000.00,0.0,0.0,0.0,1.0,0.00,True,"generated for hackathon starter kit, not a real portfolio",0.00,Nairobi West,905.3,True
extreme,10.0,NBO-0071,-1.220708,36.937779,semi_permanent,3840000.00,0.04031019285321236,0.060465289279818535,0.03547296971082688,1.0,136216.20,True,"generated for hackathon starter kit, not a real portfolio",97816.20,Mwiki,1430.6,True
extreme,10.0,NBO-0072,-1.203775,36.813551,concrete_rcc,1196260000.00,0.0,0.0,0.0,1.0,0.00,True,"generated for hackathon starter kit, not a real portfolio",0.00,Westlands,5650.6,False
extreme,10.0,NBO-0073,-1.265598,36.886731,semi_permanent,3550000.00,0.0,0.0,0.0,1.0,0.00,True,"generated for hackathon starter kit, not a real portfolio",0.00,Kariobangi,899.9,True
extreme,10.0,NBO-0074,-1.246897,36.789663,semi_permanent,3200000.00,0.0,0.0,0.0,1.0,0.00,True,"generated for hackathon starter kit, not a real portfolio",0.00,Westlands,400.9,True
extreme,10.0,NBO-0075,-1.242933,36.931356,concrete_rcc,161250000.00,0.045474909245967865,0.0682123638689518,0.023087261617183684,1.0,3722820.94,True,"generated for hackathon starter kit, not a real portfolio",2110320.94,Mwiki,1151.3,True
extreme,10.0,NBO-0076,-1.305358,36.913093,informal_iron_sheet,995000.00,0.0,0.0,0.0,1.0,0.00,True,"generated for hackathon starter kit, not a real portfolio",0.00,Tassia,1621.7,True
extreme,10.0,NBO-0077,-1.298235,36.947971,informal_iron_sheet,510000.00,0.0,0.0,0.0,1.0,0.00,True,"generated for hackathon starter kit, not a real portfolio",0.00,Kayole,4730.1,False
extreme,10.0,NBO-0078,-1.297084,36.756761,permanent_masonry,71955000.00,0.0,0.0,0.0,1.0,0.00,True,"generated for hackathon starter kit, not a real portfolio",0.00,Kawangware,2147.3,False
extreme,10.0,NBO-0079,-1.240748,36.917596,semi_permanent,3200000.00,0.2504522502422333,0.3756783753633499,0.2202894401550293,1.0,704926.21,True,"generated for hackathon starter kit, not a real portfolio",672926.21,Dandora,1361.2,True
extreme,10.0,NBO-0080,-1.204947,36.819248,concrete_rcc,534130000.00,0.0,0.0,0.0,1.0,0.00,True,"generated for hackathon starter kit, not a real portfolio",0.00,Westlands,5914.1,False
extreme,10.0,NBO-0081,-1.223301,36.827346,informal_iron_sheet,1670000.00,0.0,0.0,0.0,1.0,0.00,True,"generated for hackathon starter kit, not a real portfolio",0.00,Parklands,4795.9,False
extreme,10.0,NBO-0082,-1.245203,36.83545,informal_iron_sheet,1090000.00,0.0,0.0,0.0,1.0,0.00,True,"generated for hackathon starter kit, not a real portfolio",0.00,Parklands,3399.6,False
extreme,10.0,NBO-0083,-1.334989,36.72296,semi_permanent,3375000.00,0.0,0.0,0.0,1.0,0.00,True,"generated for hackathon starter kit, not a real portfolio",0.00,Kawangware,7047.9,False
extreme,10.0,NBO-0084,-1.286346,36.920269,permanent_masonry,66900000.00,0.0,0.0,0.0,1.0,0.00,True,"generated for hackathon starter kit, not a real portfolio",0.00,Komarock,2063.6,False
extreme,10.0,NBO-0085,-1.273428,36.851099,concrete_rcc,491280000.00,0.0,0.0,0.0,1.0,0.00,True,"generated for hackathon starter kit, not a real portfolio",0.00,Kiambiu,1685.5,True
extreme,10.0,NBO-0086,-1.232924,36.726327,informal_iron_sheet,1010000.00,0.0,0.0,0.0,1.0,0.00,True,"generated for hackathon starter kit, not a real portfolio",0.00,Kangemi,4853.2,False
extreme,10.0,NBO-0087,-1.210741,36.884764,semi_permanent,3110000.00,0.0,0.0,0.0,1.0,0.00,True,"generated for hackathon starter kit, not a real portfolio",0.00,Dandora,4477.7,False
extreme,10.0,NBO-0088,-1.269745,36.728359,permanent_masonry,69520000.00,0.0,0.0,0.0,1.0,0.00,True,"generated for hackathon starter kit, not a real portfolio",0.00,Kangemi,2668.1,False
extreme,10.0,NBO-0089,-1.212553,36.795312,permanent_masonry,32095000.00,0.0,0.0,0.0,1.0,0.00,True,"generated for hackathon starter kit, not a real portfolio",0.00,Westlands,3914.9,False
extreme,10.0,NBO-0090,-1.272165,36.867382,semi_permanent,3080000.00,0.0,0.0,0.0,1.0,0.00,True,"generated for hackathon starter kit, not a real portfolio",0.00,Kiambiu,1207.9,True
extreme,10.0,NBO-0091,-1.308021,36.816316,permanent_masonry,37840000.00,0.0,0.0,0.0,1.0,0.00,True,"generated for hackathon starter kit, not a real portfolio",0.00,Madaraka,128.7,True
extreme,10.0,NBO-0092,-1.333203,36.716242,semi_permanent,4880000.00,0.0,0.0,0.0,1.0,0.00,True,"generated for hackathon starter kit, not a real portfolio",0.00,Kawangware,7248.2,False
extreme,10.0,NBO-0093,-1.299334,36.855565,informal_iron_sheet,1040000.00,0.0,0.0,0.0,1.0,0.00,True,"generated for hackathon starter kit, not a real portfolio",0.00,Kiambiu,2087.7,False
extreme,10.0,NBO-0094,-1.271576,36.791682,informal_iron_sheet,695000.00,0.0,0.0,0.0,1.0,0.00,True,"generated for hackathon starter kit, not a real portfolio",0.00,Kileleshwa,711.0,True
extreme,10.0,NBO-0095,-1.224116,36.795335,semi_permanent,4705000.00,0.0,0.0,0.0,1.0,0.00,True,"generated for hackathon starter kit, not a real portfolio",0.00,Westlands,2696.3,False
extreme,10.0,NBO-0096,-1.201989,36.740738,informal_iron_sheet,1010000.00,0.0,0.0,0.0,1.0,0.00,True,"generated for hackathon starter kit, not a real portfolio",0.00,Kitisuru,5437.2,False
extreme,10.0,NBO-0097,-1.279198,36.745978,semi_permanent,5565000.00,0.0,0.0,0.0,1.0,0.00,True,"generated for hackathon starter kit, not a real portfolio",0.00,Kawangware,635.0,True
extreme,10.0,NBO-0098,-1.29751,36.948272,semi_permanent,5545000.00,0.0,0.0,0.0,1.0,0.00,True,"generated for hackathon starter kit, not a real portfolio",0.00,Kayole,4693.5,False
extreme,10.0,NBO-0099,-1.260843,36.851111,concrete_rcc,543755000.00,0.0,0.0,0.0,1.0,0.00,True,"generated for hackathon starter kit, not a real portfolio",0.00,Mathare,2256.7,False
extreme,10.0,NBO-0100,-1.286345,36.846856,semi_permanent,7865000.00,0.0,0.0,0.0,1.0,0.00,True,"generated for hackathon starter kit, not a real portfolio",0.00,Kiambiu,1895.1,True
extreme,10.0,NBO-0101,-1.30844,36.895244,informal_iron_sheet,1235000.00,0.0,0.0,0.0,1.0,0.00,True,"generated for hackathon starter kit, not a real portfolio",0.00,Tassia,404.2,True
extreme,10.0,NBO-0102,-1.222723,36.795885,semi_permanent,2150000.00,0.0,0.0,0.0,1.0,0.00,True,"generated for hackathon starter kit, not a real portfolio",0.00,Westlands,2862.8,False
extreme,10.0,NBO-0103,-1.306432,36.73854,semi_permanent,2925000.00,0.0,0.0,0.0,1.0,0.00,True,"generated for hackathon starter kit, not a real portfolio",0.00,Kawangware,3434.2,False
extreme,10.0,NBO-0104,-1.226248,36.851791,permanent_masonry,36035000.00,0.0,0.0,0.0,1.0,0.00,True,"generated for hackathon starter kit, not a real portfolio",0.00,Mathare,4181.0,False
extreme,10.0,NBO-0105,-1.23934,36.801209,permanent_masonry,43850000.00,0.0,0.0,0.0,1.0,0.00,True,"generated for hackathon starter kit, not a real portfolio",0.00,Westlands,1862.5,True
extreme,10.0,NBO-0106,-1.296068,36.800864,semi_permanent,3435000.00,0.0,0.0,0.0,1.0,0.00,True,"generated for hackathon starter kit, not a real portfolio",0.00,Madaraka,2043.8,False
extreme,10.0,NBO-0107,-1.213736,36.721958,permanent_masonry,55225000.00,0.0,0.0,0.0,1.0,0.00,True,"generated for hackathon starter kit, not a real portfolio",0.00,Kitisuru,6207.8,False
extreme,10.0,NBO-0108,-1.295765,36.805226,semi_permanent,4520000.00,0.0,0.0,0.0,1.0,0.00,True,"generated for hackathon starter kit, not a real portfolio",0.00,Madaraka,1714.1,True
extreme,10.0,NBO-0109,-1.207673,36.712984,informal_iron_sheet,1090000.00,0.0,0.0,0.0,1.0,0.00,True,"generated for hackathon starter kit, not a real portfolio",0.00,Kitisuru,7407.2,False
extreme,10.0,NBO-0110,-1.238154,36.925489,semi_permanent,7450000.00,0.0,0.0,0.0,1.0,0.00,True,"generated for hackathon starter kit, not a real portfolio",0.00,Mwiki,1052.6,True
extreme,10.0,NBO-0111,-1.334044,36.793712,informal_iron_sheet,1090000.00,0.0,0.0,0.0,1.0,0.00,True,"generated for hackathon starter kit, not a real portfolio",0.00,Lang'ata,1728.2,True
extreme,10.0,NBO-0112,-1.271695,36.878829,permanent_masonry,27190000.00,0.0,0.0,0.0,1.0,0.00,True,"generated for hackathon starter kit, not a real portfolio",0.00,Kariobangi,1442.5,True
extreme,10.0,NBO-0113,-1.317103,36.847082,permanent_masonry,78030000.00,0.0,0.0,0.0,1.0,0.00,True,"generated for hackathon starter kit, not a real portfolio",0.00,Nairobi West,2825.2,False
extreme,10.0,NBO-0114,-1.268416,36.810036,permanent_masonry,72885000.00,0.0,0.0,0.0,1.0,0.00,True,"generated for hackathon starter kit, not a real portfolio",0.00,Chiromo,486.7,True
extreme,10.0,NBO-0115,-1.340624,36.784613,semi_permanent,5820000.00,0.0,0.0,0.0,1.0,0.00,True,"generated for hackathon starter kit, not a real portfolio",0.00,Lang'ata,2481.9,False
extreme,10.0,NBO-0116,-1.335686,36.707985,informal_iron_sheet,970000.00,0.0,0.0,0.0,1.0,0.00,True,"generated for hackathon starter kit, not a real portfolio",0.00,Kawangware,8002.6,False
extreme,10.0,NBO-0117,-1.258956,36.863648,informal_iron_sheet,1470000.00,0.0,0.0,0.0,1.0,0.00,True,"generated for hackathon starter kit, not a real portfolio",0.00,Mathare,848.9,True
extreme,10.0,NBO-0118,-1.228914,36.724864,semi_permanent,6680000.00,0.0,0.0,0.0,1.0,0.00,True,"generated for hackathon starter kit, not a real portfolio",0.00,Kitisuru,5288.2,False
extreme,10.0,NBO-0119,-1.321806,36.758701,semi_permanent,3215000.00,0.0,0.0,0.0,1.0,0.00,True,"generated for hackathon starter kit, not a real portfolio",0.00,Lang'ata,3491.1,False
extreme,10.0,NBO-0120,-1.255807,36.939727,informal_iron_sheet,1230000.00,0.0,0.0,0.0,1.0,0.00,True,"generated for hackathon starter kit, not a real portfolio",0.00,Kayole,2570.1,False
extreme,10.0,NBO-0121,-1.229133,36.79396,permanent_masonry,38180000.00,0.0,0.0,0.0,1.0,0.00,True,"generated for hackathon starter kit, not a real portfolio",0.00,Westlands,2123.6,False
extreme,10.0,NBO-0122,-1.207446,36.790624,semi_permanent,3745000.00,0.0,0.0,0.0,1.0,0.00,True,"generated for hackathon starter kit, not a real portfolio",0.00,Kitisuru,4260.8,False
extreme,10.0,NBO-0123,-1.275351,36.872473,informal_iron_sheet,720000.00,0.2859524190425873,0.4289286285638809,0.3345143222808838,1.0,240850.31,True,"generated for hackathon starter kit, not a real portfolio",233650.31,Kiambiu,1268.1,True
extreme,10.0,NBO-0124,-1.181446,36.767437,informal_iron_sheet,930000.00,0.0,0.0,0.0,1.0,0.00,True,"generated for hackathon starter kit, not a real portfolio",0.00,Kitisuru,6565.2,False
extreme,10.0,NBO-0125,-1.183533,36.792047,informal_iron_sheet,900000.00,0.0,0.0,0.0,1.0,0.00,True,"generated for hackathon starter kit, not a real portfolio",0.00,Kitisuru,6739.0,False
extreme,10.0,NBO-0126,-1.210898,36.776869,informal_iron_sheet,925000.00,0.0,0.0,0.0,1.0,0.00,True,"generated for hackathon starter kit, not a real portfolio",0.00,Kitisuru,3341.8,False
extreme,10.0,NBO-0127,-1.290697,36.873831,semi_permanent,3180000.00,0.0,0.0,0.0,1.0,0.00,True,"generated for hackathon starter kit, not a real portfolio",0.00,Kiambiu,1489.6,True
extreme,10.0,NBO-0128,-1.321205,36.719321,informal_iron_sheet,910000.00,0.0,0.0,0.0,1.0,0.00,True,"generated for hackathon starter kit, not a real portfolio",0.00,Kawangware,5958.1,False
extreme,10.0,NBO-0129,-1.316017,36.795227,informal_iron_sheet,1550000.00,0.0,0.0,0.0,1.0,0.00,True,"generated for hackathon starter kit, not a real portfolio",0.00,Lang'ata,669.0,True
extreme,10.0,NBO-0130,-1.194198,36.949316,concrete_rcc,958965000.00,0.0,0.0,0.0,1.0,0.00,True,"generated for hackathon starter kit, not a real portfolio",0.00,Mwiki,4644.0,False
extreme,10.0,NBO-0131,-1.340893,36.860238,permanent_masonry,83420000.00,0.0,0.0,0.0,1.0,0.00,True,"generated for hackathon starter kit, not a real portfolio",0.00,Fedha,5094.4,False
extreme,10.0,NBO-0132,-1.27855,36.818788,semi_permanent,5665000.00,0.0,0.0,0.0,1.0,0.00,True,"generated for hackathon starter kit, not a real portfolio",0.00,Chiromo,1624.1,True
extreme,10.0,NBO-0133,-1.207541,36.772299,permanent_masonry,25915000.00,0.0,0.0,0.0,1.0,0.00,True,"generated for hackathon starter kit, not a real portfolio",0.00,Kitisuru,3654.1,False
extreme,10.0,NBO-0134,-1.313321,36.705669,permanent_masonry,53635000.00,0.0,0.0,0.0,1.0,0.00,True,"generated for hackathon starter kit, not a real portfolio",0.00,Kawangware,6414.3,False
extreme,10.0,NBO-0135,-1.328732,36.927373,semi_permanent,4760000.00,0.0,0.0,0.0,1.0,0.00,True,"generated for hackathon starter kit, not a real portfolio",0.00,Fedha,3523.5,False
extreme,10.0,NBO-0136,-1.308288,36.930201,informal_iron_sheet,1520000.00,0.0,0.0,0.0,1.0,0.00,True,"generated for hackathon starter kit, not a real portfolio",0.00,Tassia,3515.3,False
extreme,10.0,NBO-0137,-1.229656,36.944629,semi_permanent,3300000.00,0.0,0.0,0.0,1.0,0.00,True,"generated for hackathon starter kit, not a real portfolio",0.00,Mwiki,1309.2,True
extreme,10.0,NBO-0138,-1.243781,36.81987,semi_permanent,4115000.00,0.0,0.0,0.0,1.0,0.00,True,"generated for hackathon starter kit, not a real portfolio",0.00,Parklands,2377.3,False
extreme,10.0,NBO-0139,-1.33467,36.848323,permanent_masonry,67680000.00,0.0,0.0,0.0,1.0,0.00,True,"generated for hackathon starter kit, not a real portfolio",0.00,Nairobi West,4025.1,False
extreme,10.0,NBO-0140,-1.324226,36.772249,permanent_masonry,49900000.00,0.0,0.0,0.0,1.0,0.00,True,"generated for hackathon starter kit, not a real portfolio",0.00,Lang'ata,2055.9,False
extreme,10.0,NBO-0141,-1.249756,36.907099,permanent_masonry,46335000.00,0.0481405183672905,0.07221077755093575,0.031772742122411726,1.0,1472190.01,True,"generated for hackathon starter kit, not a real portfolio",1008840.01,Dandora,550.8,True
extreme,10.0,NBO-0142,-1.257697,36.845664,semi_permanent,4885000.00,0.0,0.0,0.0,1.0,0.00,True,"generated for hackathon starter kit, not a real portfolio",0.00,Mathare,2847.2,False
extreme,10.0,NBO-0143,-1.227186,36.774168,informal_iron_sheet,1100000.00,0.0,0.0,0.0,1.0,0.00,True,"generated for hackathon starter kit, not a real portfolio",0.00,Kitisuru,1507.9,True
extreme,10.0,NBO-0144,-1.310914,36.773765,concrete_rcc,760755000.00,0.0,0.0,0.0,1.0,0.00,True,"generated for hackathon starter kit, not a real portfolio",0.00,Kibera,1694.3,True
extreme,10.0,NBO-0145,-1.25898,36.789057,semi_permanent,3425000.00,0.0,0.0,0.0,1.0,0.00,True,"generated for hackathon starter kit, not a real portfolio",0.00,Westlands,1423.7,True
extreme,10.0,NBO-0146,-1.209838,36.867674,concrete_rcc,266365000.00,0.0,0.0,0.0,1.0,0.00,True,"generated for hackathon starter kit, not a real portfolio",0.00,Mathare,5416.3,False
extreme,10.0,NBO-0147,-1.186506,36.892392,informal_iron_sheet,2210000.00,0.0,0.0,0.0,1.0,0.00,True,"generated for hackathon starter kit, not a real portfolio",0.00,Dandora,6670.0,False
extreme,10.0,NBO-0148,-1.221177,36.725933,informal_iron_sheet,925000.00,0.0,0.0,0.0,1.0,0.00,True,"generated for hackathon starter kit, not a real portfolio",0.00,Kitisuru,5449.1,False
extreme,10.0,NBO-0149,-1.201048,36.932221,permanent_masonry,43470000.00,0.4932691156864166,0.7399036735296249,0.29676917552948,1.0,12900556.06,True,"generated for hackathon starter kit, not a real portfolio",12465856.06,Mwiki,3527.8,False
extreme,10.0,NBO-0150,-1.315498,36.888282,informal_iron_sheet,635000.00,0.0,0.0,0.0,1.0,0.00,True,"generated for hackathon starter kit, not a real portfolio",0.00,Fedha,1135.5,True
extreme,10.0,NBO-0151,-1.26734,36.901219,concrete_rcc,1108710000.00,0.0,0.0,0.0,1.0,0.00,True,"generated for hackathon starter kit, not a real portfolio",0.00,Komarock,935.1,True
extreme,10.0,NBO-0152,-1.184332,36.749384,informal_iron_sheet,1110000.00,0.0,0.0,0.0,1.0,0.00,True,"generated for hackathon starter kit, not a real portfolio",0.00,Kitisuru,6680.6,False
extreme,10.0,NBO-0153,-1.245369,36.735718,permanent_masonry,64995000.00,0.0,0.0,0.0,1.0,0.00,True,"generated for hackathon starter kit, not a real portfolio",0.00,Kangemi,3119.8,False
extreme,10.0,NBO-0154,-1.324387,36.883553,permanent_masonry,40495000.00,0.0,0.0,0.0,1.0,0.00,True,"generated for hackathon starter kit, not a real portfolio",0.00,Fedha,1923.2,True
extreme,10.0,NBO-0155,-1.284631,36.934741,permanent_masonry,72965000.00,0.0,0.0,0.0,1.0,0.00,True,"generated for hackathon starter kit, not a real portfolio",0.00,Kayole,2622.4,False
extreme,10.0,NBO-0156,-1.31803,36.786682,semi_permanent,4130000.00,0.0,0.0,0.0,1.0,0.00,True,"generated for hackathon starter kit, not a real portfolio",0.00,Lang'ata,380.4,True
extreme,10.0,NBO-0157,-1.209491,36.725,permanent_masonry,36455000.00,0.0,0.0,0.0,1.0,0.00,True,"generated for hackathon starter kit, not a real portfolio",0.00,Kitisuru,6162.9,False
extreme,10.0,NBO-0158,-1.323821,36.781637,concrete_rcc,376910000.00,0.0,0.0,0.0,1.0,0.00,True,"generated for hackathon starter kit, not a real portfolio",0.00,Lang'ata,1073.3,True
extreme,10.0,NBO-0159,-1.2755,36.909436,concrete_rcc,523215000.00,0.0,0.0,0.0,1.0,0.00,True,"generated for hackathon starter kit, not a real portfolio",0.00,Komarock,368.4,True
extreme,10.0,NBO-0160,-1.267116,36.905938,semi_permanent,5905000.00,0.0,0.0,0.0,1.0,0.00,True,"generated for hackathon starter kit, not a real portfolio",0.00,Komarock,647.6,True
extreme,10.0,NBO-0161,-1.264529,36.758589,informal_iron_sheet,1240000.00,0.0,0.0,0.0,1.0,0.00,True,"generated for hackathon starter kit, not a real portfolio",0.00,Kangemi,799.3,True
extreme,10.0,NBO-0162,-1.207852,36.738724,permanent_masonry,33235000.00,0.0,0.0,0.0,1.0,0.00,True,"generated for hackathon starter kit, not a real portfolio",0.00,Kitisuru,5097.0,False
extreme,10.0,NBO-0163,-1.342246,36.823872,informal_iron_sheet,900000.00,0.0,0.0,0.0,1.0,0.00,True,"generated for hackathon starter kit, not a real portfolio",0.00,Nairobi West,3730.9,False
extreme,10.0,NBO-0164,-1.318571,36.780133,semi_permanent,4000000.00,0.0,0.0,0.0,1.0,0.00,True,"generated for hackathon starter kit, not a real portfolio",0.00,Lang'ata,1095.1,True
extreme,10.0,NBO-0165,-1.315888,36.912665,informal_iron_sheet,1320000.00,0.0,0.0,0.0,1.0,0.00,True,"generated for hackathon starter kit, not a real portfolio",0.00,Fedha,1575.4,True
extreme,10.0,NBO-0166,-1.273681,36.816244,informal_iron_sheet,630000.00,0.0,0.0,0.0,1.0,0.00,True,"generated for hackathon starter kit, not a real portfolio",0.00,Chiromo,1140.9,True
extreme,10.0,NBO-0167,-1.194379,36.756692,informal_iron_sheet,1245000.00,0.0,0.0,0.0,1.0,0.00,True,"generated for hackathon starter kit, not a real portfolio",0.00,Kitisuru,5357.5,False
extreme,10.0,NBO-0168,-1.226041,36.807618,permanent_masonry,56855000.00,0.0,0.0,0.0,1.0,0.00,True,"generated for hackathon starter kit, not a real portfolio",0.00,Westlands,3305.3,False
extreme,10.0,NBO-0169,-1.274509,36.755653,semi_permanent,3735000.00,0.0,0.0,0.0,1.0,0.00,True,"generated for hackathon starter kit, not a real portfolio",0.00,Kawangware,626.1,True
extreme,10.0,NBO-0170,-1.292702,36.875973,informal_iron_sheet,1245000.00,0.0,0.0,0.0,1.0,0.00,True,"generated for hackathon starter kit, not a real portfolio",0.00,Donholm,1588.8,True
extreme,10.0,NBO-0171,-1.212602,36.943006,permanent_masonry,136925000.00,0.0,0.0,0.0,1.0,0.00,True,"generated for hackathon starter kit, not a real portfolio",0.00,Mwiki,2488.9,False
extreme,10.0,NBO-0172,-1.240316,36.852111,permanent_masonry,93240000.00,0.0,0.0,0.0,1.0,0.00,True,"generated for hackathon starter kit, not a real portfolio",0.00,Mathare,2929.9,False
extreme,10.0,NBO-0173,-1.230335,36.759392,permanent_masonry,53255000.00,0.0,0.0,0.0,1.0,0.00,True,"generated for hackathon starter kit, not a real portfolio",0.00,Kitisuru,1709.1,True
extreme,10.0,NBO-0174,-1.198222,36.903014,semi_permanent,4610000.00,0.0,0.0,0.0,1.0,0.00,True,"generated for hackathon starter kit, not a real portfolio",0.00,Mwiki,5104.8,False
extreme,10.0,NBO-0175,-1.341161,36.791211,concrete_rcc,457070000.00,0.0,0.0,0.0,1.0,0.00,True,"generated for hackathon starter kit, not a real portfolio",0.00,Lang'ata,2472.8,False
extreme,10.0,NBO-0176,-1.212321,36.722038,informal_iron_sheet,1370000.00,0.0,0.0,0.0,1.0,0.00,True,"generated for hackathon starter kit, not a real portfolio",0.00,Kitisuru,6276.7,False
extreme,10.0,NBO-0177,-1.182082,36.738428,permanent_masonry,102100000.00,0.0,0.0,0.0,1.0,0.00,True,"generated for hackathon starter kit, not a real portfolio",0.00,Kitisuru,7426.7,False
extreme,10.0,NBO-0178,-1.265205,36.79272,permanent_masonry,19485000.00,0.0,0.0,0.0,1.0,0.00,True,"generated for hackathon starter kit, not a real portfolio",0.00,Kileleshwa,1389.4,True
extreme,10.0,NBO-0179,-1.337228,36.908714,semi_permanent,4500000.00,0.0,0.0,0.0,1.0,0.00,True,"generated for hackathon starter kit, not a real portfolio",0.00,Fedha,2652.7,False
extreme,10.0,NBO-0180,-1.333631,36.756666,semi_permanent,5520000.00,0.0,0.0,0.0,1.0,0.00,True,"generated for hackathon starter kit, not a real portfolio",0.00,Lang'ata,4046.5,False
extreme,10.0,NBO-0181,-1.195501,36.89562,informal_iron_sheet,865000.00,0.0,0.0,0.0,1.0,0.00,True,"generated for hackathon starter kit, not a real portfolio",0.00,Dandora,5615.6,False
extreme,10.0,NBO-0182,-1.319569,36.720591,informal_iron_sheet,1360000.00,0.0,0.0,0.0,1.0,0.00,True,"generated for hackathon starter kit, not a real portfolio",0.00,Kawangware,5727.8,False
extreme,10.0,NBO-0183,-1.218746,36.909908,semi_permanent,4535000.00,0.0,0.0,0.0,1.0,0.00,True,"generated for hackathon starter kit, not a real portfolio",0.00,Dandora,2940.1,False
extreme,10.0,NBO-0184,-1.221434,36.878747,permanent_masonry,36975000.00,0.0,0.0,0.0,1.0,0.00,True,"generated for hackathon starter kit, not a real portfolio",0.00,Dandora,4005.8,False
extreme,10.0,NBO-0185,-1.28124,36.722067,semi_permanent,4485000.00,0.0,0.0,0.0,1.0,0.00,True,"generated for hackathon starter kit, not a real portfolio",0.00,Kawangware,3302.4,False
extreme,10.0,NBO-0186,-1.311268,36.710595,concrete_rcc,993560000.00,0.0,0.0,0.0,1.0,0.00,True,"generated for hackathon starter kit, not a real portfolio",0.00,Kawangware,5842.0,False
extreme,10.0,NBO-0187,-1.330025,36.762867,informal_iron_sheet,805000.00,0.0,0.0,0.0,1.0,0.00,True,"generated for hackathon starter kit, not a real portfolio",0.00,Lang'ata,3255.2,False
extreme,10.0,NBO-0188,-1.301215,36.744807,semi_permanent,3595000.00,0.0,0.0,0.0,1.0,0.00,True,"generated for hackathon starter kit, not a real portfolio",0.00,Kawangware,2641.6,False
extreme,10.0,NBO-0189,-1.241874,36.861843,informal_iron_sheet,900000.00,0.0,0.0,0.0,1.0,0.00,True,"generated for hackathon starter kit, not a real portfolio",0.00,Mathare,2116.6,False
extreme,10.0,NBO-0190,-1.20887,36.81776,concrete_rcc,464040000.00,0.0,0.0,0.0,1.0,0.00,True,"generated for hackathon starter kit, not a real portfolio",0.00,Westlands,5471.8,False
extreme,10.0,NBO-0191,-1.267964,36.843265,informal_iron_sheet,1045000.00,0.0,0.0,0.0,1.0,0.00,True,"generated for hackathon starter kit, not a real portfolio",0.00,Kiambiu,2747.3,False
extreme,10.0,NBO-0192,-1.329844,36.771296,semi_permanent,4215000.00,0.0,0.0,0.0,1.0,0.00,True,"generated for hackathon starter kit, not a real portfolio",0.00,Lang'ata,2403.7,False
extreme,10.0,NBO-0193,-1.210185,36.944592,permanent_masonry,88580000.00,0.0,0.0,0.0,1.0,0.00,True,"generated for hackathon starter kit, not a real portfolio",0.00,Mwiki,2808.0,False
extreme,10.0,NBO-0194,-1.264517,36.725531,concrete_rcc,395825000.00,0.0,0.0,0.0,1.0,0.00,True,"generated for hackathon starter kit, not a real portfolio",0.00,Kangemi,3000.7,False
extreme,10.0,NBO-0195,-1.27448,36.865735,concrete_rcc,1055700000.00,0.0,0.0,0.0,1.0,0.00,True,"generated for hackathon starter kit, not a real portfolio",0.00,Kiambiu,904.6,True
extreme,10.0,NBO-0196,-1.224155,36.832879,semi_permanent,4445000.00,0.0,0.0,0.0,1.0,0.00,True,"generated for hackathon starter kit, not a real portfolio",0.00,Parklands,4983.4,False
extreme,10.0,NBO-0197,-1.343618,36.947469,informal_iron_sheet,2575000.00,0.0,0.0,0.0,1.0,0.00,True,"generated for hackathon starter kit, not a real portfolio",0.00,Fedha,6268.7,False
extreme,10.0,NBO-0198,-1.319233,36.938714,concrete_rcc,1029420000.00,0.0,0.0,0.0,1.0,0.00,True,"generated for hackathon starter kit, not a real portfolio",0.00,Fedha,4488.5,False
extreme,10.0,NBO-0199,-1.344312,36.819906,permanent_masonry,32725000.00,0.0,0.0,0.0,1.0,0.00,True,"generated for hackathon starter kit, not a real portfolio",0.00,Nairobi West,3975.5,False
extreme,10.0,NBO-0200,-1.306727,36.812002,concrete_rcc,789520000.00,0.0,0.0,0.0,1.0,0.00,True,"generated for hackathon starter kit, not a real portfolio",0.00,Madaraka,378.2,True
extreme,10.0,NBO-0201,-1.270885,36.789166,informal_iron_sheet,1175000.00,0.0,0.0,0.0,1.0,0.00,True,"generated for hackathon starter kit, not a real portfolio",0.00,Kileleshwa,665.4,True
extreme,10.0,NBO-0202,-1.318579,36.742962,permanent_masonry,31350000.00,0.0,0.0,0.0,1.0,0.00,True,"generated for hackathon starter kit, not a real portfolio",0.00,Kawangware,4563.9,False
extreme,10.0,NBO-0203,-1.344032,36.870461,permanent_masonry,70840000.00,0.023013461381196976,0.034520192071795464,0.015188884511590004,1.0,1075980.58,True,"generated for hackathon starter kit, not a real portfolio",367580.58,Fedha,4433.8,False
extreme,10.0,NBO-0204,-1.336469,36.921711,concrete_rcc,563530000.00,0.0,0.0,0.0,1.0,0.00,True,"generated for hackathon starter kit, not a real portfolio",0.00,Fedha,3465.5,False
extreme,10.0,NBO-0205,-1.289884,36.819049,semi_permanent,3240000.00,0.0,0.0,0.0,1.0,0.00,True,"generated for hackathon starter kit, not a real portfolio",0.00,Madaraka,1991.4,True
extreme,10.0,NBO-0206,-1.274787,36.929401,semi_permanent,8345000.00,0.0,0.0,0.0,1.0,0.00,True,"generated for hackathon starter kit, not a real portfolio",0.00,Kayole,1429.9,True
extreme,10.0,NBO-0207,-1.319881,36.761287,permanent_masonry,32605000.00,0.0,0.0,0.0,1.0,0.00,True,"generated for hackathon starter kit, not a real portfolio",0.00,Lang'ata,3190.9,False
extreme,10.0,NBO-0208,-1.266865,36.76677,informal_iron_sheet,1980000.00,0.0,0.0,0.0,1.0,0.00,True,"generated for hackathon starter kit, not a real portfolio",0.00,Lavington,1321.6,True
extreme,10.0,NBO-0209,-1.241941,36.938785,permanent_masonry,24420000.00,0.49375391006469727,0.7406308650970459,0.2970018768310547,1.0,7252785.83,True,"generated for hackathon starter kit, not a real portfolio",7008585.83,Mwiki,1191.2,True
extreme,10.0,NBO-0210,-1.291279,36.929862,concrete_rcc,283520000.00,0.0,0.0,0.0,1.0,0.00,True,"generated for hackathon starter kit, not a real portfolio",0.00,Kayole,2967.0,False
extreme,10.0,NBO-0211,-1.261427,36.828096,semi_permanent,2760000.00,0.0,0.0,0.0,1.0,0.00,True,"generated for hackathon starter kit, not a real portfolio",0.00,Parklands,1950.3,True
extreme,10.0,NBO-0212,-1.317846,36.837696,semi_permanent,3325000.00,0.0,0.0,0.0,1.0,0.00,True,"generated for hackathon starter kit, not a real portfolio",0.00,Nairobi West,1915.1,True
extreme,10.0,NBO-0213,-1.287925,36.788302,informal_iron_sheet,1440000.00,0.0,0.0,0.0,1.0,0.00,True,"generated for hackathon starter kit, not a real portfolio",0.00,Kileleshwa,1245.2,True
extreme,10.0,NBO-0214,-1.285278,36.707129,informal_iron_sheet,695000.00,0.0,0.0,0.0,1.0,0.00,True,"generated for hackathon starter kit, not a real portfolio",0.00,Kawangware,5006.2,False
extreme,10.0,NBO-0215,-1.235394,36.793707,informal_iron_sheet,925000.00,0.0,0.0,0.0,1.0,0.00,True,"generated for hackathon starter kit, not a real portfolio",0.00,Westlands,1500.8,True
extreme,10.0,NBO-0216,-1.217864,36.946273,semi_permanent,4005000.00,0.0,0.0,0.0,1.0,0.00,True,"generated for hackathon starter kit, not a real portfolio",0.00,Mwiki,2198.4,False
extreme,10.0,NBO-0217,-1.295741,36.827042,permanent_masonry,42040000.00,0.0,0.0,0.0,1.0,0.00,True,"generated for hackathon starter kit, not a real portfolio",0.00,Nairobi West,1506.5,True
extreme,10.0,NBO-0218,-1.235727,36.901794,permanent_masonry,58185000.00,0.3576710522174835,0.5365065783262253,0.2316821050643921,1.0,13480423.28,True,"generated for hackathon starter kit, not a real portfolio",12898573.28,Dandora,1126.6,True
extreme,10.0,NBO-0219,-1.307356,36.740224,informal_iron_sheet,1245000.00,0.0,0.0,0.0,1.0,0.00,True,"generated for hackathon starter kit, not a real portfolio",0.00,Kawangware,3454.4,False
extreme,10.0,NBO-0220,-1.200512,36.883541,semi_permanent,3360000.00,0.0,0.0,0.0,1.0,0.00,True,"generated for hackathon starter kit, not a real portfolio",0.00,Dandora,5536.1,False
extreme,10.0,NBO-0221,-1.328457,36.847573,concrete_rcc,1129100000.00,0.0,0.0,0.0,1.0,0.00,True,"generated for hackathon starter kit, not a real portfolio",0.00,Nairobi West,3496.9,False
extreme,10.0,NBO-0222,-1.24835,36.946666,semi_permanent,6000000.00,0.34114331007003784,0.5117149651050568,0.27833171844482424,1.0,1669990.31,True,"generated for hackathon starter kit, not a real portfolio",1609990.31,Mwiki,2285.8,False
extreme,10.0,NBO-0223,-1.310199,36.777964,semi_permanent,2850000.00,0.0,0.0,0.0,1.0,0.00,True,"generated for hackathon starter kit, not a real portfolio",0.00,Kibera,1233.3,True
extreme,10.0,NBO-0224,-1.295518,36.816631,concrete_rcc,1394785000.00,0.0,0.0,0.0,1.0,0.00,True,"generated for hackathon starter kit, not a real portfolio",0.00,Madaraka,1329.5,True
extreme,10.0,NBO-0225,-1.285168,36.767894,permanent_masonry,49225000.00,0.0,0.0,0.0,1.0,0.00,True,"generated for hackathon starter kit, not a real portfolio",0.00,Lavington,1543.2,True
extreme,10.0,NBO-0226,-1.317641,36.884345,semi_permanent,6855000.00,0.0,0.0,0.0,1.0,0.00,True,"generated for hackathon starter kit, not a real portfolio",0.00,Fedha,1588.2,True
extreme,10.0,NBO-0227,-1.26086,36.717133,permanent_masonry,68610000.00,0.0,0.0,0.0,1.0,0.00,True,"generated for hackathon starter kit, not a real portfolio",0.00,Kangemi,3989.0,False
extreme,10.0,NBO-0228,-1.197482,36.882829,semi_permanent,4865000.00,0.0,0.0,0.0,1.0,0.00,True,"generated for hackathon starter kit, not a real portfolio",0.00,Dandora,5873.0,False
extreme,10.0,NBO-0229,-1.184356,36.908604,informal_iron_sheet,570000.00,0.0,0.0,0.0,1.0,0.00,True,"generated for hackathon starter kit, not a real portfolio",0.00,Mwiki,6040.2,False
extreme,10.0,NBO-0230,-1.332177,36.762032,informal_iron_sheet,1055000.00,0.0,0.0,0.0,1.0,0.00,True,"generated for hackathon starter kit, not a real portfolio",0.00,Lang'ata,3436.7,False
extreme,10.0,NBO-0231,-1.33616,36.789645,concrete_rcc,1455240000.00,0.0,0.0,0.0,1.0,0.00,True,"generated for hackathon starter kit, not a real portfolio",0.00,Lang'ata,1913.3,True
extreme,10.0,NBO-0232,-1.284456,36.786377,informal_iron_sheet,680000.00,0.0,0.0,0.0,1.0,0.00,True,"generated for hackathon starter kit, not a real portfolio",0.00,Kileleshwa,875.2,True
extreme,10.0,NBO-0233,-1.188452,36.919106,permanent_masonry,130825000.00,0.0,0.0,0.0,1.0,0.00,True,"generated for hackathon starter kit, not a real portfolio",0.00,Mwiki,5172.0,False
extreme,10.0,NBO-0234,-1.226429,36.738966,semi_permanent,7695000.00,0.0,0.0,0.0,1.0,0.00,True,"generated for hackathon starter kit, not a real portfolio",0.00,Kitisuru,3887.4,False
extreme,10.0,NBO-0235,-1.290382,36.928578,informal_iron_sheet,675000.00,0.0,0.0,0.0,1.0,0.00,True,"generated for hackathon starter kit, not a real portfolio",0.00,Kayole,2820.7,False
extreme,10.0,NBO-0236,-1.187621,36.72315,semi_permanent,9120000.00,0.0,0.0,0.0,1.0,0.00,True,"generated for hackathon starter kit, not a real portfolio",0.00,Kitisuru,7921.3,False
extreme,10.0,NBO-0237,-1.199153,36.70927,concrete_rcc,697740000.00,0.0,0.0,0.0,1.0,0.00,True,"generated for hackathon starter kit, not a real portfolio",0.00,Kitisuru,8255.5,False
extreme,10.0,NBO-0238,-1.281576,36.902948,permanent_masonry,31835000.00,0.0,0.0,0.0,1.0,0.00,True,"generated for hackathon starter kit, not a real portfolio",0.00,Komarock,1125.8,True
extreme,10.0,NBO-0239,-1.188579,36.716339,permanent_masonry,37440000.00,0.0,0.0,0.0,1.0,0.00,True,"generated for hackathon starter kit, not a real portfolio",0.00,Kitisuru,8375.1,False
extreme,10.0,NBO-0240,-1.211563,36.84204,permanent_masonry,18665000.00,0.0,0.0,0.0,1.0,0.00,True,"generated for hackathon starter kit, not a real portfolio",0.00,Mathare,6139.8,False
extreme,10.0,NBO-0241,-1.230749,36.829461,permanent_masonry,37825000.00,0.0,0.0,0.0,1.0,0.00,True,"generated for hackathon starter kit, not a real portfolio",0.00,Parklands,4158.4,False
extreme,10.0,NBO-0242,-1.219856,36.921451,semi_permanent,5850000.00,0.028812821954488754,0.04321923293173313,0.025355283319950104,1.0,148328.41,True,"generated for hackathon starter kit, not a real portfolio",89828.41,Mwiki,1945.2,True
extreme,10.0,NBO-0243,-1.190807,36.86859,semi_permanent,4500000.00,0.0,0.0,0.0,1.0,0.00,True,"generated for hackathon starter kit, not a real portfolio",0.00,Dandora,7318.5,False
extreme,10.0,NBO-0244,-1.227495,36.945525,informal_iron_sheet,865000.00,0.2199835628271103,0.32997534424066544,0.2711842203140259,1.0,234574.35,True,"generated for hackathon starter kit, not a real portfolio",225924.35,Mwiki,1483.0,True
extreme,10.0,NBO-0245,-1.236395,36.870383,informal_iron_sheet,1470000.00,0.0,0.0,0.0,1.0,0.00,True,"generated for hackathon starter kit, not a real portfolio",0.00,Mathare,2450.5,False
extreme,10.0,NBO-0246,-1.271319,36.783572,semi_permanent,2350000.00,0.0,0.0,0.0,1.0,0.00,True,"generated for hackathon starter kit, not a real portfolio",0.00,Kileleshwa,770.8,True
extreme,10.0,NBO-0247,-1.186897,36.934355,informal_iron_sheet,1930000.00,0.0,0.0,0.0,1.0,0.00,True,"generated for hackathon starter kit, not a real portfolio",0.00,Mwiki,5100.9,False
extreme,10.0,NBO-0248,-1.303397,36.719771,permanent_masonry,67115000.00,0.0,0.0,0.0,1.0,0.00,True,"generated for hackathon starter kit, not a real portfolio",0.00,Kawangware,4498.9,False
extreme,10.0,NBO-0249,-1.201491,36.870552,semi_permanent,2705000.00,0.0,0.0,0.0,1.0,0.00,True,"generated for hackathon starter kit, not a real portfolio",0.00,Dandora,6237.6,False
extreme,10.0,NBO-0250,-1.309464,36.727057,concrete_rcc,346390000.00,0.0,0.0,0.0,1.0,0.00,True,"generated for hackathon starter kit, not a real portfolio",0.00,Kawangware,4399.2,False
extreme,10.0,NBO-0251,-1.310908,36.74482,semi_permanent,3695000.00,0.0,0.0,0.0,1.0,0.00,True,"generated for hackathon starter kit, not a real portfolio",0.00,Kawangware,3686.6,False
extreme,10.0,NBO-0252,-1.311595,36.796579,permanent_masonry,36755000.00,0.0,0.0,0.0,1.0,0.00,True,"generated for hackathon starter kit, not a real portfolio",0.00,Kibera,843.0,True
extreme,10.0,NBO-0253,-1.197507,36.82492,semi_permanent,5710000.00,0.0,0.0,0.0,1.0,0.00,True,"generated for hackathon starter kit, not a real portfolio",0.00,Westlands,6954.1,False
extreme,10.0,NBO-0254,-1.225363,36.713396,informal_iron_sheet,1930000.00,0.0,0.0,0.0,1.0,0.00,True,"generated for hackathon starter kit, not a real portfolio",0.00,Kangemi,6417.7,False
extreme,10.0,NBO-0255,-1.306528,36.801425,permanent_masonry,59540000.00,0.0,0.0,0.0,1.0,0.00,True,"generated for hackathon starter kit, not a real portfolio",0.00,Kibera,1481.0,True
extreme,10.0,NBO-0256,-1.32265,36.834249,semi_permanent,3650000.00,0.0,0.0,0.0,1.0,0.00,True,"generated for hackathon starter kit, not a real portfolio",0.00,Nairobi West,1985.5,True
extreme,10.0,NBO-0257,-1.23058,36.769731,concrete_rcc,1181605000.00,0.0,0.0,0.0,1.0,0.00,True,"generated for hackathon starter kit, not a real portfolio",0.00,Kitisuru,1099.1,True
extreme,10.0,NBO-0258,-1.325808,36.801523,permanent_masonry,36655000.00,0.0,0.0,0.0,1.0,0.00,True,"generated for hackathon starter kit, not a real portfolio",0.00,Lang'ata,1492.6,True
extreme,10.0,NBO-0259,-1.194012,36.894882,permanent_masonry,30340000.00,0.0014643266331404448,0.002196489949710667,0.0009664555778726936,1.0,29322.26,True,"generated for hackathon starter kit, not a real portfolio",0.00,Dandora,5794.7,False
extreme,10.0,NBO-0260,-1.328899,36.747618,semi_permanent,10010000.00,0.0,0.0,0.0,1.0,0.00,True,"generated for hackathon starter kit, not a real portfolio",0.00,Lang'ata,4836.8,False
extreme,10.0,NBO-0261,-1.23631,36.777251,concrete_rcc,823910000.00,0.0,0.0,0.0,1.0,0.00,True,"generated for hackathon starter kit, not a real portfolio",0.00,Kitisuru,826.4,True
extreme,10.0,NBO-0262,-1.313656,36.769023,informal_iron_sheet,495000.00,0.0,0.0,0.0,1.0,0.00,True,"generated for hackathon starter kit, not a real portfolio",0.00,Kibera,2235.7,False
extreme,10.0,NBO-0263,-1.240543,36.762234,semi_permanent,3240000.00,0.0,0.0,0.0,1.0,0.00,True,"generated for hackathon starter kit, not a real portfolio",0.00,Kitisuru,978.0,True
extreme,10.0,NBO-0264,-1.194188,36.709318,concrete_rcc,850565000.00,0.0,0.0,0.0,1.0,0.00,True,"generated for hackathon starter kit, not a real portfolio",0.00,Kitisuru,8570.1,False
extreme,10.0,NBO-0265,-1.20795,36.939186,informal_iron_sheet,1650000.00,0.0,0.0,0.0,1.0,0.00,True,"generated for hackathon starter kit, not a real portfolio",0.00,Mwiki,2835.8,False
extreme,10.0,NBO-0266,-1.245469,36.827153,semi_permanent,3960000.00,0.0,0.0,0.0,1.0,0.00,True,"generated for hackathon starter kit, not a real portfolio",0.00,Parklands,2683.5,False
extreme,10.0,NBO-0267,-1.265873,36.781748,permanent_masonry,28335000.00,0.0,0.0,0.0,1.0,0.00,True,"generated for hackathon starter kit, not a real portfolio",0.00,Lavington,1098.7,True
extreme,10.0,NBO-0268,-1.277204,36.92012,informal_iron_sheet,875000.00,0.19910605251789093,0.2986590787768364,0.2511418104171753,1.0,219749.08,True,"generated for hackathon starter kit, not a real portfolio",210999.08,Kayole,1165.8,True
extreme,10.0,NBO-0269,-1.230379,36.705483,semi_permanent,3310000.00,0.0,0.0,0.0,1.0,0.00,True,"generated for hackathon starter kit, not a real portfolio",0.00,Kangemi,6677.6,False
extreme,10.0,NBO-0270,-1.22036,36.726497,permanent_masonry,106590000.00,0.0,0.0,0.0,1.0,0.00,True,"generated for hackathon starter kit, not a real portfolio",0.00,Kitisuru,5428.1,False
extreme,10.0,NBO-0271,-1.238975,36.704695,semi_permanent,3125000.00,0.0,0.0,0.0,1.0,0.00,True,"generated for hackathon starter kit, not a real portfolio",0.00,Kangemi,6198.8,False
extreme,10.0,NBO-0272,-1.268976,36.707647,permanent_masonry,84745000.00,0.0,0.0,0.0,1.0,0.00,True,"generated for hackathon starter kit, not a real portfolio",0.00,Kangemi,4964.8,False
extreme,10.0,NBO-0273,-1.224272,36.70066,semi_permanent,3775000.00,0.0,0.0,0.0,1.0,0.00,True,"generated for hackathon starter kit, not a real portfolio",0.00,Kangemi,7523.4,False
extreme,10.0,NBO-0274,-1.290944,36.852137,permanent_masonry,38080000.00,0.0,0.0,0.0,1.0,0.00,True,"generated for hackathon starter kit, not a real portfolio",0.00,Kiambiu,1581.0,True
extreme,10.0,NBO-0275,-1.305913,36.879391,semi_permanent,4445000.00,0.0,0.0,0.0,1.0,0.00,True,"generated for hackathon starter kit, not a real portfolio",0.00,Donholm,1273.3,True
extreme,10.0,NBO-0276,-1.341675,36.788527,informal_iron_sheet,2025000.00,0.0,0.0,0.0,1.0,0.00,True,"generated for hackathon starter kit, not a real portfolio",0.00,Lang'ata,2531.3,False
extreme,10.0,NBO-0277,-1.316557,36.932,semi_permanent,3990000.00,0.0,0.0,0.0,1.0,0.00,True,"generated for hackathon starter kit, not a real portfolio",0.00,Fedha,3725.9,False
extreme,10.0,NBO-0278,-1.184995,36.888914,semi_permanent,3950000.00,0.0,0.0,0.0,1.0,0.00,True,"generated for hackathon starter kit, not a real portfolio",0.00,Dandora,6930.0,False
extreme,10.0,NBO-0279,-1.242356,36.946982,semi_permanent,3240000.00,0.17797240614891052,0.2669586092233658,0.15661571741104127,1.0,507434.92,True,"generated for hackathon starter kit, not a real portfolio",475034.92,Mwiki,1861.1,True
extreme,10.0,NBO-0280,-1.286231,36.892072,concrete_rcc,609445000.00,0.0,0.0,0.0,1.0,0.00,True,"generated for hackathon starter kit, not a real portfolio",0.00,Donholm,1493.1,True
extreme,10.0,NBO-0281,-1.187574,36.830611,permanent_masonry,24840000.00,0.0,0.0,0.0,1.0,0.00,True,"generated for hackathon starter kit, not a real portfolio",0.00,Westlands,8215.0,False
extreme,10.0,NBO-0282,-1.338431,36.714023,permanent_masonry,46565000.00,0.0,0.0,0.0,1.0,0.00,True,"generated for hackathon starter kit, not a real portfolio",0.00,Kawangware,7871.1,False
extreme,10.0,NBO-0283,-1.295195,36.729934,informal_iron_sheet,850000.00,0.0,0.0,0.0,1.0,0.00,True,"generated for hackathon starter kit, not a real portfolio",0.00,Kawangware,3047.2,False
extreme,10.0,NBO-0284,-1.27871,36.781699,semi_permanent,11015000.00,0.0,0.0,0.0,1.0,0.00,True,"generated for hackathon starter kit, not a real portfolio",0.00,Kileleshwa,723.6,True
extreme,10.0,NBO-0285,-1.308304,36.733992,semi_permanent,3770000.00,0.0,0.0,0.0,1.0,0.00,True,"generated for hackathon starter kit, not a real portfolio",0.00,Kawangware,3854.9,False
extreme,10.0,NBO-0286,-1.211654,36.859362,permanent_masonry,27450000.00,0.0,0.0,0.0,1.0,0.00,True,"generated for hackathon starter kit, not a real portfolio",0.00,Mathare,5365.3,False
extreme,10.0,NBO-0287,-1.305027,36.717376,informal_iron_sheet,700000.00,0.0,0.0,0.0,1.0,0.00,True,"generated for hackathon starter kit, not a real portfolio",0.00,Kawangware,4820.4,False
extreme,10.0,NBO-0288,-1.267276,36.835611,semi_permanent,5600000.00,0.0,0.0,0.0,1.0,0.00,True,"generated for hackathon starter kit, not a real portfolio",0.00,Parklands,2816.5,False
extreme,10.0,NBO-0289,-1.185153,36.790811,semi_permanent,3625000.00,0.0,0.0,0.0,1.0,0.00,True,"generated for hackathon starter kit, not a real portfolio",0.00,Kitisuru,6522.7,False
extreme,10.0,NBO-0290,-1.266469,36.795974,semi_permanent,3005000.00,0.0,0.0,0.0,1.0,0.00,True,"generated for hackathon starter kit, not a real portfolio",0.00,Chiromo,1254.9,True
extreme,10.0,NBO-0291,-1.309713,36.71976,permanent_masonry,25425000.00,0.0,0.0,0.0,1.0,0.00,True,"generated for hackathon starter kit, not a real portfolio",0.00,Kawangware,4963.5,False
extreme,10.0,NBO-0292,-1.248732,36.879753,informal_iron_sheet,865000.00,0.12141015380620956,0.18211523070931435,0.1602614030241966,1.0,138626.11,True,"generated for hackathon starter kit, not a real portfolio",129976.11,Kariobangi,1177.0,True
extreme,10.0,NBO-0293,-1.204167,36.891005,semi_permanent,2185000.00,0.41178345680236816,0.6176751852035522,0.32354141235351563,1.0,706937.99,True,"generated for hackathon starter kit, not a real portfolio",685087.99,Dandora,4830.3,False
extreme,10.0,NBO-0294,-1.28955,36.779763,informal_iron_sheet,715000.00,0.0,0.0,0.0,1.0,0.00,True,"generated for hackathon starter kit, not a real portfolio",0.00,Kileleshwa,1688.0,True
extreme,10.0,NBO-0295,-1.33716,36.794091,permanent_masonry,62920000.00,0.0,0.0,0.0,1.0,0.00,True,"generated for hackathon starter kit, not a real portfolio",0.00,Lang'ata,2075.1,False
extreme,10.0,NBO-0296,-1.278423,36.873103,informal_iron_sheet,1230000.00,0.0,0.0,0.0,1.0,0.00,True,"generated for hackathon starter kit, not a real portfolio",0.00,Kiambiu,1159.6,True
extreme,10.0,NBO-0297,-1.213308,36.732977,semi_permanent,4370000.00,0.0,0.0,0.0,1.0,0.00,True,"generated for hackathon starter kit, not a real portfolio",0.00,Kitisuru,5192.0,False
extreme,10.0,NBO-0298,-1.323806,36.853642,semi_permanent,2400000.00,0.0,0.0,0.0,1.0,0.00,True,"generated for hackathon starter kit, not a real portfolio",0.00,Nairobi West,3788.1,False
extreme,10.0,NBO-0299,-1.298429,36.785526,semi_permanent,2280000.00,0.0,0.0,0.0,1.0,0.00,True,"generated for hackathon starter kit, not a real portfolio",0.00,Kibera,1485.9,True
extreme,10.0,NBO-0300,-1.316479,36.875112,permanent_masonry,48805000.00,0.0,0.0,0.0,1.0,0.00,True,"generated for hackathon starter kit, not a real portfolio",0.00,Donholm,2441.0,False
extreme,10.0,NBO-0301,-1.196509,36.858876,permanent_masonry,95790000.00,0.0,0.0,0.0,1.0,0.00,True,"generated for hackathon starter kit, not a real portfolio",0.00,Mathare,7020.1,False
extreme,10.0,NBO-0302,-1.207697,36.777948,semi_permanent,4830000.00,0.0,0.0,0.0,1.0,0.00,True,"generated for hackathon starter kit, not a real portfolio",0.00,Kitisuru,3714.5,False
extreme,10.0,NBO-0303,-1.326648,36.769993,concrete_rcc,305250000.00,0.0,0.0,0.0,1.0,0.00,True,"generated for hackathon starter kit, not a real portfolio",0.00,Lang'ata,2380.4,False
extreme,10.0,NBO-0304,-1.32852,36.797975,permanent_masonry,58110000.00,0.0,0.0,0.0,1.0,0.00,True,"generated for hackathon starter kit, not a real portfolio",0.00,Lang'ata,1386.1,True
extreme,10.0,NBO-0305,-1.310833,36.773989,concrete_rcc,838115000.00,0.0,0.0,0.0,1.0,0.00,True,"generated for hackathon starter kit, not a real portfolio",0.00,Kibera,1669.7,True
extreme,10.0,NBO-0306,-1.220163,36.889739,permanent_masonry,67155000.00,0.0,0.0,0.0,1.0,0.00,True,"generated for hackathon starter kit, not a real portfolio",0.00,Dandora,3297.2,False
extreme,10.0,NBO-0307,-1.335209,36.897649,informal_iron_sheet,960000.00,0.0,0.0,0.0,1.0,0.00,True,"generated for hackathon starter kit, not a real portfolio",0.00,Fedha,2174.7,False
extreme,10.0,NBO-0308,-1.253911,36.823871,permanent_masonry,56055000.00,0.22047966718673706,0.3307195007801056,0.14551658034324647,1.0,8156931.91,True,"generated for hackathon starter kit, not a real portfolio",7596381.91,Parklands,1789.5,True
extreme,10.0,NBO-0309,-1.230274,36.759232,semi_permanent,6120000.00,0.0,0.0,0.0,1.0,0.00,True,"generated for hackathon starter kit, not a real portfolio",0.00,Kitisuru,1727.0,True
extreme,10.0,NBO-0310,-1.193935,36.823109,permanent_masonry,37675000.00,0.0,0.0,0.0,1.0,0.00,True,"generated for hackathon starter kit, not a real portfolio",0.00,Westlands,7151.9,False
extreme,10.0,NBO-0311,-1.185447,36.889115,concrete_rcc,743690000.00,0.0,0.0,0.0,1.0,0.00,True,"generated for hackathon starter kit, not a real portfolio",0.00,Dandora,6875.5,False
extreme,10.0,NBO-0312,-1.27629,36.836385,semi_permanent,3975000.00,0.0,0.0,0.0,1.0,0.00,True,"generated for hackathon starter kit, not a real portfolio",0.00,Kiambiu,3077.2,False
extreme,10.0,NBO-0313,-1.204866,36.703881,permanent_masonry,49505000.00,0.0,0.0,0.0,1.0,0.00,True,"generated for hackathon starter kit, not a real portfolio",0.00,Kitisuru,8445.0,False
extreme,10.0,NBO-0314,-1.182174,36.721902,permanent_masonry,114670000.00,0.0,0.0,0.0,1.0,0.00,True,"generated for hackathon starter kit, not a real portfolio",0.00,Kitisuru,8468.6,False
extreme,10.0,NBO-0315,-1.181293,36.796118,semi_permanent,3770000.00,0.0,0.0,0.0,1.0,0.00,True,"generated for hackathon starter kit, not a real portfolio",0.00,Kitisuru,7137.5,False
extreme,10.0,NBO-0316,-1.206311,36.910658,concrete_rcc,522650000.00,0.4046871066093445,0.6070306599140167,0.20545653104782105,1.0,107381855.95,True,"generated for hackathon starter kit, not a real portfolio",102155355.95,Mwiki,3868.5,False
extreme,10.0,NBO-0317,-1.245344,36.806905,informal_iron_sheet,2150000.00,0.0,0.0,0.0,1.0,0.00,True,"generated for hackathon starter kit, not a real portfolio",0.00,Parklands,2013.1,False
extreme,10.0,NBO-0318,-1.332425,36.855886,informal_iron_sheet,1335000.00,0.0,0.0,0.0,1.0,0.00,True,"generated for hackathon starter kit, not a real portfolio",0.00,Nairobi West,4499.3,False
extreme,10.0,NBO-0319,-1.256119,36.841093,semi_permanent,6610000.00,0.0,0.0,0.0,1.0,0.00,True,"generated for hackathon starter kit, not a real portfolio",0.00,Mathare,3363.9,False
extreme,10.0,NBO-0320,-1.348242,36.720226,semi_permanent,4105000.00,0.0,0.0,0.0,1.0,0.00,True,"generated for hackathon starter kit, not a real portfolio",0.00,Lang'ata,8409.8,False
extreme,10.0,NBO-0321,-1.214463,36.819394,semi_permanent,3110000.00,0.0,0.0,0.0,1.0,0.00,True,"generated for hackathon starter kit, not a real portfolio",0.00,Westlands,5141.2,False
extreme,10.0,NBO-0322,-1.317859,36.80791,concrete_rcc,394920000.00,0.0,0.0,0.0,1.0,0.00,True,"generated for hackathon starter kit, not a real portfolio",0.00,Madaraka,1425.8,True
extreme,10.0,NBO-0323,-1.269099,36.814491,permanent_masonry,36045000.00,0.0,0.0,0.0,1.0,0.00,True,"generated for hackathon starter kit, not a real portfolio",0.00,Parklands,796.9,True
extreme,10.0,NBO-0324,-1.327675,36.927681,concrete_rcc,310620000.00,0.0,0.0,0.0,1.0,0.00,True,"generated for hackathon starter kit, not a real portfolio",0.00,Fedha,3508.4,False
extreme,10.0,NBO-0325,-1.213059,36.774836,concrete_rcc,1116695000.00,0.0,0.0,0.0,1.0,0.00,True,"generated for hackathon starter kit, not a real portfolio",0.00,Kitisuru,3067.1,False
extreme,10.0,NBO-0326,-1.274304,36.944364,permanent_masonry,66125000.00,0.0,0.0,0.0,1.0,0.00,True,"generated for hackathon starter kit, not a real portfolio",0.00,Kayole,2903.6,False
extreme,10.0,NBO-0327,-1.285088,36.818006,informal_iron_sheet,1080000.00,0.0,0.0,0.0,1.0,0.00,True,"generated for hackathon starter kit, not a real portfolio",0.00,Chiromo,2045.0,False
extreme,10.0,NBO-0328,-1.341179,36.819429,semi_permanent,5435000.00,0.0,0.0,0.0,1.0,0.00,True,"generated for hackathon starter kit, not a real portfolio",0.00,Nairobi West,3634.2,False
extreme,10.0,NBO-0329,-1.231313,36.878088,permanent_masonry,23595000.00,0.0,0.0,0.0,1.0,0.00,True,"generated for hackathon starter kit, not a real portfolio",0.00,Mathare,3107.6,False
extreme,10.0,NBO-0330,-1.344911,36.819275,permanent_masonry,56410000.00,0.0,0.0,0.0,1.0,0.00,True,"generated for hackathon starter kit, not a real portfolio",0.00,Nairobi West,4048.6,False
extreme,10.0,NBO-0331,-1.299253,36.714793,semi_permanent,3410000.00,0.0,0.0,0.0,1.0,0.00,True,"generated for hackathon starter kit, not a real portfolio",0.00,Kawangware,4703.8,False
extreme,10.0,NBO-0332,-1.210051,36.840545,informal_iron_sheet,975000.00,0.0,0.0,0.0,1.0,0.00,True,"generated for hackathon starter kit, not a real portfolio",0.00,Mathare,6370.6,False
extreme,10.0,NBO-0333,-1.271368,36.72167,informal_iron_sheet,1585000.00,0.0,0.0,0.0,1.0,0.00,True,"generated for hackathon starter kit, not a real portfolio",0.00,Kawangware,3424.2,False
extreme,10.0,NBO-0334,-1.300269,36.932332,semi_permanent,3980000.00,0.0,0.0,0.0,1.0,0.00,True,"generated for hackathon starter kit, not a real portfolio",0.00,Tassia,3824.5,False
extreme,10.0,NBO-0335,-1.204821,36.777835,concrete_rcc,499980000.00,0.0,0.0,0.0,1.0,0.00,True,"generated for hackathon starter kit, not a real portfolio",0.00,Kitisuru,4025.6,False
extreme,10.0,NBO-0336,-1.31156,36.933433,concrete_rcc,425295000.00,0.0,0.0,0.0,1.0,0.00,True,"generated for hackathon starter kit, not a real portfolio",0.00,Tassia,3904.2,False
extreme,10.0,NBO-0337,-1.182634,36.829649,semi_permanent,7645000.00,0.0,0.0,0.0,1.0,0.00,True,"generated for hackathon starter kit, not a real portfolio",0.00,Westlands,8598.9,False
extreme,10.0,NBO-0338,-1.300632,36.895328,semi_permanent,7740000.00,0.0,0.0,0.0,1.0,0.00,True,"generated for hackathon starter kit, not a real portfolio",0.00,Donholm,754.4,True
extreme,10.0,NBO-0339,-1.310599,36.826601,concrete_rcc,439535000.00,0.0,0.0,0.0,1.0,0.00,True,"generated for hackathon starter kit, not a real portfolio",0.00,Nairobi West,442.9,True
extreme,10.0,NBO-0340,-1.1977,36.752666,semi_permanent,8060000.00,0.0,0.0,0.0,1.0,0.00,True,"generated for hackathon starter kit, not a real portfolio",0.00,Kitisuru,5166.2,False
extreme,10.0,NBO-0341,-1.346872,36.949269,semi_permanent,6365000.00,0.0,0.0,0.0,1.0,0.00,True,"generated for hackathon starter kit, not a real portfolio",0.00,Fedha,6625.4,False
extreme,10.0,NBO-0342,-1.200346,36.858594,informal_iron_sheet,1900000.00,0.0,0.0,0.0,1.0,0.00,True,"generated for hackathon starter kit, not a real portfolio",0.00,Mathare,6608.9,False
extreme,10.0,NBO-0343,-1.254997,36.812644,semi_permanent,5850000.00,0.0,0.0,0.0,1.0,0.00,True,"generated for hackathon starter kit, not a real portfolio",0.00,Parklands,924.3,True
extreme,10.0,NBO-0344,-1.213194,36.935062,permanent_masonry,32270000.00,0.0,0.0,0.0,1.0,0.00,True,"generated for hackathon starter kit, not a real portfolio",0.00,Mwiki,2184.5,False
extreme,10.0,NBO-0345,-1.278319,36.839113,semi_permanent,6630000.00,0.0,0.0,0.0,1.0,0.00,True,"generated for hackathon starter kit, not a real portfolio",0.00,Kiambiu,2736.6,False
extreme,10.0,NBO-0346,-1.306948,36.801566,informal_iron_sheet,1700000.00,0.0,0.0,0.0,1.0,0.00,True,"generated for hackathon starter kit, not a real portfolio",0.00,Kibera,1479.6,True
extreme,10.0,NBO-0347,-1.274636,36.749664,informal_iron_sheet,960000.00,0.0,0.0,0.0,1.0,0.00,True,"generated for hackathon starter kit, not a real portfolio",0.00,Kawangware,479.1,True
extreme,10.0,NBO-0348,-1.317463,36.783427,concrete_rcc,626905000.00,0.0,0.0,0.0,1.0,0.00,True,"generated for hackathon starter kit, not a real portfolio",0.00,Lang'ata,746.8,True
extreme,10.0,NBO-0349,-1.343824,36.902898,informal_iron_sheet,1540000.00,0.0,0.0,0.0,1.0,0.00,True,"generated for hackathon starter kit, not a real portfolio",0.00,Fedha,3168.7,False
extreme,10.0,NBO-0350,-1.292185,36.740383,concrete_rcc,475860000.00,0.0,0.0,0.0,1.0,0.00,True,"generated for hackathon starter kit, not a real portfolio",0.00,Kawangware,1973.6,True
extreme,10.0,NBO-0351,-1.241881,36.815722,informal_iron_sheet,1350000.00,0.0,0.0,0.0,1.0,0.00,True,"generated for hackathon starter kit, not a real portfolio",0.00,Parklands,2422.3,False
extreme,10.0,NBO-0352,-1.310166,36.860695,semi_permanent,6100000.00,0.0,0.0,0.0,1.0,0.00,True,"generated for hackathon starter kit, not a real portfolio",0.00,Kiambiu,3115.9,False
extreme,10.0,NBO-0353,-1.331766,36.81104,concrete_rcc,393455000.00,0.0,0.0,0.0,1.0,0.00,True,"generated for hackathon starter kit, not a real portfolio",0.00,Lang'ata,2740.7,False
extreme,10.0,NBO-0354,-1.225862,36.799735,permanent_masonry,31610000.00,0.0,0.0,0.0,1.0,0.00,True,"generated for hackathon starter kit, not a real portfolio",0.00,Westlands,2754.3,False
extreme,10.0,NBO-0355,-1.347451,36.709257,informal_iron_sheet,1065000.00,0.0,0.0,0.0,1.0,0.00,True,"generated for hackathon starter kit, not a real portfolio",0.00,Kawangware,9002.7,False
extreme,10.0,NBO-0356,-1.203566,36.90393,informal_iron_sheet,1125000.00,0.17303180694580078,0.25954771041870117,0.22611053466796877,1.0,254374.35,True,"generated for hackathon starter kit, not a real portfolio",243124.35,Mwiki,4601.4,False
extreme,10.0,NBO-0357,-1.347865,36.718488,permanent_masonry,48595000.00,0.0,0.0,0.0,1.0,0.00,True,"generated for hackathon starter kit, not a real portfolio",0.00,Kawangware,8552.1,False
extreme,10.0,NBO-0358,-1.310107,36.808186,permanent_masonry,33745000.00,0.0,0.0,0.0,1.0,0.00,True,"generated for hackathon starter kit, not a real portfolio",0.00,Madaraka,849.8,True
extreme,10.0,NBO-0359,-1.274801,36.721075,semi_permanent,3600000.00,0.0,0.0,0.0,1.0,0.00,True,"generated for hackathon starter kit, not a real portfolio",0.00,Kawangware,3422.5,False
extreme,10.0,NBO-0360,-1.306434,36.778519,informal_iron_sheet,1340000.00,0.0,0.0,0.0,1.0,0.00,True,"generated for hackathon starter kit, not a real portfolio",0.00,Kibera,1286.2,True
extreme,10.0,NBO-0361,-1.260813,36.895214,informal_iron_sheet,485000.00,0.0,0.0,0.0,1.0,0.00,True,"generated for hackathon starter kit, not a real portfolio",0.00,Kariobangi,1490.9,True
extreme,10.0,NBO-0362,-1.218859,36.931263,concrete_rcc,827820000.00,0.0,0.0,0.0,1.0,0.00,True,"generated for hackathon starter kit, not a real portfolio",0.00,Mwiki,1561.4,True
extreme,10.0,NBO-0363,-1.265965,36.71004,permanent_masonry,41830000.00,0.0,0.0,0.0,1.0,0.00,True,"generated for hackathon starter kit, not a real portfolio",0.00,Kangemi,4703.1,False
extreme,10.0,NBO-0364,-1.270336,36.775293,permanent_masonry,32130000.00,0.0,0.0,0.0,1.0,0.00,True,"generated for hackathon starter kit, not a real portfolio",0.00,Lavington,427.7,True
extreme,10.0,NBO-0365,-1.245682,36.872151,permanent_masonry,74420000.00,0.0,0.0,0.0,1.0,0.00,True,"generated for hackathon starter kit, not a real portfolio",0.00,Mathare,1419.3,True
extreme,10.0,NBO-0366,-1.294328,36.79296,informal_iron_sheet,805000.00,0.0,0.0,0.0,1.0,0.00,True,"generated for hackathon starter kit, not a real portfolio",0.00,Kibera,1941.5,True
extreme,10.0,NBO-0367,-1.279863,36.946799,informal_iron_sheet,1430000.00,0.0,0.0,0.0,1.0,0.00,True,"generated for hackathon starter kit, not a real portfolio",0.00,Kayole,3380.8,False
extreme,10.0,NBO-0368,-1.281142,36.73553,permanent_masonry,88130000.00,0.0,0.0,0.0,1.0,0.00,True,"generated for hackathon starter kit, not a real portfolio",0.00,Kawangware,1815.8,True
extreme,10.0,NBO-0369,-1.304822,36.734471,semi_permanent,5615000.00,0.0,0.0,0.0,1.0,0.00,True,"generated for hackathon starter kit, not a real portfolio",0.00,Kawangware,3497.8,False
extreme,10.0,NBO-0370,-1.259124,36.882024,informal_iron_sheet,1300000.00,0.0,0.0,0.0,1.0,0.00,True,"generated for hackathon starter kit, not a real portfolio",0.00,Kariobangi,12.7,True
extreme,10.0,NBO-0371,-1.18152,36.87356,permanent_masonry,63800000.00,0.0,0.0,0.0,1.0,0.00,True,"generated for hackathon starter kit, not a real portfolio",0.00,Dandora,7921.6,False
extreme,10.0,NBO-0372,-1.244471,36.934206,semi_permanent,5795000.00,0.0,0.0,0.0,1.0,0.00,True,"generated for hackathon starter kit, not a real portfolio",0.00,Mwiki,1306.7,True
extreme,10.0,NBO-0373,-1.333748,36.718557,permanent_masonry,104225000.00,0.0,0.0,0.0,1.0,0.00,True,"generated for hackathon starter kit, not a real portfolio",0.00,Kawangware,7163.7,False
extreme,10.0,NBO-0374,-1.306874,36.704134,informal_iron_sheet,1175000.00,0.0,0.0,0.0,1.0,0.00,True,"generated for hackathon starter kit, not a real portfolio",0.00,Kawangware,6154.2,False
extreme,10.0,NBO-0375,-1.265587,36.732079,permanent_masonry,53235000.00,0.0,0.0,0.0,1.0,0.00,True,"generated for hackathon starter kit, not a real portfolio",0.00,Kangemi,2263.6,False
extreme,10.0,NBO-0376,-1.330722,36.930502,semi_permanent,8385000.00,0.0,0.0,0.0,1.0,0.00,True,"generated for hackathon starter kit, not a real portfolio",0.00,Fedha,3932.1,False
extreme,10.0,NBO-0377,-1.240753,36.808486,semi_permanent,6520000.00,0.0,0.0,0.0,1.0,0.00,True,"generated for hackathon starter kit, not a real portfolio",0.00,Parklands,2492.0,False
extreme,10.0,NBO-0378,-1.232748,36.807252,semi_permanent,1970000.00,0.0,0.0,0.0,1.0,0.00,True,"generated for hackathon starter kit, not a real portfolio",0.00,Westlands,2808.9,False
extreme,10.0,NBO-0379,-1.244467,36.767451,permanent_masonry,52055000.00,0.0,0.0,0.0,1.0,0.00,True,"generated for hackathon starter kit, not a real portfolio",0.00,Kitisuru,604.1,True
extreme,10.0,NBO-0380,-1.256632,36.748659,permanent_masonry,75325000.00,0.0,0.0,0.0,1.0,0.00,True,"generated for hackathon starter kit, not a real portfolio",0.00,Kangemi,1327.9,True
extreme,10.0,NBO-0381,-1.305364,36.729212,permanent_masonry,49750000.00,0.0,0.0,0.0,1.0,0.00,True,"generated for hackathon starter kit, not a real portfolio",0.00,Kawangware,3894.3,False
extreme,10.0,NBO-0382,-1.287241,36.888335,informal_iron_sheet,1785000.00,0.0,0.0,0.0,1.0,0.00,True,"generated for hackathon starter kit, not a real portfolio",0.00,Donholm,1333.2,True
extreme,10.0,NBO-0383,-1.306754,36.710739,concrete_rcc,941095000.00,0.0,0.0,0.0,1.0,0.00,True,"generated for hackathon starter kit, not a real portfolio",0.00,Kawangware,5529.3,False
extreme,10.0,NBO-0384,-1.266942,36.885308,concrete_rcc,841500000.00,0.0,0.0,0.0,1.0,0.00,True,"generated for hackathon starter kit, not a real portfolio",0.00,Kariobangi,950.8,True
extreme,10.0,NBO-0385,-1.20217,36.825202,informal_iron_sheet,590000.00,0.0,0.0,0.0,1.0,0.00,True,"generated for hackathon starter kit, not a real portfolio",0.00,Westlands,6576.3,False
extreme,10.0,NBO-0386,-1.290194,36.745156,permanent_masonry,76960000.00,0.0,0.0,0.0,1.0,0.00,True,"generated for hackathon starter kit, not a real portfolio",0.00,Kawangware,1490.5,True
extreme,10.0,NBO-0387,-1.229012,36.757269,semi_permanent,2525000.00,0.0,0.0,0.0,1.0,0.00,True,"generated for hackathon starter kit, not a real portfolio",0.00,Kitisuru,1984.4,True
extreme,10.0,NBO-0388,-1.278278,36.710888,concrete_rcc,430330000.00,0.0,0.0,0.0,1.0,0.00,True,"generated for hackathon starter kit, not a real portfolio",0.00,Kawangware,4530.7,False
extreme,10.0,NBO-0389,-1.270773,36.910552,semi_permanent,3325000.00,0.0,0.0,0.0,1.0,0.00,True,"generated for hackathon starter kit, not a real portfolio",0.00,Komarock,376.5,True
extreme,10.0,NBO-0390,-1.19186,36.849251,semi_permanent,5340000.00,0.0,0.0,0.0,1.0,0.00,True,"generated for hackathon starter kit, not a real portfolio",0.00,Mathare,7794.8,False
extreme,10.0,NBO-0391,-1.303499,36.883827,permanent_masonry,78850000.00,0.0,0.0,0.0,1.0,0.00,True,"generated for hackathon starter kit, not a real portfolio",0.00,Donholm,719.7,True
extreme,10.0,NBO-0392,-1.199582,36.834712,informal_iron_sheet,730000.00,0.0,0.0,0.0,1.0,0.00,True,"generated for hackathon starter kit, not a real portfolio",0.00,Westlands,7515.6,False
extreme,10.0,NBO-0393,-1.333316,36.714996,semi_permanent,3390000.00,0.0,0.0,0.0,1.0,0.00,True,"generated for hackathon starter kit, not a real portfolio",0.00,Kawangware,7334.8,False
extreme,10.0,NBO-0394,-1.223109,36.877667,informal_iron_sheet,1385000.00,0.0,0.0,0.0,1.0,0.00,True,"generated for hackathon starter kit, not a real portfolio",0.00,Dandora,3981.6,False
extreme,10.0,NBO-0395,-1.288387,36.922284,informal_iron_sheet,925000.00,0.0,0.0,0.0,1.0,0.00,True,"generated for hackathon starter kit, not a real portfolio",0.00,Komarock,2382.2,False
extreme,10.0,NBO-0396,-1.202279,36.766078,informal_iron_sheet,1185000.00,0.0,0.0,0.0,1.0,0.00,True,"generated for hackathon starter kit, not a real portfolio",0.00,Kitisuru,4272.1,False
extreme,10.0,NBO-0397,-1.334262,36.797507,concrete_rcc,950380000.00,0.0,0.0,0.0,1.0,0.00,True,"generated for hackathon starter kit, not a real portfolio",0.00,Lang'ata,1896.6,True
extreme,10.0,NBO-0398,-1.212112,36.947855,semi_permanent,3605000.00,0.0,0.0,0.0,1.0,0.00,True,"generated for hackathon starter kit, not a real portfolio",0.00,Mwiki,2810.7,False
extreme,10.0,NBO-0399,-1.208904,36.854328,semi_permanent,3425000.00,0.0,0.0,0.0,1.0,0.00,True,"generated for hackathon starter kit, not a real portfolio",0.00,Mathare,5818.5,False
extreme,10.0,NBO-0400,-1.183815,36.732616,permanent_masonry,59920000.00,0.0,0.0,0.0,1.0,0.00,True,"generated for hackathon starter kit, not a real portfolio",0.00,Kitisuru,7602.4,False
extreme,10.0,NBO-0401,-1.225953,36.743443,informal_iron_sheet,885000.00,0.0,0.0,0.0,1.0,0.00,True,"generated for hackathon starter kit, not a real portfolio",0.00,Kitisuru,3461.0,False
extreme,10.0,NBO-0402,-1.317633,36.764405,permanent_masonry,86790000.00,0.0,0.0,0.0,1.0,0.00,True,"generated for hackathon starter kit, not a real portfolio",0.00,Kibera,2822.4,False
extreme,10.0,NBO-0403,-1.231914,36.931956,concrete_rcc,946115000.00,0.0,0.0,0.0,1.0,0.00,True,"generated for hackathon starter kit, not a real portfolio",0.00,Mwiki,173.4,True
extreme,10.0,NBO-0404,-1.297077,36.90215,semi_permanent,4480000.00,0.037912748754024506,0.05686912313103676,0.03336321890354157,1.0,149467.22,True,"generated for hackathon starter kit, not a real portfolio",104667.22,Tassia,1176.8,True
extreme,10.0,NBO-0405,-1.182548,36.704197,permanent_masonry,86580000.00,0.0,0.0,0.0,1.0,0.00,True,"generated for hackathon starter kit, not a real portfolio",0.00,Kitisuru,9826.2,False
extreme,10.0,NBO-0406,-1.210983,36.840534,semi_permanent,3390000.00,0.0,0.0,0.0,1.0,0.00,True,"generated for hackathon starter kit, not a real portfolio",0.00,Mathare,6284.0,False
extreme,10.0,NBO-0407,-1.253995,36.750024,semi_permanent,3505000.00,0.0,0.0,0.0,1.0,0.00,True,"generated for hackathon starter kit, not a real portfolio",0.00,Kangemi,1578.4,True
extreme,10.0,NBO-0408,-1.334527,36.762454,semi_permanent,3650000.00,0.0,0.0,0.0,1.0,0.00,True,"generated for hackathon starter kit, not a real portfolio",0.00,Lang'ata,3515.4,False
extreme,10.0,NBO-0409,-1.286737,36.831791,semi_permanent,4740000.00,0.0,0.0,0.0,1.0,0.00,True,"generated for hackathon starter kit, not a real portfolio",0.00,Nairobi West,2626.7,False
extreme,10.0,NBO-0410,-1.247716,36.748189,permanent_masonry,67745000.00,0.0,0.0,0.0,1.0,0.00,True,"generated for hackathon starter kit, not a real portfolio",0.00,Kangemi,2302.0,False
extreme,10.0,NBO-0411,-1.189573,36.871599,permanent_masonry,51210000.00,0.0,0.0,0.0,1.0,0.00,True,"generated for hackathon starter kit, not a real portfolio",0.00,Dandora,7249.4,False
extreme,10.0,NBO-0412,-1.323981,36.709497,permanent_masonry,64635000.00,0.0,0.0,0.0,1.0,0.00,True,"generated for hackathon starter kit, not a real portfolio",0.00,Kawangware,6897.0,False
extreme,10.0,NBO-0413,-1.29912,36.707958,semi_permanent,6125000.00,0.0,0.0,0.0,1.0,0.00,True,"generated for hackathon starter kit, not a real portfolio",0.00,Kawangware,5372.1,False
extreme,10.0,NBO-0414,-1.222829,36.772325,concrete_rcc,268000000.00,0.0,0.0,0.0,1.0,0.00,True,"generated for hackathon starter kit, not a real portfolio",0.00,Kitisuru,1956.7,True
extreme,10.0,NBO-0415,-1.182905,36.723088,informal_iron_sheet,635000.00,0.0,0.0,0.0,1.0,0.00,True,"generated for hackathon starter kit, not a real portfolio",0.00,Kitisuru,8321.5,False
extreme,10.0,NBO-0416,-1.181257,36.913667,concrete_rcc,1356500000.00,0.0,0.0,0.0,1.0,0.00,True,"generated for hackathon starter kit, not a real portfolio",0.00,Mwiki,6127.1,False
extreme,10.0,NBO-0417,-1.302171,36.892264,permanent_masonry,50905000.00,0.0,0.0,0.0,1.0,0.00,True,"generated for hackathon starter kit, not a real portfolio",0.00,Donholm,515.0,True
extreme,10.0,NBO-0418,-1.225647,36.840018,permanent_masonry,69265000.00,0.0,0.0,0.0,1.0,0.00,True,"generated for hackathon starter kit, not a real portfolio",0.00,Mathare,5034.2,False
extreme,10.0,NBO-0419,-1.322424,36.883627,concrete_rcc,452325000.00,0.0,0.0,0.0,1.0,0.00,True,"generated for hackathon starter kit, not a real portfolio",0.00,Fedha,1815.5,True
extreme,10.0,NBO-0420,-1.339096,36.702452,informal_iron_sheet,1360000.00,0.0,0.0,0.0,1.0,0.00,True,"generated for hackathon starter kit, not a real portfolio",0.00,Kawangware,8680.9,False
extreme,10.0,NBO-0421,-1.245747,36.759842,concrete_rcc,391420000.00,0.0,0.0,0.0,1.0,0.00,True,"generated for hackathon starter kit, not a real portfolio",0.00,Kitisuru,1379.6,True
extreme,10.0,NBO-0422,-1.281913,36.829603,semi_permanent,5305000.00,0.0,0.0,0.0,1.0,0.00,True,"generated for hackathon starter kit, not a real portfolio",0.00,Chiromo,2860.2,False
extreme,10.0,NBO-0423,-1.249578,36.901111,concrete_rcc,633555000.00,0.0,0.0,0.0,1.0,0.00,True,"generated for hackathon starter kit, not a real portfolio",0.00,Dandora,758.1,True
extreme,10.0,NBO-0424,-1.290479,36.84768,informal_iron_sheet,900000.00,0.0,0.0,0.0,1.0,0.00,True,"generated for hackathon starter kit, not a real portfolio",0.00,Kiambiu,1972.3,True
extreme,10.0,NBO-0425,-1.348616,36.782807,permanent_masonry,81015000.00,0.0,0.0,0.0,1.0,0.00,True,"generated for hackathon starter kit, not a real portfolio",0.00,Lang'ata,3392.9,False
extreme,10.0,NBO-0426,-1.315744,36.762556,concrete_rcc,296295000.00,0.0,0.0,0.0,1.0,0.00,True,"generated for hackathon starter kit, not a real portfolio",0.00,Kibera,2980.3,False
extreme,10.0,NBO-0427,-1.344614,36.914871,informal_iron_sheet,1150000.00,0.0,0.0,0.0,1.0,0.00,True,"generated for hackathon starter kit, not a real portfolio",0.00,Fedha,3697.6,False
extreme,10.0,NBO-0428,-1.211801,36.839118,informal_iron_sheet,1070000.00,0.0,0.0,0.0,1.0,0.00,True,"generated for hackathon starter kit, not a real portfolio",0.00,Mathare,6295.9,False
extreme,10.0,NBO-0429,-1.335739,36.913418,permanent_masonry,50595000.00,0.0,0.0,0.0,1.0,0.00,True,"generated for hackathon starter kit, not a real portfolio",0.00,Fedha,2780.7,False
extreme,10.0,NBO-0430,-1.323625,36.725838,permanent_masonry,45600000.00,0.0,0.0,0.0,1.0,0.00,True,"generated for hackathon starter kit, not a real portfolio",0.00,Kawangware,5783.4,False
extreme,10.0,NBO-0431,-1.339077,36.900695,informal_iron_sheet,560000.00,0.0,0.0,0.0,1.0,0.00,True,"generated for hackathon starter kit, not a real portfolio",0.00,Fedha,2614.3,False
extreme,10.0,NBO-0432,-1.211213,36.717387,permanent_masonry,45590000.00,0.0,0.0,0.0,1.0,0.00,True,"generated for hackathon starter kit, not a real portfolio",0.00,Kitisuru,6788.3,False
extreme,10.0,NBO-0433,-1.247364,36.787692,semi_permanent,4320000.00,0.0,0.0,0.0,1.0,0.00,True,"generated for hackathon starter kit, not a real portfolio",0.00,Westlands,202.3,True
extreme,10.0,NBO-0434,-1.317629,36.800261,informal_iron_sheet,910000.00,0.0,0.0,0.0,1.0,0.00,True,"generated for hackathon starter kit, not a real portfolio",0.00,Lang'ata,1152.8,True
extreme,10.0,NBO-0435,-1.314949,36.71617,semi_permanent,5220000.00,0.0,0.0,0.0,1.0,0.00,True,"generated for hackathon starter kit, not a real portfolio",0.00,Kawangware,5657.8,False
extreme,10.0,NBO-0436,-1.316654,36.932326,permanent_masonry,37945000.00,0.0,0.0,0.0,1.0,0.00,True,"generated for hackathon starter kit, not a real portfolio",0.00,Fedha,3762.4,False
extreme,10.0,NBO-0437,-1.323597,36.803865,informal_iron_sheet,600000.00,0.0,0.0,0.0,1.0,0.00,True,"generated for hackathon starter kit, not a real portfolio",0.00,Lang'ata,1627.9,True
extreme,10.0,NBO-0438,-1.276598,36.716169,semi_permanent,6225000.00,0.0,0.0,0.0,1.0,0.00,True,"generated for hackathon starter kit, not a real portfolio",0.00,Kawangware,3949.0,False
extreme,10.0,NBO-0439,-1.192567,36.872725,semi_permanent,5215000.00,0.0,0.0,0.0,1.0,0.00,True,"generated for hackathon starter kit, not a real portfolio",0.00,Dandora,6901.0,False
extreme,10.0,NBO-0440,-1.18851,36.783672,semi_permanent,3105000.00,0.0,0.0,0.0,1.0,0.00,True,"generated for hackathon starter kit, not a real portfolio",0.00,Kitisuru,5936.3,False
extreme,10.0,NBO-0441,-1.185484,36.849843,informal_iron_sheet,740000.00,0.0,0.0,0.0,1.0,0.00,True,"generated for hackathon starter kit, not a real portfolio",0.00,Mathare,8452.0,False
extreme,10.0,NBO-0442,-1.33239,36.866631,informal_iron_sheet,1470000.00,0.0,0.0,0.0,1.0,0.00,True,"generated for hackathon starter kit, not a real portfolio",0.00,Fedha,4000.5,False
extreme,10.0,NBO-0443,-1.218721,36.942704,informal_iron_sheet,1445000.00,0.0,0.0,0.0,1.0,0.00,True,"generated for hackathon starter kit, not a real portfolio",0.00,Mwiki,1880.5,True
extreme,10.0,NBO-0444,-1.290744,36.843866,concrete_rcc,590960000.00,0.0,0.0,0.0,1.0,0.00,True,"generated for hackathon starter kit, not a real portfolio",0.00,Kiambiu,2367.9,False
extreme,10.0,NBO-0445,-1.259144,36.860661,permanent_masonry,47880000.00,0.0,0.0,0.0,1.0,0.00,True,"generated for hackathon starter kit, not a real portfolio",0.00,Mathare,1181.6,True
extreme,10.0,NBO-0446,-1.29806,36.939987,informal_iron_sheet,1330000.00,0.0,0.0,0.0,1.0,0.00,True,"generated for hackathon starter kit, not a real portfolio",0.00,Kayole,4168.9,False
extreme,10.0,NBO-0447,-1.232566,36.780822,informal_iron_sheet,885000.00,0.0,0.0,0.0,1.0,0.00,True,"generated for hackathon starter kit, not a real portfolio",0.00,Kitisuru,1392.7,True
extreme,10.0,NBO-0448,-1.294373,36.783096,semi_permanent,3375000.00,0.0,0.0,0.0,1.0,0.00,True,"generated for hackathon starter kit, not a real portfolio",0.00,Kibera,1996.8,True
extreme,10.0,NBO-0449,-1.200878,36.877885,permanent_masonry,35640000.00,0.0,0.0,0.0,1.0,0.00,True,"generated for hackathon starter kit, not a real portfolio",0.00,Dandora,5813.4,False
extreme,10.0,NBO-0450,-1.313857,36.861033,semi_permanent,7390000.00,0.0,0.0,0.0,1.0,0.00,True,"generated for hackathon starter kit, not a real portfolio",0.00,Donholm,3478.3,False
extreme,10.0,NBO-0451,-1.286896,36.782238,informal_iron_sheet,850000.00,0.0,0.0,0.0,1.0,0.00,True,"generated for hackathon starter kit, not a real portfolio",0.00,Kileleshwa,1293.5,True
extreme,10.0,NBO-0452,-1.222582,36.9336,concrete_rcc,380470000.00,0.3768260180950165,0.5652390271425247,0.1913116707251622,1.0,72788351.36,True,"generated for hackathon starter kit, not a real portfolio",68983651.36,Mwiki,1132.0,True
extreme,10.0,NBO-0453,-1.329951,36.944419,informal_iron_sheet,935000.00,0.1172635555267334,0.1758953332901001,0.15478789329528808,1.0,144726.68,True,"generated for hackathon starter kit, not a real portfolio",135376.68,Fedha,5346.4,False
extreme,10.0,NBO-0454,-1.339888,36.948654,permanent_masonry,74880000.00,0.0,0.0,0.0,1.0,0.00,True,"generated for hackathon starter kit, not a real portfolio",0.00,Fedha,6192.2,False
extreme,10.0,NBO-0455,-1.33227,36.874249,concrete_rcc,381775000.00,0.0,0.0,0.0,1.0,0.00,True,"generated for hackathon starter kit, not a real portfolio",0.00,Fedha,3266.8,False
extreme,10.0,NBO-0456,-1.232817,36.907698,permanent_masonry,73600000.00,0.0,0.0,0.0,1.0,0.00,True,"generated for hackathon starter kit, not a real portfolio",0.00,Dandora,1356.5,True
extreme,10.0,NBO-0457,-1.186498,36.925161,permanent_masonry,28450000.00,0.0,0.0,0.0,1.0,0.00,True,"generated for hackathon starter kit, not a real portfolio",0.00,Mwiki,5222.2,False
extreme,10.0,NBO-0458,-1.271154,36.849901,semi_permanent,4480000.00,0.0,0.0,0.0,1.0,0.00,True,"generated for hackathon starter kit, not a real portfolio",0.00,Kiambiu,1945.4,True
extreme,10.0,NBO-0459,-1.276579,36.926282,semi_permanent,4475000.00,0.0,0.0,0.0,1.0,0.00,True,"generated for hackathon starter kit, not a real portfolio",0.00,Kayole,1336.7,True
extreme,10.0,NBO-0460,-1.33452,36.837781,semi_permanent,3150000.00,0.0,0.0,0.0,1.0,0.00,True,"generated for hackathon starter kit, not a real portfolio",0.00,Nairobi West,3302.4,False
extreme,10.0,NBO-0461,-1.332897,36.781192,informal_iron_sheet,1080000.00,0.0,0.0,0.0,1.0,0.00,True,"generated for hackathon starter kit, not a real portfolio",0.00,Lang'ata,1832.0,True
extreme,10.0,NBO-0462,-1.315129,36.829882,informal_iron_sheet,910000.00,0.0,0.0,0.0,1.0,0.00,True,"generated for hackathon starter kit, not a real portfolio",0.00,Nairobi West,1039.0,True
extreme,10.0,NBO-0463,-1.263233,36.740277,permanent_masonry,64740000.00,0.0,0.0,0.0,1.0,0.00,True,"generated for hackathon starter kit, not a real portfolio",0.00,Kangemi,1437.8,True
extreme,10.0,NBO-0464,-1.29875,36.943049,informal_iron_sheet,610000.00,0.0,0.0,0.0,1.0,0.00,True,"generated for hackathon starter kit, not a real portfolio",0.00,Kayole,4426.8,False
extreme,10.0,NBO-0465,-1.291747,36.740285,semi_permanent,3200000.00,0.0,0.0,0.0,1.0,0.00,True,"generated for hackathon starter kit, not a real portfolio",0.00,Kawangware,1943.2,True
extreme,10.0,NBO-0466,-1.248392,36.783232,concrete_rcc,526250000.00,0.0,0.0,0.0,1.0,0.00,True,"generated for hackathon starter kit, not a real portfolio",0.00,Westlands,378.0,True
extreme,10.0,NBO-0467,-1.198678,36.731266,concrete_rcc,1592010000.00,0.0,0.0,0.0,1.0,0.00,True,"generated for hackathon starter kit, not a real portfolio",0.00,Kitisuru,6406.4,False
extreme,10.0,NBO-0468,-1.333948,36.907328,concrete_rcc,914905000.00,0.0,0.0,0.0,1.0,0.00,True,"generated for hackathon starter kit, not a real portfolio",0.00,Fedha,2257.2,False
extreme,10.0,NBO-0469,-1.32826,36.885924,semi_permanent,8010000.00,0.0,0.0,0.0,1.0,0.00,True,"generated for hackathon starter kit, not a real portfolio",0.00,Fedha,1978.1,True
extreme,10.0,NBO-0470,-1.317417,36.911355,semi_permanent,3905000.00,0.0,0.0,0.0,1.0,0.00,True,"generated for hackathon starter kit, not a real portfolio",0.00,Fedha,1442.7,True
extreme,10.0,NBO-0471,-1.210378,36.930778,semi_permanent,4990000.00,0.0,0.0,0.0,1.0,0.00,True,"generated for hackathon starter kit, not a real portfolio",0.00,Mwiki,2503.8,False
extreme,10.0,NBO-0472,-1.280935,36.89564,semi_permanent,5280000.00,0.0,0.0,0.0,1.0,0.00,True,"generated for hackathon starter kit, not a real portfolio",0.00,Komarock,1629.7,True
extreme,10.0,NBO-0473,-1.204539,36.850227,semi_permanent,5015000.00,0.0,0.0,0.0,1.0,0.00,True,"generated for hackathon starter kit, not a real portfolio",0.00,Mathare,6431.1,False
extreme,10.0,NBO-0474,-1.265397,36.874234,informal_iron_sheet,1190000.00,0.0,0.0,0.0,1.0,0.00,True,"generated for hackathon starter kit, not a real portfolio",0.00,Mathare,843.6,True
extreme,10.0,NBO-0475,-1.321852,36.912497,informal_iron_sheet,580000.00,0.0,0.0,0.0,1.0,0.00,True,"generated for hackathon starter kit, not a real portfolio",0.00,Fedha,1701.6,True
extreme,10.0,NBO-0476,-1.239714,36.739798,informal_iron_sheet,560000.00,0.0,0.0,0.0,1.0,0.00,True,"generated for hackathon starter kit, not a real portfolio",0.00,Kangemi,3439.2,False
extreme,10.0,NBO-0477,-1.319008,36.757525,permanent_masonry,45370000.00,0.0,0.0,0.0,1.0,0.00,True,"generated for hackathon starter kit, not a real portfolio",0.00,Kibera,3601.5,False
extreme,10.0,NBO-0478,-1.2108,36.844853,permanent_masonry,101200000.00,0.0,0.0,0.0,1.0,0.00,True,"generated for hackathon starter kit, not a real portfolio",0.00,Mathare,6054.2,False
extreme,10.0,NBO-0479,-1.319025,36.818722,informal_iron_sheet,790000.00,0.0,0.0,0.0,1.0,0.00,True,"generated for hackathon starter kit, not a real portfolio",0.00,Nairobi West,1246.7,True
extreme,10.0,NBO-0480,-1.313874,36.93348,semi_permanent,5855000.00,0.0,0.0,0.0,1.0,0.00,True,"generated for hackathon starter kit, not a real portfolio",0.00,Fedha,3894.2,False
extreme,10.0,NBO-0481,-1.206344,36.782704,informal_iron_sheet,1170000.00,0.0,0.0,0.0,1.0,0.00,True,"generated for hackathon starter kit, not a real portfolio",0.00,Kitisuru,4000.8,False
extreme,10.0,NBO-0482,-1.211464,36.717203,permanent_masonry,35925000.00,0.0,0.0,0.0,1.0,0.00,True,"generated for hackathon starter kit, not a real portfolio",0.00,Kitisuru,6793.0,False
extreme,10.0,NBO-0483,-1.24542,36.771289,semi_permanent,5375000.00,0.0,0.0,0.0,1.0,0.00,True,"generated for hackathon starter kit, not a real portfolio",0.00,Kitisuru,561.3,True
extreme,10.0,NBO-0484,-1.271068,36.744576,concrete_rcc,641870000.00,0.0,0.0,0.0,1.0,0.00,True,"generated for hackathon starter kit, not a real portfolio",0.00,Kangemi,923.3,True
extreme,10.0,NBO-0485,-1.233919,36.806192,informal_iron_sheet,715000.00,0.0,0.0,0.0,1.0,0.00,True,"generated for hackathon starter kit, not a real portfolio",0.00,Westlands,2639.5,False
extreme,10.0,NBO-0486,-1.309357,36.726474,informal_iron_sheet,945000.00,0.0,0.0,0.0,1.0,0.00,True,"generated for hackathon starter kit, not a real portfolio",0.00,Kawangware,4430.5,False
extreme,10.0,NBO-0487,-1.344056,36.855521,permanent_masonry,116700000.00,0.0,0.0,0.0,1.0,0.00,True,"generated for hackathon starter kit, not a real portfolio",0.00,Nairobi West,5333.4,False
extreme,10.0,NBO-0488,-1.289708,36.796945,semi_permanent,5085000.00,0.0,0.0,0.0,1.0,0.00,True,"generated for hackathon starter kit, not a real portfolio",0.00,Kileleshwa,1758.4,True
extreme,10.0,NBO-0489,-1.244082,36.757179,permanent_masonry,33945000.00,0.0,0.0,0.0,1.0,0.00,True,"generated for hackathon starter kit, not a real portfolio",0.00,Kitisuru,1593.9,True
extreme,10.0,NBO-0490,-1.317731,36.92187,permanent_masonry,72865000.00,0.0,0.0,0.0,1.0,0.00,True,"generated for hackathon starter kit, not a real portfolio",0.00,Fedha,2608.6,False
extreme,10.0,NBO-0491,-1.22655,36.947095,permanent_masonry,43385000.00,0.490456223487854,0.735684335231781,0.29541898727416993,1.0,12816752.76,True,"generated for hackathon starter kit, not a real portfolio",12382902.76,Mwiki,1685.0,True
extreme,10.0,NBO-0492,-1.20285,36.871324,permanent_masonry,36180000.00,0.49745169281959534,0.746177539229393,0.29877681255340577,1.0,10809745.08,True,"generated for hackathon starter kit, not a real portfolio",10447945.08,Dandora,6066.3,False
extreme,10.0,NBO-0493,-1.28459,36.726722,concrete_rcc,935855000.00,0.0,0.0,0.0,1.0,0.00,True,"generated for hackathon starter kit, not a real portfolio",0.00,Kawangware,2852.9,False
extreme,10.0,NBO-0494,-1.291975,36.831562,informal_iron_sheet,2070000.00,0.0,0.0,0.0,1.0,0.00,True,"generated for hackathon starter kit, not a real portfolio",0.00,Nairobi West,2084.5,False
extreme,10.0,NBO-0495,-1.328919,36.874954,semi_permanent,6580000.00,0.0,0.0,0.0,1.0,0.00,True,"generated for hackathon starter kit, not a real portfolio",0.00,Fedha,3003.2,False
extreme,10.0,NBO-0496,-1.212958,36.816976,informal_iron_sheet,1650000.00,0.0,0.0,0.0,1.0,0.00,True,"generated for hackathon starter kit, not a real portfolio",0.00,Westlands,5072.9,False
extreme,10.0,NBO-0497,-1.285034,36.742151,informal_iron_sheet,855000.00,0.0,0.0,0.0,1.0,0.00,True,"generated for hackathon starter kit, not a real portfolio",0.00,Kawangware,1283.5,True
extreme,10.0,NBO-0498,-1.185994,36.786739,informal_iron_sheet,935000.00,0.0,0.0,0.0,1.0,0.00,True,"generated for hackathon starter kit, not a real portfolio",0.00,Kitisuru,6294.4,False
extreme,10.0,NBO-0499,-1.269108,36.923782,informal_iron_sheet,1175000.00,0.0,0.0,0.0,1.0,0.00,True,"generated for hackathon starter kit, not a real portfolio",0.00,Kayole,557.0,True
extreme,10.0,NBO-0500,-1.25312,36.710253,informal_iron_sheet,1275000.00,0.0,0.0,0.0,1.0,0.00,True,"generated for hackathon starter kit, not a real portfolio",0.00,Kangemi,4958.4,False
extreme,10.0,NBO-0501,-1.295026,36.712918,concrete_rcc,476605000.00,0.0,0.0,0.0,1.0,0.00,True,"generated for hackathon starter kit, not a real portfolio",0.00,Kawangware,4682.4,False
extreme,10.0,NBO-0502,-1.261483,36.874398,permanent_masonry,32125000.00,0.0,0.0,0.0,1.0,0.00,True,"generated for hackathon starter kit, not a real portfolio",0.00,Mathare,487.5,True
extreme,10.0,NBO-0503,-1.225395,36.907248,semi_permanent,4345000.00,0.0,0.0,0.0,1.0,0.00,True,"generated for hackathon starter kit, not a real portfolio",0.00,Dandora,2173.7,False
extreme,10.0,NBO-0504,-1.305311,36.854259,concrete_rcc,871025000.00,0.0,0.0,0.0,1.0,0.00,True,"generated for hackathon starter kit, not a real portfolio",0.00,Kiambiu,2756.0,False
extreme,10.0,NBO-0505,-1.244107,36.925259,permanent_masonry,37065000.00,0.0,0.0,0.0,1.0,0.00,True,"generated for hackathon starter kit, not a real portfolio",0.00,Mwiki,1544.5,True
extreme,10.0,NBO-0506,-1.182312,36.828437,informal_iron_sheet,720000.00,0.0,0.0,0.0,1.0,0.00,True,"generated for hackathon starter kit, not a real portfolio",0.00,Westlands,8553.6,False
extreme,10.0,NBO-0507,-1.286124,36.862558,semi_permanent,2575000.00,0.0,0.0,0.0,1.0,0.00,True,"generated for hackathon starter kit, not a real portfolio",0.00,Kiambiu,438.3,True
extreme,10.0,NBO-0508,-1.319233,36.80786,semi_permanent,4750000.00,0.0,0.0,0.0,1.0,0.00,True,"generated for hackathon starter kit, not a real portfolio",0.00,Madaraka,1555.9,True
extreme,10.0,NBO-0509,-1.193795,36.897925,permanent_masonry,44085000.00,0.0,0.0,0.0,1.0,0.00,True,"generated for hackathon starter kit, not a real portfolio",0.00,Dandora,5755.4,False
extreme,10.0,NBO-0510,-1.336823,36.70879,informal_iron_sheet,890000.00,0.0,0.0,0.0,1.0,0.00,True,"generated for hackathon starter kit, not a real portfolio",0.00,Kawangware,8050.2,False
extreme,10.0,NBO-0511,-1.184776,36.797872,informal_iron_sheet,720000.00,0.0,0.0,0.0,1.0,0.00,True,"generated for hackathon starter kit, not a real portfolio",0.00,Kitisuru,6865.2,False
extreme,10.0,NBO-0512,-1.188377,36.790529,informal_iron_sheet,1020000.00,0.0,0.0,0.0,1.0,0.00,True,"generated for hackathon starter kit, not a real portfolio",0.00,Kitisuru,6175.3,False
extreme,10.0,NBO-0513,-1.290784,36.727271,concrete_rcc,451570000.00,0.0,0.0,0.0,1.0,0.00,True,"generated for hackathon starter kit, not a real portfolio",0.00,Kawangware,3036.1,False
extreme,10.0,NBO-0514,-1.265043,36.819492,semi_permanent,4725000.00,0.0,0.0,0.0,1.0,0.00,True,"generated for hackathon starter kit, not a real portfolio",0.00,Parklands,1009.6,True
extreme,10.0,NBO-0515,-1.325057,36.886173,informal_iron_sheet,625000.00,0.0,0.0,0.0,1.0,0.00,True,"generated for hackathon starter kit, not a real portfolio",0.00,Fedha,1722.2,True
extreme,10.0,NBO-0516,-1.249747,36.737112,permanent_masonry,43265000.00,0.0,0.0,0.0,1.0,0.00,True,"generated for hackathon starter kit, not a real portfolio",0.00,Kangemi,2640.5,False
extreme,10.0,NBO-0517,-1.34537,36.948643,semi_permanent,3700000.00,0.0,0.0,0.0,1.0,0.00,True,"generated for hackathon starter kit, not a real portfolio",0.00,Fedha,6479.5,False
extreme,10.0,NBO-0518,-1.207065,36.750001,permanent_masonry,58300000.00,0.0,0.0,0.0,1.0,0.00,True,"generated for hackathon starter kit, not a real portfolio",0.00,Kitisuru,4380.3,False
extreme,10.0,NBO-0519,-1.331527,36.92513,permanent_masonry,44655000.00,0.0,0.0,0.0,1.0,0.00,True,"generated for hackathon starter kit, not a real portfolio",0.00,Fedha,3446.1,False
extreme,10.0,NBO-0520,-1.193567,36.704825,informal_iron_sheet,610000.00,0.0,0.0,0.0,1.0,0.00,True,"generated for hackathon starter kit, not a real portfolio",0.00,Kitisuru,9014.7,False
extreme,10.0,NBO-0521,-1.311918,36.827583,informal_iron_sheet,1680000.00,0.0,0.0,0.0,1.0,0.00,True,"generated for hackathon starter kit, not a real portfolio",0.00,Nairobi West,613.6,True
extreme,10.0,NBO-0522,-1.288577,36.715379,informal_iron_sheet,1080000.00,0.0,0.0,0.0,1.0,0.00,True,"generated for hackathon starter kit, not a real portfolio",0.00,Kawangware,4185.3,False
extreme,10.0,NBO-0523,-1.345307,36.773551,informal_iron_sheet,1165000.00,0.0,0.0,0.0,1.0,0.00,True,"generated for hackathon starter kit, not a real portfolio",0.00,Lang'ata,3452.4,False
extreme,10.0,NBO-0524,-1.285827,36.901408,informal_iron_sheet,655000.00,0.0,0.0,0.0,1.0,0.00,True,"generated for hackathon starter kit, not a real portfolio",0.00,Komarock,1624.8,True
extreme,10.0,NBO-0525,-1.339053,36.852392,informal_iron_sheet,1140000.00,0.0,0.0,0.0,1.0,0.00,True,"generated for hackathon starter kit, not a real portfolio",0.00,Nairobi West,4689.9,False
extreme,10.0,NBO-0526,-1.192388,36.92264,semi_permanent,6355000.00,0.0,0.0,0.0,1.0,0.00,True,"generated for hackathon starter kit, not a real portfolio",0.00,Mwiki,4641.8,False
extreme,10.0,NBO-0527,-1.210956,36.822111,informal_iron_sheet,1120000.00,0.0,0.0,0.0,1.0,0.00,True,"generated for hackathon starter kit, not a real portfolio",0.00,Westlands,5629.7,False
extreme,10.0,NBO-0528,-1.183892,36.727219,informal_iron_sheet,1655000.00,0.0,0.0,0.0,1.0,0.00,True,"generated for hackathon starter kit, not a real portfolio",0.00,Kitisuru,7948.1,False
extreme,10.0,NBO-0529,-1.27367,36.719198,semi_permanent,3100000.00,0.0,0.0,0.0,1.0,0.00,True,"generated for hackathon starter kit, not a real portfolio",0.00,Kawangware,3646.0,False
extreme,10.0,NBO-0530,-1.243356,36.83222,informal_iron_sheet,1710000.00,0.0,0.0,0.0,1.0,0.00,True,"generated for hackathon starter kit, not a real portfolio",0.00,Parklands,3250.0,False
extreme,10.0,NBO-0531,-1.262821,36.929629,permanent_masonry,33350000.00,0.0,0.0,0.0,1.0,0.00,True,"generated for hackathon starter kit, not a real portfolio",0.00,Kayole,1222.0,True
extreme,10.0,NBO-0532,-1.184216,36.946388,informal_iron_sheet,1245000.00,0.0,0.0,0.0,1.0,0.00,True,"generated for hackathon starter kit, not a real portfolio",0.00,Mwiki,5591.2,False
extreme,10.0,NBO-0533,-1.256164,36.887888,concrete_rcc,485690000.00,0.0,0.0,0.0,1.0,0.00,True,"generated for hackathon starter kit, not a real portfolio",0.00,Kariobangi,739.8,True
extreme,10.0,NBO-0534,-1.214277,36.717458,concrete_rcc,1036940000.00,0.0,0.0,0.0,1.0,0.00,True,"generated for hackathon starter kit, not a real portfolio",0.00,Kitisuru,6625.2,False
extreme,10.0,NBO-0535,-1.295993,36.743629,semi_permanent,2675000.00,0.0,0.0,0.0,1.0,0.00,True,"generated for hackathon starter kit, not a real portfolio",0.00,Kawangware,2143.2,False
extreme,10.0,NBO-0536,-1.225209,36.858199,informal_iron_sheet,2490000.00,0.0,0.0,0.0,1.0,0.00,True,"generated for hackathon starter kit, not a real portfolio",0.00,Mathare,3967.8,False
extreme,10.0,NBO-0537,-1.22413,36.847103,informal_iron_sheet,1275000.00,0.0,0.0,0.0,1.0,0.00,True,"generated for hackathon starter kit, not a real portfolio",0.00,Mathare,4663.6,False
extreme,10.0,NBO-0538,-1.27839,36.927619,semi_permanent,5200000.00,0.0,0.0,0.0,1.0,0.00,True,"generated for hackathon starter kit, not a real portfolio",0.00,Kayole,1587.0,True
extreme,10.0,NBO-0539,-1.312574,36.820574,informal_iron_sheet,490000.00,0.0,0.0,0.0,1.0,0.00,True,"generated for hackathon starter kit, not a real portfolio",0.00,Nairobi West,513.9,True
extreme,10.0,NBO-0540,-1.324529,36.76911,semi_permanent,7295000.00,0.0,0.0,0.0,1.0,0.00,True,"generated for hackathon starter kit, not a real portfolio",0.00,Lang'ata,2400.9,False
extreme,10.0,NBO-0541,-1.212603,36.730007,informal_iron_sheet,980000.00,0.0,0.0,0.0,1.0,0.00,True,"generated for hackathon starter kit, not a real portfolio",0.00,Kitisuru,5507.9,False
extreme,10.0,NBO-0542,-1.189111,36.888,permanent_masonry,22450000.00,0.0,0.0,0.0,1.0,0.00,True,"generated for hackathon starter kit, not a real portfolio",0.00,Dandora,6521.8,False
extreme,10.0,NBO-0543,-1.315547,36.926666,informal_iron_sheet,925000.00,0.0,0.0,0.0,1.0,0.00,True,"generated for hackathon starter kit, not a real portfolio",0.00,Fedha,3131.7,False
extreme,10.0,NBO-0544,-1.257331,36.882131,permanent_masonry,76430000.00,0.0,0.0,0.0,1.0,0.00,True,"generated for hackathon starter kit, not a real portfolio",0.00,Kariobangi,197.5,True
extreme,10.0,NBO-0545,-1.242225,36.740313,permanent_masonry,39810000.00,0.0,0.0,0.0,1.0,0.00,True,"generated for hackathon starter kit, not a real portfolio",0.00,Kangemi,3161.3,False
extreme,10.0,NBO-0546,-1.330179,36.854297,informal_iron_sheet,925000.00,0.0,0.0,0.0,1.0,0.00,True,"generated for hackathon starter kit, not a real portfolio",0.00,Nairobi West,4211.0,False
extreme,10.0,NBO-0547,-1.200929,36.924815,informal_iron_sheet,1475000.00,0.15268704295158386,0.2290305644273758,0.2015468966960907,1.0,297281.67,True,"generated for hackathon starter kit, not a real portfolio",282531.67,Mwiki,3661.8,False
extreme,10.0,NBO-0548,-1.316532,36.819529,informal_iron_sheet,945000.00,0.0,0.0,0.0,1.0,0.00,True,"generated for hackathon starter kit, not a real portfolio",0.00,Nairobi West,956.8,True
extreme,10.0,NBO-0549,-1.237462,36.709771,semi_permanent,5080000.00,0.0,0.0,0.0,1.0,0.00,True,"generated for hackathon starter kit, not a real portfolio",0.00,Kangemi,5821.1,False
extreme,10.0,NBO-0550,-1.259167,36.767873,permanent_masonry,34820000.00,0.0,0.0,0.0,1.0,0.00,True,"generated for hackathon starter kit, not a real portfolio",0.00,Lavington,1899.4,True
extreme,10.0,NBO-0551,-1.229688,36.86457,permanent_masonry,42840000.00,0.0,0.0,0.0,1.0,0.00,True,"generated for hackathon starter kit, not a real portfolio",0.00,Mathare,3279.9,False
extreme,10.0,NBO-0552,-1.250584,36.731432,informal_iron_sheet,1455000.00,0.0,0.0,0.0,1.0,0.00,True,"generated for hackathon starter kit, not a real portfolio",0.00,Kangemi,3022.2,False
extreme,10.0,NBO-0553,-1.323114,36.787484,semi_permanent,3040000.00,0.0,0.0,0.0,1.0,0.00,True,"generated for hackathon starter kit, not a real portfolio",0.00,Lang'ata,538.9,True
extreme,10.0,NBO-0554,-1.340246,36.945013,semi_permanent,5180000.00,0.0,0.0,0.0,1.0,0.00,True,"generated for hackathon starter kit, not a real portfolio",0.00,Fedha,5848.8,False
extreme,10.0,NBO-0555,-1.234729,36.732582,permanent_masonry,28945000.00,0.0,0.0,0.0,1.0,0.00,True,"generated for hackathon starter kit, not a real portfolio",0.00,Kangemi,4300.7,False
extreme,10.0,NBO-0556,-1.196393,36.809098,concrete_rcc,521240000.00,0.0,0.0,0.0,1.0,0.00,True,"generated for hackathon starter kit, not a real portfolio",0.00,Westlands,6134.2,False
extreme,10.0,NBO-0557,-1.267599,36.862228,concrete_rcc,195090000.00,0.0,0.0,0.0,1.0,0.00,True,"generated for hackathon starter kit, not a real portfolio",0.00,Mathare,1432.5,True
extreme,10.0,NBO-0558,-1.196781,36.753065,permanent_masonry,35710000.00,0.0,0.0,0.0,1.0,0.00,True,"generated for hackathon starter kit, not a real portfolio",0.00,Kitisuru,5243.1,False
extreme,10.0,NBO-0559,-1.180076,36.902401,semi_permanent,4615000.00,0.0,0.0,0.0,1.0,0.00,True,"generated for hackathon starter kit, not a real portfolio",0.00,Mwiki,6789.0,False
extreme,10.0,NBO-0560,-1.255496,36.743072,semi_permanent,5635000.00,0.0,0.0,0.0,1.0,0.00,True,"generated for hackathon starter kit, not a real portfolio",0.00,Kangemi,1728.3,True
extreme,10.0,NBO-0561,-1.295388,36.849583,concrete_rcc,432790000.00,0.0,0.0,0.0,1.0,0.00,True,"generated for hackathon starter kit, not a real portfolio",0.00,Kiambiu,2118.6,False
extreme,10.0,NBO-0562,-1.315337,36.709384,informal_iron_sheet,520000.00,0.0,0.0,0.0,1.0,0.00,True,"generated for hackathon starter kit, not a real portfolio",0.00,Kawangware,6235.4,False
extreme,10.0,NBO-0563,-1.25133,36.949922,informal_iron_sheet,1345000.00,0.0,0.0,0.0,1.0,0.00,True,"generated for hackathon starter kit, not a real portfolio",0.00,Mwiki,2773.6,False
extreme,10.0,NBO-0564,-1.19492,36.831777,permanent_masonry,74785000.00,0.0,0.0,0.0,1.0,0.00,True,"generated for hackathon starter kit, not a real portfolio",0.00,Westlands,7664.4,False
extreme,10.0,NBO-0565,-1.343686,36.759716,informal_iron_sheet,410000.00,0.0,0.0,0.0,1.0,0.00,True,"generated for hackathon starter kit, not a real portfolio",0.00,Lang'ata,4344.8,False
extreme,10.0,NBO-0566,-1.263318,36.733818,semi_permanent,5305000.00,0.0,0.0,0.0,1.0,0.00,True,"generated for hackathon starter kit, not a real portfolio",0.00,Kangemi,2119.4,False
extreme,10.0,NBO-0567,-1.182158,36.710157,informal_iron_sheet,2375000.00,0.0,0.0,0.0,1.0,0.00,True,"generated for hackathon starter kit, not a real portfolio",0.00,Kitisuru,9365.2,False
extreme,10.0,NBO-0568,-1.215505,36.766714,informal_iron_sheet,1325000.00,0.0,0.0,0.0,1.0,0.00,True,"generated for hackathon starter kit, not a real portfolio",0.00,Kitisuru,2807.1,False
extreme,10.0,NBO-0569,-1.227372,36.910585,permanent_masonry,51120000.00,0.08558376878499985,0.12837565317749977,0.0564852873980999,1.0,2887527.89,True,"generated for hackathon starter kit, not a real portfolio",2376327.89,Dandora,2013.2,False
extreme,10.0,NBO-0570,-1.301884,36.762107,permanent_masonry,59055000.00,0.0,0.0,0.0,1.0,0.00,True,"generated for hackathon starter kit, not a real portfolio",0.00,Kawangware,2852.3,False
extreme,10.0,NBO-0571,-1.343186,36.934871,concrete_rcc,404475000.00,0.0,0.0,0.0,1.0,0.00,True,"generated for hackathon starter kit, not a real portfolio",0.00,Fedha,5070.8,False
extreme,10.0,NBO-0572,-1.218469,36.948093,concrete_rcc,831600000.00,0.0,0.0,0.0,1.0,0.00,True,"generated for hackathon starter kit, not a real portfolio",0.00,Mwiki,2289.2,False
extreme,10.0,NBO-0573,-1.209108,36.843527,informal_iron_sheet,705000.00,0.0,0.0,0.0,1.0,0.00,True,"generated for hackathon starter kit, not a real portfolio",0.00,Mathare,6290.4,False
extreme,10.0,NBO-0574,-1.328134,36.729186,semi_permanent,6125000.00,0.0,0.0,0.0,1.0,0.00,True,"generated for hackathon starter kit, not a real portfolio",0.00,Kawangware,6061.2,False
extreme,10.0,NBO-0575,-1.330035,36.785141,permanent_masonry,56840000.00,0.0,0.0,0.0,1.0,0.00,True,"generated for hackathon starter kit, not a real portfolio",0.00,Lang'ata,1344.0,True
extreme,10.0,NBO-0576,-1.32098,36.87598,semi_permanent,4980000.00,0.0,0.0,0.0,1.0,0.00,True,"generated for hackathon starter kit, not a real portfolio",0.00,Fedha,2571.6,False
extreme,10.0,NBO-0577,-1.254205,36.793286,permanent_masonry,81530000.00,0.0,0.0,0.0,1.0,0.00,True,"generated for hackathon starter kit, not a real portfolio",0.00,Westlands,1171.0,True
extreme,10.0,NBO-0578,-1.255227,36.862573,concrete_rcc,219745000.00,0.0,0.0,0.0,1.0,0.00,True,"generated for hackathon starter kit, not a real portfolio",0.00,Mathare,1029.3,True
extreme,10.0,NBO-0579,-1.284944,36.872587,informal_iron_sheet,1100000.00,0.0,0.0,0.0,1.0,0.00,True,"generated for hackathon starter kit, not a real portfolio",0.00,Kiambiu,1062.4,True
extreme,10.0,NBO-0580,-1.184273,36.742328,informal_iron_sheet,1260000.00,0.0,0.0,0.0,1.0,0.00,True,"generated for hackathon starter kit, not a real portfolio",0.00,Kitisuru,7007.3,False
extreme,10.0,NBO-0581,-1.223779,36.773558,informal_iron_sheet,855000.00,0.0,0.0,0.0,1.0,0.00,True,"generated for hackathon starter kit, not a real portfolio",0.00,Kitisuru,1867.1,True
extreme,10.0,NBO-0582,-1.260893,36.864061,informal_iron_sheet,2070000.00,0.0,0.0,0.0,1.0,0.00,True,"generated for hackathon starter kit, not a real portfolio",0.00,Mathare,847.0,True
extreme,10.0,NBO-0583,-1.318733,36.827757,informal_iron_sheet,815000.00,0.0,0.0,0.0,1.0,0.00,True,"generated for hackathon starter kit, not a real portfolio",0.00,Nairobi West,1229.8,True
extreme,10.0,NBO-0584,-1.337643,36.82649,informal_iron_sheet,1585000.00,0.0,0.0,0.0,1.0,0.00,True,"generated for hackathon starter kit, not a real portfolio",0.00,Nairobi West,3240.1,False
extreme,10.0,NBO-0585,-1.267538,36.730176,permanent_masonry,57585000.00,0.0,0.0,0.0,1.0,0.00,True,"generated for hackathon starter kit, not a real portfolio",0.00,Kangemi,2459.7,False
extreme,10.0,NBO-0586,-1.196646,36.92581,permanent_masonry,37075000.00,0.0,0.0,0.0,1.0,0.00,True,"generated for hackathon starter kit, not a real portfolio",0.00,Mwiki,4100.1,False
extreme,10.0,NBO-0587,-1.230529,36.707301,semi_permanent,3810000.00,0.0,0.0,0.0,1.0,0.00,True,"generated for hackathon starter kit, not a real portfolio",0.00,Kangemi,6510.6,False
extreme,10.0,NBO-0588,-1.194468,36.887787,permanent_masonry,92395000.00,0.031022701412439346,0.04653405211865902,0.020474982932209968,1.0,1891786.05,True,"generated for hackathon starter kit, not a real portfolio",967836.05,Dandora,5966.0,False
extreme,10.0,NBO-0589,-1.303936,36.77295,concrete_rcc,767380000.00,0.0,0.0,0.0,1.0,0.00,True,"generated for hackathon starter kit, not a real portfolio",0.00,Kibera,1964.7,True
extreme,10.0,NBO-0590,-1.284527,36.892554,permanent_masonry,50695000.00,0.0,0.0,0.0,1.0,0.00,True,"generated for hackathon starter kit, not a real portfolio",0.00,Donholm,1689.9,True
extreme,10.0,NBO-0591,-1.268694,36.778328,semi_permanent,5395000.00,0.0,0.0,0.0,1.0,0.00,True,"generated for hackathon starter kit, not a real portfolio",0.00,Lavington,641.6,True
extreme,10.0,NBO-0592,-1.311754,36.901046,permanent_masonry,62610000.00,0.0,0.0,0.0,1.0,0.00,True,"generated for hackathon starter kit, not a real portfolio",0.00,Fedha,519.6,True
extreme,10.0,NBO-0593,-1.243736,36.854758,semi_permanent,2520000.00,0.0,0.0,0.0,1.0,0.00,True,"generated for hackathon starter kit, not a real portfolio",0.00,Mathare,2456.0,False
extreme,10.0,NBO-0594,-1.325088,36.940654,informal_iron_sheet,1090000.00,0.0,0.0,0.0,1.0,0.00,True,"generated for hackathon starter kit, not a real portfolio",0.00,Fedha,4802.2,False
extreme,10.0,NBO-0595,-1.259297,36.878847,permanent_masonry,40365000.00,0.0,0.0,0.0,1.0,0.00,True,"generated for hackathon starter kit, not a real portfolio",0.00,Kariobangi,341.6,True
extreme,10.0,NBO-0596,-1.268638,36.924316,informal_iron_sheet,640000.00,0.03061671182513237,0.045925067737698555,0.04041405960917473,1.0,25865.00,True,"generated for hackathon starter kit, not a real portfolio",19465.00,Kayole,589.5,True
extreme,10.0,NBO-0597,-1.296252,36.788082,informal_iron_sheet,780000.00,0.0,0.0,0.0,1.0,0.00,True,"generated for hackathon starter kit, not a real portfolio",0.00,Kibera,1680.1,True
extreme,10.0,NBO-0598,-1.340629,36.87552,semi_permanent,6200000.00,0.0,0.0,0.0,1.0,0.00,True,"generated for hackathon starter kit, not a real portfolio",0.00,Fedha,3771.7,False
extreme,10.0,NBO-0599,-1.298736,36.871765,concrete_rcc,704215000.00,0.0,0.0,0.0,1.0,0.00,True,"generated for hackathon starter kit, not a real portfolio",0.00,Donholm,1882.1,True
severe,25.0,NBO-0000,-1.314897,36.935883,semi_permanent,5170000.00,0.0,0.0,0.0,1.0,0.00,True,"generated for hackathon starter kit, not a real portfolio",0.00,Fedha,4157.1,False
severe,25.0,NBO-0001,-1.219963,36.789855,informal_iron_sheet,625000.00,0.0,0.0,0.0,1.0,0.00,True,"generated for hackathon starter kit, not a real portfolio",0.00,Westlands,2983.6,False
severe,25.0,NBO-0002,-1.257597,36.896201,semi_permanent,3300000.00,0.24728070199489594,0.3709210529923439,0.21760701775550842,1.0,718103.16,True,"generated for hackathon starter kit, not a real portfolio",685103.16,Kariobangi,1597.0,True
severe,25.0,NBO-0003,-1.194103,36.84782,semi_permanent,7945000.00,0.0,0.0,0.0,1.0,0.00,True,"generated for hackathon starter kit, not a real portfolio",0.00,Mathare,7611.4,False
severe,25.0,NBO-0004,-1.263191,36.773582,semi_permanent,12400000.00,0.0,0.0,0.0,1.0,0.00,True,"generated for hackathon starter kit, not a real portfolio",0.00,Lavington,1244.7,True
severe,25.0,NBO-0005,-1.202301,36.930681,informal_iron_sheet,1570000.00,0.5410411357879639,0.8115617036819458,0.5570871496200562,1.0,874626.82,True,"generated for hackathon starter kit, not a real portfolio",858926.82,Mwiki,3398.8,False
severe,25.0,NBO-0006,-1.297331,36.917333,informal_iron_sheet,625000.00,0.0,0.0,0.0,1.0,0.00,True,"generated for hackathon starter kit, not a real portfolio",0.00,Tassia,2345.8,False
severe,25.0,NBO-0007,-1.29008,36.791035,informal_iron_sheet,660000.00,0.0,0.0,0.0,1.0,0.00,True,"generated for hackathon starter kit, not a real portfolio",0.00,Kileleshwa,1524.4,True
severe,25.0,NBO-0008,-1.255438,36.943294,semi_permanent,4620000.00,0.0,0.0,0.0,1.0,0.00,True,"generated for hackathon starter kit, not a real portfolio",0.00,Mwiki,2757.3,False
severe,25.0,NBO-0009,-1.337945,36.756131,permanent_masonry,42965000.00,0.0,0.0,0.0,1.0,0.00,True,"generated for hackathon starter kit, not a real portfolio",0.00,Lang'ata,4314.4,False
severe,25.0,NBO-0010,-1.275674,36.901374,semi_permanent,3960000.00,0.0,0.0,0.0,1.0,0.00,True,"generated for hackathon starter kit, not a real portfolio",0.00,Komarock,783.0,True
severe,25.0,NBO-0011,-1.198387,36.870224,informal_iron_sheet,1405000.00,0.0,0.0,0.0,1.0,0.00,True,"generated for hackathon starter kit, not a real portfolio",0.00,Dandora,6530.6,False
severe,25.0,NBO-0012,-1.238124,36.817765,permanent_masonry,35135000.00,0.0,0.0,0.0,1.0,0.00,True,"generated for hackathon starter kit, not a real portfolio",0.00,Parklands,2884.2,False
severe,25.0,NBO-0013,-1.191036,36.707701,informal_iron_sheet,520000.00,0.0,0.0,0.0,1.0,0.00,True,"generated for hackathon starter kit, not a real portfolio",0.00,Kitisuru,8925.8,False
severe,25.0,NBO-0014,-1.193437,36.9237,semi_permanent,5425000.00,0.04849095270037651,0.07273642905056477,0.04267203837633133,1.0,231495.81,True,"generated for hackathon starter kit, not a real portfolio",177245.81,Mwiki,4499.7,False
severe,25.0,NBO-0015,-1.332391,36.843408,permanent_masonry,35180000.00,0.0,0.0,0.0,1.0,0.00,True,"generated for hackathon starter kit, not a real portfolio",0.00,Nairobi West,3469.3,False
severe,25.0,NBO-0016,-1.306308,36.797577,semi_permanent,5030000.00,0.0,0.0,0.0,1.0,0.00,True,"generated for hackathon starter kit, not a real portfolio",0.00,Kibera,1105.1,True
severe,25.0,NBO-0017,-1.224443,36.78867,semi_permanent,5185000.00,0.0,0.0,0.0,1.0,0.00,True,"generated for hackathon starter kit, not a real portfolio",0.00,Westlands,2472.6,False
severe,25.0,NBO-0018,-1.274224,36.862993,informal_iron_sheet,715000.00,0.0,0.0,0.0,1.0,0.00,True,"generated for hackathon starter kit, not a real portfolio",0.00,Kiambiu,896.5,True
severe,25.0,NBO-0019,-1.215378,36.786757,semi_permanent,2160000.00,0.0,0.0,0.0,1.0,0.00,True,"generated for hackathon starter kit, not a real portfolio",0.00,Kitisuru,3284.0,False
severe,25.0,NBO-0020,-1.268428,36.826895,concrete_rcc,579255000.00,0.0,0.0,0.0,1.0,0.00,True,"generated for hackathon starter kit, not a real portfolio",0.00,Parklands,1904.2,True
severe,25.0,NBO-0021,-1.31688,36.792734,semi_permanent,4265000.00,0.0,0.0,0.0,1.0,0.00,True,"generated for hackathon starter kit, not a real portfolio",0.00,Lang'ata,383.8,True
severe,25.0,NBO-0022,-1.30153,36.713801,permanent_masonry,48815000.00,0.0,0.0,0.0,1.0,0.00,True,"generated for hackathon starter kit, not a real portfolio",0.00,Kawangware,4927.1,False
severe,25.0,NBO-0023,-1.255021,36.762602,informal_iron_sheet,885000.00,0.0,0.0,0.0,1.0,0.00,True,"generated for hackathon starter kit, not a real portfolio",0.00,Kangemi,1843.3,True
severe,25.0,NBO-0024,-1.198924,36.910241,concrete_rcc,229970000.00,0.12254299223423004,0.18381448835134506,0.06221413451891679,1.0,14307384.52,True,"generated for hackathon starter kit, not a real portfolio",12007684.52,Mwiki,4550.4,False
severe,25.0,NBO-0025,-1.346206,36.904539,semi_permanent,3935000.00,0.0,0.0,0.0,1.0,0.00,True,"generated for hackathon starter kit, not a real portfolio",0.00,Fedha,3461.3,False
severe,25.0,NBO-0026,-1.263277,36.866831,permanent_masonry,44030000.00,0.0,0.0,0.0,1.0,0.00,True,"generated for hackathon starter kit, not a real portfolio",0.00,Mathare,731.6,True
severe,25.0,NBO-0027,-1.255159,36.817647,concrete_rcc,239875000.00,0.0,0.0,0.0,1.0,0.00,True,"generated for hackathon starter kit, not a real portfolio",0.00,Parklands,1175.1,True
severe,25.0,NBO-0028,-1.194738,36.942461,semi_permanent,3275000.00,0.015126701444387436,0.022690052166581154,0.013311497271060943,1.0,43595.15,True,"generated for hackathon starter kit, not a real portfolio",10845.15,Mwiki,4349.3,False
severe,25.0,NBO-0029,-1.341011,36.910065,concrete_rcc,398200000.00,0.0,0.0,0.0,1.0,0.00,True,"generated for hackathon starter kit, not a real portfolio",0.00,Fedha,3097.5,False
severe,25.0,NBO-0030,-1.281853,36.761267,informal_iron_sheet,755000.00,0.0,0.0,0.0,1.0,0.00,True,"generated for hackathon starter kit, not a real portfolio",0.00,Kawangware,1134.3,True
severe,25.0,NBO-0031,-1.229115,36.841887,permanent_masonry,23060000.00,0.0,0.0,0.0,1.0,0.00,True,"generated for hackathon starter kit, not a real portfolio",0.00,Mathare,4613.2,False
severe,25.0,NBO-0032,-1.315429,36.938988,informal_iron_sheet,670000.00,0.0,0.0,0.0,1.0,0.00,True,"generated for hackathon starter kit, not a real portfolio",0.00,Fedha,4501.5,False
severe,25.0,NBO-0033,-1.237085,36.896404,informal_iron_sheet,1165000.00,0.378022164106369,0.5670332461595535,0.4202199476957321,1.0,489556.24,True,"generated for hackathon starter kit, not a real portfolio",477906.24,Dandora,1383.4,True
severe,25.0,NBO-0034,-1.306502,36.792338,semi_permanent,5695000.00,0.0,0.0,0.0,1.0,0.00,True,"generated for hackathon starter kit, not a real portfolio",0.00,Kibera,652.9,True
severe,25.0,NBO-0035,-1.259929,36.817481,semi_permanent,3940000.00,0.0,0.0,0.0,1.0,0.00,True,"generated for hackathon starter kit, not a real portfolio",0.00,Parklands,837.6,True
severe,25.0,NBO-0036,-1.256369,36.829457,permanent_masonry,31480000.00,0.09102015197277069,0.13653022795915604,0.060073300302028655,1.0,1891107.49,True,"generated for hackathon starter kit, not a real portfolio",1576307.49,Parklands,2221.5,False
severe,25.0,NBO-0037,-1.331936,36.925473,informal_iron_sheet,780000.00,0.0,0.0,0.0,1.0,0.00,True,"generated for hackathon starter kit, not a real portfolio",0.00,Fedha,3502.2,False
severe,25.0,NBO-0038,-1.257297,36.878574,permanent_masonry,57240000.00,0.0,0.0,0.0,1.0,0.00,True,"generated for hackathon starter kit, not a real portfolio",0.00,Kariobangi,421.6,True
severe,25.0,NBO-0039,-1.265985,36.799534,informal_iron_sheet,1500000.00,0.0,0.0,0.0,1.0,0.00,True,"generated for hackathon starter kit, not a real portfolio",0.00,Chiromo,933.0,True
severe,25.0,NBO-0040,-1.313586,36.81551,concrete_rcc,341070000.00,0.0,0.0,0.0,1.0,0.00,True,"generated for hackathon starter kit, not a real portfolio",0.00,Madaraka,687.7,True
severe,25.0,NBO-0041,-1.347614,36.723077,concrete_rcc,263095000.00,0.0,0.0,0.0,1.0,0.00,True,"generated for hackathon starter kit, not a real portfolio",0.00,Lang'ata,8090.8,False
severe,25.0,NBO-0042,-1.216402,36.823009,semi_permanent,3535000.00,0.0,0.0,0.0,1.0,0.00,True,"generated for hackathon starter kit, not a real portfolio",0.00,Westlands,5299.0,False
severe,25.0,NBO-0043,-1.272502,36.757256,semi_permanent,3605000.00,0.0,0.0,0.0,1.0,0.00,True,"generated for hackathon starter kit, not a real portfolio",0.00,Kangemi,744.1,True
severe,25.0,NBO-0044,-1.266109,36.723283,semi_permanent,3690000.00,0.0,0.0,0.0,1.0,0.00,True,"generated for hackathon starter kit, not a real portfolio",0.00,Kangemi,3232.3,False
severe,25.0,NBO-0045,-1.286932,36.722819,concrete_rcc,427250000.00,0.0,0.0,0.0,1.0,0.00,True,"generated for hackathon starter kit, not a real portfolio",0.00,Kawangware,3339.8,False
severe,25.0,NBO-0046,-1.288172,36.753956,permanent_masonry,76160000.00,0.0,0.0,0.0,1.0,0.00,True,"generated for hackathon starter kit, not a real portfolio",0.00,Kawangware,1109.8,True
severe,25.0,NBO-0047,-1.253496,36.874782,permanent_masonry,34465000.00,0.0,0.0,0.0,1.0,0.00,True,"generated for hackathon starter kit, not a real portfolio",0.00,Mathare,672.3,True
severe,25.0,NBO-0048,-1.255831,36.744796,permanent_masonry,43405000.00,0.0,0.0,0.0,1.0,0.00,True,"generated for hackathon starter kit, not a real portfolio",0.00,Kangemi,1590.1,True
severe,25.0,NBO-0049,-1.289351,36.842097,concrete_rcc,716255000.00,0.0,0.0,0.0,1.0,0.00,True,"generated for hackathon starter kit, not a real portfolio",0.00,Kiambiu,2496.5,False
severe,25.0,NBO-0050,-1.251175,36.850655,informal_iron_sheet,795000.00,0.0,0.0,0.0,1.0,0.00,True,"generated for hackathon starter kit, not a real portfolio",0.00,Mathare,2428.5,False
severe,25.0,NBO-0051,-1.288834,36.941566,concrete_rcc,706790000.00,0.0,0.0,0.0,1.0,0.00,True,"generated for hackathon starter kit, not a real portfolio",0.00,Kayole,3482.0,False
severe,25.0,NBO-0052,-1.274863,36.81455,semi_permanent,4795000.00,0.0,0.0,0.0,1.0,0.00,True,"generated for hackathon starter kit, not a real portfolio",0.00,Chiromo,1012.4,True
severe,25.0,NBO-0053,-1.288657,36.893632,informal_iron_sheet,805000.00,0.0,0.0,0.0,1.0,0.00,True,"generated for hackathon starter kit, not a real portfolio",0.00,Donholm,1297.3,True
severe,25.0,NBO-0054,-1.345737,36.708724,informal_iron_sheet,1860000.00,0.0,0.0,0.0,1.0,0.00,True,"generated for hackathon starter kit, not a real portfolio",0.00,Kawangware,8872.5,False
severe,25.0,NBO-0055,-1.338598,36.861152,informal_iron_sheet,695000.00,0.0,0.0,0.0,1.0,0.00,True,"generated for hackathon starter kit, not a real portfolio",0.00,Fedha,4871.7,False
severe,25.0,NBO-0056,-1.195179,36.945076,permanent_masonry,45575000.00,0.0,0.0,0.0,1.0,0.00,True,"generated for hackathon starter kit, not a real portfolio",0.00,Mwiki,4379.9,False
severe,25.0,NBO-0057,-1.269395,36.711846,permanent_masonry,88405000.00,0.0,0.0,0.0,1.0,0.00,True,"generated for hackathon starter kit, not a real portfolio",0.00,Kangemi,4499.5,False
severe,25.0,NBO-0058,-1.326314,36.926912,semi_permanent,4960000.00,0.0,0.0,0.0,1.0,0.00,True,"generated for hackathon starter kit, not a real portfolio",0.00,Fedha,3373.4,False
severe,25.0,NBO-0059,-1.242227,36.738945,permanent_masonry,31905000.00,0.0,0.0,0.0,1.0,0.00,True,"generated for hackathon starter kit, not a real portfolio",0.00,Kangemi,3228.1,False
severe,25.0,NBO-0060,-1.207116,36.868812,semi_permanent,6050000.00,0.0,0.0,0.0,1.0,0.00,True,"generated for hackathon starter kit, not a real portfolio",0.00,Mathare,5710.7,False
severe,25.0,NBO-0061,-1.290067,36.706319,semi_permanent,5495000.00,0.0,0.0,0.0,1.0,0.00,True,"generated for hackathon starter kit, not a real portfolio",0.00,Kawangware,5201.1,False
severe,25.0,NBO-0062,-1.278869,36.715366,semi_permanent,6215000.00,0.0,0.0,0.0,1.0,0.00,True,"generated for hackathon starter kit, not a real portfolio",0.00,Kawangware,4033.1,False
severe,25.0,NBO-0063,-1.194166,36.733674,semi_permanent,2720000.00,0.0,0.0,0.0,1.0,0.00,True,"generated for hackathon starter kit, not a real portfolio",0.00,Kitisuru,6606.9,False
severe,25.0,NBO-0064,-1.192382,36.925331,informal_iron_sheet,1520000.00,0.0,0.0,0.0,1.0,0.00,True,"generated for hackathon starter kit, not a real portfolio",0.00,Mwiki,4575.4,False
severe,25.0,NBO-0065,-1.209508,36.895722,permanent_masonry,107485000.00,0.0,0.0,0.0,1.0,0.00,True,"generated for hackathon starter kit, not a real portfolio",0.00,Dandora,4101.3,False
severe,25.0,NBO-0066,-1.272078,36.865447,informal_iron_sheet,1120000.00,0.0,0.0,0.0,1.0,0.00,True,"generated for hackathon starter kit, not a real portfolio",0.00,Kiambiu,1156.3,True
severe,25.0,NBO-0067,-1.290213,36.862364,informal_iron_sheet,1155000.00,0.0,0.0,0.0,1.0,0.00,True,"generated for hackathon starter kit, not a real portfolio",0.00,Kiambiu,890.2,True
severe,25.0,NBO-0068,-1.339728,36.77344,informal_iron_sheet,1240000.00,0.0,0.0,0.0,1.0,0.00,True,"generated for hackathon starter kit, not a real portfolio",0.00,Lang'ata,2951.9,False
severe,25.0,NBO-0069,-1.22829,36.832026,semi_permanent,5025000.00,0.0,0.0,0.0,1.0,0.00,True,"generated for hackathon starter kit, not a real portfolio",0.00,Parklands,4539.5,False
severe,25.0,NBO-0070,-1.316407,36.820467,permanent_masonry,34970000.00,0.0,0.0,0.0,1.0,0.00,True,"generated for hackathon starter kit, not a real portfolio",0.00,Nairobi West,905.3,True
severe,25.0,NBO-0071,-1.220708,36.937779,semi_permanent,3840000.00,0.1652655452489853,0.24789831787347794,0.14543367981910707,1.0,558465.33,True,"generated for hackathon starter kit, not a real portfolio",520065.33,Mwiki,1430.6,True
severe,25.0,NBO-0072,-1.203775,36.813551,concrete_rcc,1196260000.00,0.0,0.0,0.0,1.0,0.00,True,"generated for hackathon starter kit, not a real portfolio",0.00,Westlands,5650.6,False
severe,25.0,NBO-0073,-1.265598,36.886731,semi_permanent,3550000.00,0.03584754094481468,0.05377131141722202,0.03154583603143692,1.0,111987.72,True,"generated for hackathon starter kit, not a real portfolio",76487.72,Kariobangi,899.9,True
severe,25.0,NBO-0074,-1.246897,36.789663,semi_permanent,3200000.00,0.0,0.0,0.0,1.0,0.00,True,"generated for hackathon starter kit, not a real portfolio",0.00,Westlands,400.9,True
severe,25.0,NBO-0075,-1.242933,36.931356,concrete_rcc,161250000.00,0.16975779831409454,0.2546366974711418,0.086184728374848,1.0,13897287.45,True,"generated for hackathon starter kit, not a real portfolio",12284787.45,Mwiki,1151.3,True
severe,25.0,NBO-0076,-1.305358,36.913093,informal_iron_sheet,995000.00,0.0,0.0,0.0,1.0,0.00,True,"generated for hackathon starter kit, not a real portfolio",0.00,Tassia,1621.7,True
severe,25.0,NBO-0077,-1.298235,36.947971,informal_iron_sheet,510000.00,0.0,0.0,0.0,1.0,0.00,True,"generated for hackathon starter kit, not a real portfolio",0.00,Kayole,4730.1,False
severe,25.0,NBO-0078,-1.297084,36.756761,permanent_masonry,71955000.00,0.0,0.0,0.0,1.0,0.00,True,"generated for hackathon starter kit, not a real portfolio",0.00,Kawangware,2147.3,False
severe,25.0,NBO-0079,-1.240748,36.917596,semi_permanent,3200000.00,0.34804627299308777,0.5220694094896317,0.2827496147155762,1.0,904798.77,True,"generated for hackathon starter kit, not a real portfolio",872798.77,Dandora,1361.2,True
severe,25.0,NBO-0080,-1.204947,36.819248,concrete_rcc,534130000.00,0.0,0.0,0.0,1.0,0.00,True,"generated for hackathon starter kit, not a real portfolio",0.00,Westlands,5914.1,False
severe,25.0,NBO-0081,-1.223301,36.827346,informal_iron_sheet,1670000.00,0.0,0.0,0.0,1.0,0.00,True,"generated for hackathon starter kit, not a real portfolio",0.00,Parklands,4795.9,False
severe,25.0,NBO-0082,-1.245203,36.83545,informal_iron_sheet,1090000.00,0.0,0.0,0.0,1.0,0.00,True,"generated for hackathon starter kit, not a real portfolio",0.00,Parklands,3399.6,False
severe,25.0,NBO-0083,-1.334989,36.72296,semi_permanent,3375000.00,0.0,0.0,0.0,1.0,0.00,True,"generated for hackathon starter kit, not a real portfolio",0.00,Kawangware,7047.9,False
severe,25.0,NBO-0084,-1.286346,36.920269,permanent_masonry,66900000.00,0.0,0.0,0.0,1.0,0.00,True,"generated for hackathon starter kit, not a real portfolio",0.00,Komarock,2063.6,False
severe,25.0,NBO-0085,-1.273428,36.851099,concrete_rcc,491280000.00,0.0,0.0,0.0,1.0,0.00,True,"generated for hackathon starter kit, not a real portfolio",0.00,Kiambiu,1685.5,True
severe,25.0,NBO-0086,-1.232924,36.726327,informal_iron_sheet,1010000.00,0.0,0.0,0.0,1.0,0.00,True,"generated for hackathon starter kit, not a real portfolio",0.00,Kangemi,4853.2,False
severe,25.0,NBO-0087,-1.210741,36.884764,semi_permanent,3110000.00,0.0,0.0,0.0,1.0,0.00,True,"generated for hackathon starter kit, not a real portfolio",0.00,Dandora,4477.7,False
severe,25.0,NBO-0088,-1.269745,36.728359,permanent_masonry,69520000.00,0.0,0.0,0.0,1.0,0.00,True,"generated for hackathon starter kit, not a real portfolio",0.00,Kangemi,2668.1,False
severe,25.0,NBO-0089,-1.212553,36.795312,permanent_masonry,32095000.00,0.0,0.0,0.0,1.0,0.00,True,"generated for hackathon starter kit, not a real portfolio",0.00,Westlands,3914.9,False
severe,25.0,NBO-0090,-1.272165,36.867382,semi_permanent,3080000.00,0.0,0.0,0.0,1.0,0.00,True,"generated for hackathon starter kit, not a real portfolio",0.00,Kiambiu,1207.9,True
severe,25.0,NBO-0091,-1.308021,36.816316,permanent_masonry,37840000.00,0.0,0.0,0.0,1.0,0.00,True,"generated for hackathon starter kit, not a real portfolio",0.00,Madaraka,128.7,True
severe,25.0,NBO-0092,-1.333203,36.716242,semi_permanent,4880000.00,0.0,0.0,0.0,1.0,0.00,True,"generated for hackathon starter kit, not a real portfolio",0.00,Kawangware,7248.2,False
severe,25.0,NBO-0093,-1.299334,36.855565,informal_iron_sheet,1040000.00,0.0,0.0,0.0,1.0,0.00,True,"generated for hackathon starter kit, not a real portfolio",0.00,Kiambiu,2087.7,False
severe,25.0,NBO-0094,-1.271576,36.791682,informal_iron_sheet,695000.00,0.0,0.0,0.0,1.0,0.00,True,"generated for hackathon starter kit, not a real portfolio",0.00,Kileleshwa,711.0,True
severe,25.0,NBO-0095,-1.224116,36.795335,semi_permanent,4705000.00,0.0,0.0,0.0,1.0,0.00,True,"generated for hackathon starter kit, not a real portfolio",0.00,Westlands,2696.3,False
severe,25.0,NBO-0096,-1.201989,36.740738,informal_iron_sheet,1010000.00,0.0,0.0,0.0,1.0,0.00,True,"generated for hackathon starter kit, not a real portfolio",0.00,Kitisuru,5437.2,False
severe,25.0,NBO-0097,-1.279198,36.745978,semi_permanent,5565000.00,0.0,0.0,0.0,1.0,0.00,True,"generated for hackathon starter kit, not a real portfolio",0.00,Kawangware,635.0,True
severe,25.0,NBO-0098,-1.29751,36.948272,semi_permanent,5545000.00,0.0,0.0,0.0,1.0,0.00,True,"generated for hackathon starter kit, not a real portfolio",0.00,Kayole,4693.5,False
severe,25.0,NBO-0099,-1.260843,36.851111,concrete_rcc,543755000.00,0.0,0.0,0.0,1.0,0.00,True,"generated for hackathon starter kit, not a real portfolio",0.00,Mathare,2256.7,False
severe,25.0,NBO-0100,-1.286345,36.846856,semi_permanent,7865000.00,0.0,0.0,0.0,1.0,0.00,True,"generated for hackathon starter kit, not a real portfolio",0.00,Kiambiu,1895.1,True
severe,25.0,NBO-0101,-1.30844,36.895244,informal_iron_sheet,1235000.00,0.0,0.0,0.0,1.0,0.00,True,"generated for hackathon starter kit, not a real portfolio",0.00,Tassia,404.2,True
severe,25.0,NBO-0102,-1.222723,36.795885,semi_permanent,2150000.00,0.0,0.0,0.0,1.0,0.00,True,"generated for hackathon starter kit, not a real portfolio",0.00,Westlands,2862.8,False
severe,25.0,NBO-0103,-1.306432,36.73854,semi_permanent,2925000.00,0.0,0.0,0.0,1.0,0.00,True,"generated for hackathon starter kit, not a real portfolio",0.00,Kawangware,3434.2,False
severe,25.0,NBO-0104,-1.226248,36.851791,permanent_masonry,36035000.00,0.0,0.0,0.0,1.0,0.00,True,"generated for hackathon starter kit, not a real portfolio",0.00,Mathare,4181.0,False
severe,25.0,NBO-0105,-1.23934,36.801209,permanent_masonry,43850000.00,0.0,0.0,0.0,1.0,0.00,True,"generated for hackathon starter kit, not a real portfolio",0.00,Westlands,1862.5,True
severe,25.0,NBO-0106,-1.296068,36.800864,semi_permanent,3435000.00,0.0,0.0,0.0,1.0,0.00,True,"generated for hackathon starter kit, not a real portfolio",0.00,Madaraka,2043.8,False
severe,25.0,NBO-0107,-1.213736,36.721958,permanent_masonry,55225000.00,0.0,0.0,0.0,1.0,0.00,True,"generated for hackathon starter kit, not a real portfolio",0.00,Kitisuru,6207.8,False
severe,25.0,NBO-0108,-1.295765,36.805226,semi_permanent,4520000.00,0.0,0.0,0.0,1.0,0.00,True,"generated for hackathon starter kit, not a real portfolio",0.00,Madaraka,1714.1,True
severe,25.0,NBO-0109,-1.207673,36.712984,informal_iron_sheet,1090000.00,0.0,0.0,0.0,1.0,0.00,True,"generated for hackathon starter kit, not a real portfolio",0.00,Kitisuru,7407.2,False
severe,25.0,NBO-0110,-1.238154,36.925489,semi_permanent,7450000.00,0.0,0.0,0.0,1.0,0.00,True,"generated for hackathon starter kit, not a real portfolio",0.00,Mwiki,1052.6,True
severe,25.0,NBO-0111,-1.334044,36.793712,informal_iron_sheet,1090000.00,0.0,0.0,0.0,1.0,0.00,True,"generated for hackathon starter kit, not a real portfolio",0.00,Lang'ata,1728.2,True
severe,25.0,NBO-0112,-1.271695,36.878829,permanent_masonry,27190000.00,0.0,0.0,0.0,1.0,0.00,True,"generated for hackathon starter kit, not a real portfolio",0.00,Kariobangi,1442.5,True
severe,25.0,NBO-0113,-1.317103,36.847082,permanent_masonry,78030000.00,0.0,0.0,0.0,1.0,0.00,True,"generated for hackathon starter kit, not a real portfolio",0.00,Nairobi West,2825.2,False
severe,25.0,NBO-0114,-1.268416,36.810036,permanent_masonry,72885000.00,0.0,0.0,0.0,1.0,0.00,True,"generated for hackathon starter kit, not a real portfolio",0.00,Chiromo,486.7,True
severe,25.0,NBO-0115,-1.340624,36.784613,semi_permanent,5820000.00,0.0,0.0,0.0,1.0,0.00,True,"generated for hackathon starter kit, not a real portfolio",0.00,Lang'ata,2481.9,False
severe,25.0,NBO-0116,-1.335686,36.707985,informal_iron_sheet,970000.00,0.0,0.0,0.0,1.0,0.00,True,"generated for hackathon starter kit, not a real portfolio",0.00,Kawangware,8002.6,False
severe,25.0,NBO-0117,-1.258956,36.863648,informal_iron_sheet,1470000.00,0.0,0.0,0.0,1.0,0.00,True,"generated for hackathon starter kit, not a real portfolio",0.00,Mathare,848.9,True
severe,25.0,NBO-0118,-1.228914,36.724864,semi_permanent,6680000.00,0.0,0.0,0.0,1.0,0.00,True,"generated for hackathon starter kit, not a real portfolio",0.00,Kitisuru,5288.2,False
severe,25.0,NBO-0119,-1.321806,36.758701,semi_permanent,3215000.00,0.0,0.0,0.0,1.0,0.00,True,"generated for hackathon starter kit, not a real portfolio",0.00,Lang'ata,3491.1,False
severe,25.0,NBO-0120,-1.255807,36.939727,informal_iron_sheet,1230000.00,0.0,0.0,0.0,1.0,0.00,True,"generated for hackathon starter kit, not a real portfolio",0.00,Kayole,2570.1,False
severe,25.0,NBO-0121,-1.229133,36.79396,permanent_masonry,38180000.00,0.0,0.0,0.0,1.0,0.00,True,"generated for hackathon starter kit, not a real portfolio",0.00,Westlands,2123.6,False
severe,25.0,NBO-0122,-1.207446,36.790624,semi_permanent,3745000.00,0.0,0.0,0.0,1.0,0.00,True,"generated for hackathon starter kit, not a real portfolio",0.00,Kitisuru,4260.8,False
severe,25.0,NBO-0123,-1.275351,36.872473,informal_iron_sheet,720000.00,0.3789241909980774,0.5683862864971161,0.4210317718982697,1.0,303142.88,True,"generated for hackathon starter kit, not a real portfolio",295942.88,Kiambiu,1268.1,True
severe,25.0,NBO-0124,-1.181446,36.767437,informal_iron_sheet,930000.00,0.0,0.0,0.0,1.0,0.00,True,"generated for hackathon starter kit, not a real portfolio",0.00,Kitisuru,6565.2,False
severe,25.0,NBO-0125,-1.183533,36.792047,informal_iron_sheet,900000.00,0.0,0.0,0.0,1.0,0.00,True,"generated for hackathon starter kit, not a real portfolio",0.00,Kitisuru,6739.0,False
severe,25.0,NBO-0126,-1.210898,36.776869,informal_iron_sheet,925000.00,0.0,0.0,0.0,1.0,0.00,True,"generated for hackathon starter kit, not a real portfolio",0.00,Kitisuru,3341.8,False
severe,25.0,NBO-0127,-1.290697,36.873831,semi_permanent,3180000.00,0.0,0.0,0.0,1.0,0.00,True,"generated for hackathon starter kit, not a real portfolio",0.00,Kiambiu,1489.6,True
severe,25.0,NBO-0128,-1.321205,36.719321,informal_iron_sheet,910000.00,0.0,0.0,0.0,1.0,0.00,True,"generated for hackathon starter kit, not a real portfolio",0.00,Kawangware,5958.1,False
severe,25.0,NBO-0129,-1.316017,36.795227,informal_iron_sheet,1550000.00,0.0,0.0,0.0,1.0,0.00,True,"generated for hackathon starter kit, not a real portfolio",0.00,Lang'ata,669.0,True
severe,25.0,NBO-0130,-1.194198,36.949316,concrete_rcc,958965000.00,0.015992386266589165,0.023988579399883747,0.008119211489191421,1.0,7786039.65,True,"generated for hackathon starter kit, not a real portfolio",0.00,Mwiki,4644.0,False
severe,25.0,NBO-0131,-1.340893,36.860238,permanent_masonry,83420000.00,0.0,0.0,0.0,1.0,0.00,True,"generated for hackathon starter kit, not a real portfolio",0.00,Fedha,5094.4,False
severe,25.0,NBO-0132,-1.27855,36.818788,semi_permanent,5665000.00,0.0,0.0,0.0,1.0,0.00,True,"generated for hackathon starter kit, not a real portfolio",0.00,Chiromo,1624.1,True
severe,25.0,NBO-0133,-1.207541,36.772299,permanent_masonry,25915000.00,0.0,0.0,0.0,1.0,0.00,True,"generated for hackathon starter kit, not a real portfolio",0.00,Kitisuru,3654.1,False
severe,25.0,NBO-0134,-1.313321,36.705669,permanent_masonry,53635000.00,0.0,0.0,0.0,1.0,0.00,True,"generated for hackathon starter kit, not a real portfolio",0.00,Kawangware,6414.3,False
severe,25.0,NBO-0135,-1.328732,36.927373,semi_permanent,4760000.00,0.0,0.0,0.0,1.0,0.00,True,"generated for hackathon starter kit, not a real portfolio",0.00,Fedha,3523.5,False
severe,25.0,NBO-0136,-1.308288,36.930201,informal_iron_sheet,1520000.00,0.0,0.0,0.0,1.0,0.00,True,"generated for hackathon starter kit, not a real portfolio",0.00,Tassia,3515.3,False
severe,25.0,NBO-0137,-1.229656,36.944629,semi_permanent,3300000.00,0.013227335177361965,0.019841002766042948,0.01164005495607853,1.0,38412.18,True,"generated for hackathon starter kit, not a real portfolio",5412.18,Mwiki,1309.2,True
severe,25.0,NBO-0138,-1.243781,36.81987,semi_permanent,4115000.00,0.0,0.0,0.0,1.0,0.00,True,"generated for hackathon starter kit, not a real portfolio",0.00,Parklands,2377.3,False
severe,25.0,NBO-0139,-1.33467,36.848323,permanent_masonry,67680000.00,0.0,0.0,0.0,1.0,0.00,True,"generated for hackathon starter kit, not a real portfolio",0.00,Nairobi West,4025.1,False
severe,25.0,NBO-0140,-1.324226,36.772249,permanent_masonry,49900000.00,0.0,0.0,0.0,1.0,0.00,True,"generated for hackathon starter kit, not a real portfolio",0.00,Lang'ata,2055.9,False
severe,25.0,NBO-0141,-1.249756,36.907099,permanent_masonry,46335000.00,0.17207632958889008,0.2581144943833351,0.11357037752866746,1.0,5262283.44,True,"generated for hackathon starter kit, not a real portfolio",4798933.44,Dandora,550.8,True
severe,25.0,NBO-0142,-1.257697,36.845664,semi_permanent,4885000.00,0.0,0.0,0.0,1.0,0.00,True,"generated for hackathon starter kit, not a real portfolio",0.00,Mathare,2847.2,False
severe,25.0,NBO-0143,-1.227186,36.774168,informal_iron_sheet,1100000.00,0.0,0.0,0.0,1.0,0.00,True,"generated for hackathon starter kit, not a real portfolio",0.00,Kitisuru,1507.9,True
severe,25.0,NBO-0144,-1.310914,36.773765,concrete_rcc,760755000.00,0.0,0.0,0.0,1.0,0.00,True,"generated for hackathon starter kit, not a real portfolio",0.00,Kibera,1694.3,True
severe,25.0,NBO-0145,-1.25898,36.789057,semi_permanent,3425000.00,0.0,0.0,0.0,1.0,0.00,True,"generated for hackathon starter kit, not a real portfolio",0.00,Westlands,1423.7,True
severe,25.0,NBO-0146,-1.209838,36.867674,concrete_rcc,266365000.00,0.0,0.0,0.0,1.0,0.00,True,"generated for hackathon starter kit, not a real portfolio",0.00,Mathare,5416.3,False
severe,25.0,NBO-0147,-1.186506,36.892392,informal_iron_sheet,2210000.00,0.0,0.0,0.0,1.0,0.00,True,"generated for hackathon starter kit, not a real portfolio",0.00,Dandora,6670.0,False
severe,25.0,NBO-0148,-1.221177,36.725933,informal_iron_sheet,925000.00,0.0,0.0,0.0,1.0,0.00,True,"generated for hackathon starter kit, not a real portfolio",0.00,Kitisuru,5449.1,False
severe,25.0,NBO-0149,-1.201048,36.932221,permanent_masonry,43470000.00,0.5592474341392517,0.8388711512088776,0.32843876838684083,1.0,14277233.26,True,"generated for hackathon starter kit, not a real portfolio",13842533.26,Mwiki,3527.8,False
severe,25.0,NBO-0150,-1.315498,36.888282,informal_iron_sheet,635000.00,0.0,0.0,0.0,1.0,0.00,True,"generated for hackathon starter kit, not a real portfolio",0.00,Fedha,1135.5,True
severe,25.0,NBO-0151,-1.26734,36.901219,concrete_rcc,1108710000.00,0.0,0.0,0.0,1.0,0.00,True,"generated for hackathon starter kit, not a real portfolio",0.00,Komarock,935.1,True
severe,25.0,NBO-0152,-1.184332,36.749384,informal_iron_sheet,1110000.00,0.0,0.0,0.0,1.0,0.00,True,"generated for hackathon starter kit, not a real portfolio",0.00,Kitisuru,6680.6,False
severe,25.0,NBO-0153,-1.245369,36.735718,permanent_masonry,64995000.00,0.0,0.0,0.0,1.0,0.00,True,"generated for hackathon starter kit, not a real portfolio",0.00,Kangemi,3119.8,False
severe,25.0,NBO-0154,-1.324387,36.883553,permanent_masonry,40495000.00,0.0,0.0,0.0,1.0,0.00,True,"generated for hackathon starter kit, not a real portfolio",0.00,Fedha,1923.2,True
severe,25.0,NBO-0155,-1.284631,36.934741,permanent_masonry,72965000.00,0.0,0.0,0.0,1.0,0.00,True,"generated for hackathon starter kit, not a real portfolio",0.00,Kayole,2622.4,False
severe,25.0,NBO-0156,-1.31803,36.786682,semi_permanent,4130000.00,0.0,0.0,0.0,1.0,0.00,True,"generated for hackathon starter kit, not a real portfolio",0.00,Lang'ata,380.4,True
severe,25.0,NBO-0157,-1.209491,36.725,permanent_masonry,36455000.00,0.0,0.0,0.0,1.0,0.00,True,"generated for hackathon starter kit, not a real portfolio",0.00,Kitisuru,6162.9,False
severe,25.0,NBO-0158,-1.323821,36.781637,concrete_rcc,376910000.00,0.0,0.0,0.0,1.0,0.00,True,"generated for hackathon starter kit, not a real portfolio",0.00,Lang'ata,1073.3,True
severe,25.0,NBO-0159,-1.2755,36.909436,concrete_rcc,523215000.00,0.0,0.0,0.0,1.0,0.00,True,"generated for hackathon starter kit, not a real portfolio",0.00,Komarock,368.4,True
severe,25.0,NBO-0160,-1.267116,36.905938,semi_permanent,5905000.00,0.0,0.0,0.0,1.0,0.00,True,"generated for hackathon starter kit, not a real portfolio",0.00,Komarock,647.6,True
severe,25.0,NBO-0161,-1.264529,36.758589,informal_iron_sheet,1240000.00,0.0,0.0,0.0,1.0,0.00,True,"generated for hackathon starter kit, not a real portfolio",0.00,Kangemi,799.3,True
severe,25.0,NBO-0162,-1.207852,36.738724,permanent_masonry,33235000.00,0.0,0.0,0.0,1.0,0.00,True,"generated for hackathon starter kit, not a real portfolio",0.00,Kitisuru,5097.0,False
severe,25.0,NBO-0163,-1.342246,36.823872,informal_iron_sheet,900000.00,0.0,0.0,0.0,1.0,0.00,True,"generated for hackathon starter kit, not a real portfolio",0.00,Nairobi West,3730.9,False
severe,25.0,NBO-0164,-1.318571,36.780133,semi_permanent,4000000.00,0.0,0.0,0.0,1.0,0.00,True,"generated for hackathon starter kit, not a real portfolio",0.00,Lang'ata,1095.1,True
severe,25.0,NBO-0165,-1.315888,36.912665,informal_iron_sheet,1320000.00,0.0,0.0,0.0,1.0,0.00,True,"generated for hackathon starter kit, not a real portfolio",0.00,Fedha,1575.4,True
severe,25.0,NBO-0166,-1.273681,36.816244,informal_iron_sheet,630000.00,0.0,0.0,0.0,1.0,0.00,True,"generated for hackathon starter kit, not a real portfolio",0.00,Chiromo,1140.9,True
severe,25.0,NBO-0167,-1.194379,36.756692,informal_iron_sheet,1245000.00,0.0,0.0,0.0,1.0,0.00,True,"generated for hackathon starter kit, not a real portfolio",0.00,Kitisuru,5357.5,False
severe,25.0,NBO-0168,-1.226041,36.807618,permanent_masonry,56855000.00,0.0,0.0,0.0,1.0,0.00,True,"generated for hackathon starter kit, not a real portfolio",0.00,Westlands,3305.3,False
severe,25.0,NBO-0169,-1.274509,36.755653,semi_permanent,3735000.00,0.0,0.0,0.0,1.0,0.00,True,"generated for hackathon starter kit, not a real portfolio",0.00,Kawangware,626.1,True
severe,25.0,NBO-0170,-1.292702,36.875973,informal_iron_sheet,1245000.00,0.0,0.0,0.0,1.0,0.00,True,"generated for hackathon starter kit, not a real portfolio",0.00,Donholm,1588.8,True
severe,25.0,NBO-0171,-1.212602,36.943006,permanent_masonry,136925000.00,0.0,0.0,0.0,1.0,0.00,True,"generated for hackathon starter kit, not a real portfolio",0.00,Mwiki,2488.9,False
severe,25.0,NBO-0172,-1.240316,36.852111,permanent_masonry,93240000.00,0.0,0.0,0.0,1.0,0.00,True,"generated for hackathon starter kit, not a real portfolio",0.00,Mathare,2929.9,False
severe,25.0,NBO-0173,-1.230335,36.759392,permanent_masonry,53255000.00,0.0,0.0,0.0,1.0,0.00,True,"generated for hackathon starter kit, not a real portfolio",0.00,Kitisuru,1709.1,True
severe,25.0,NBO-0174,-1.198222,36.903014,semi_permanent,4610000.00,0.0,0.0,0.0,1.0,0.00,True,"generated for hackathon starter kit, not a real portfolio",0.00,Mwiki,5104.8,False
severe,25.0,NBO-0175,-1.341161,36.791211,concrete_rcc,457070000.00,0.0,0.0,0.0,1.0,0.00,True,"generated for hackathon starter kit, not a real portfolio",0.00,Lang'ata,2472.8,False
severe,25.0,NBO-0176,-1.212321,36.722038,informal_iron_sheet,1370000.00,0.0,0.0,0.0,1.0,0.00,True,"generated for hackathon starter kit, not a real portfolio",0.00,Kitisuru,6276.7,False
severe,25.0,NBO-0177,-1.182082,36.738428,permanent_masonry,102100000.00,0.0,0.0,0.0,1.0,0.00,True,"generated for hackathon starter kit, not a real portfolio",0.00,Kitisuru,7426.7,False
severe,25.0,NBO-0178,-1.265205,36.79272,permanent_masonry,19485000.00,0.0,0.0,0.0,1.0,0.00,True,"generated for hackathon starter kit, not a real portfolio",0.00,Kileleshwa,1389.4,True
severe,25.0,NBO-0179,-1.337228,36.908714,semi_permanent,4500000.00,0.0,0.0,0.0,1.0,0.00,True,"generated for hackathon starter kit, not a real portfolio",0.00,Fedha,2652.7,False
severe,25.0,NBO-0180,-1.333631,36.756666,semi_permanent,5520000.00,0.0,0.0,0.0,1.0,0.00,True,"generated for hackathon starter kit, not a real portfolio",0.00,Lang'ata,4046.5,False
severe,25.0,NBO-0181,-1.195501,36.89562,informal_iron_sheet,865000.00,0.0,0.0,0.0,1.0,0.00,True,"generated for hackathon starter kit, not a real portfolio",0.00,Dandora,5615.6,False
severe,25.0,NBO-0182,-1.319569,36.720591,informal_iron_sheet,1360000.00,0.0,0.0,0.0,1.0,0.00,True,"generated for hackathon starter kit, not a real portfolio",0.00,Kawangware,5727.8,False
severe,25.0,NBO-0183,-1.218746,36.909908,semi_permanent,4535000.00,0.0,0.0,0.0,1.0,0.00,True,"generated for hackathon starter kit, not a real portfolio",0.00,Dandora,2940.1,False
severe,25.0,NBO-0184,-1.221434,36.878747,permanent_masonry,36975000.00,0.0,0.0,0.0,1.0,0.00,True,"generated for hackathon starter kit, not a real portfolio",0.00,Dandora,4005.8,False
severe,25.0,NBO-0185,-1.28124,36.722067,semi_permanent,4485000.00,0.0,0.0,0.0,1.0,0.00,True,"generated for hackathon starter kit, not a real portfolio",0.00,Kawangware,3302.4,False
severe,25.0,NBO-0186,-1.311268,36.710595,concrete_rcc,993560000.00,0.0,0.0,0.0,1.0,0.00,True,"generated for hackathon starter kit, not a real portfolio",0.00,Kawangware,5842.0,False
severe,25.0,NBO-0187,-1.330025,36.762867,informal_iron_sheet,805000.00,0.0,0.0,0.0,1.0,0.00,True,"generated for hackathon starter kit, not a real portfolio",0.00,Lang'ata,3255.2,False
severe,25.0,NBO-0188,-1.301215,36.744807,semi_permanent,3595000.00,0.0,0.0,0.0,1.0,0.00,True,"generated for hackathon starter kit, not a real portfolio",0.00,Kawangware,2641.6,False
severe,25.0,NBO-0189,-1.241874,36.861843,informal_iron_sheet,900000.00,0.0,0.0,0.0,1.0,0.00,True,"generated for hackathon starter kit, not a real portfolio",0.00,Mathare,2116.6,False
severe,25.0,NBO-0190,-1.20887,36.81776,concrete_rcc,464040000.00,0.0,0.0,0.0,1.0,0.00,True,"generated for hackathon starter kit, not a real portfolio",0.00,Westlands,5471.8,False
severe,25.0,NBO-0191,-1.267964,36.843265,informal_iron_sheet,1045000.00,0.0,0.0,0.0,1.0,0.00,True,"generated for hackathon starter kit, not a real portfolio",0.00,Kiambiu,2747.3,False
severe,25.0,NBO-0192,-1.329844,36.771296,semi_permanent,4215000.00,0.0,0.0,0.0,1.0,0.00,True,"generated for hackathon starter kit, not a real portfolio",0.00,Lang'ata,2403.7,False
severe,25.0,NBO-0193,-1.210185,36.944592,permanent_masonry,88580000.00,0.0,0.0,0.0,1.0,0.00,True,"generated for hackathon starter kit, not a real portfolio",0.00,Mwiki,2808.0,False
severe,25.0,NBO-0194,-1.264517,36.725531,concrete_rcc,395825000.00,0.0,0.0,0.0,1.0,0.00,True,"generated for hackathon starter kit, not a real portfolio",0.00,Kangemi,3000.7,False
severe,25.0,NBO-0195,-1.27448,36.865735,concrete_rcc,1055700000.00,0.0,0.0,0.0,1.0,0.00,True,"generated for hackathon starter kit, not a real portfolio",0.00,Kiambiu,904.6,True
severe,25.0,NBO-0196,-1.224155,36.832879,semi_permanent,4445000.00,0.0,0.0,0.0,1.0,0.00,True,"generated for hackathon starter kit, not a real portfolio",0.00,Parklands,4983.4,False
severe,25.0,NBO-0197,-1.343618,36.947469,informal_iron_sheet,2575000.00,0.0,0.0,0.0,1.0,0.00,True,"generated for hackathon starter kit, not a real portfolio",0.00,Fedha,6268.7,False
severe,25.0,NBO-0198,-1.319233,36.938714,concrete_rcc,1029420000.00,0.0,0.0,0.0,1.0,0.00,True,"generated for hackathon starter kit, not a real portfolio",0.00,Fedha,4488.5,False
severe,25.0,NBO-0199,-1.344312,36.819906,permanent_masonry,32725000.00,0.0,0.0,0.0,1.0,0.00,True,"generated for hackathon starter kit, not a real portfolio",0.00,Nairobi West,3975.5,False
severe,25.0,NBO-0200,-1.306727,36.812002,concrete_rcc,789520000.00,0.0,0.0,0.0,1.0,0.00,True,"generated for hackathon starter kit, not a real portfolio",0.00,Madaraka,378.2,True
severe,25.0,NBO-0201,-1.270885,36.789166,informal_iron_sheet,1175000.00,0.0,0.0,0.0,1.0,0.00,True,"generated for hackathon starter kit, not a real portfolio",0.00,Kileleshwa,665.4,True
severe,25.0,NBO-0202,-1.318579,36.742962,permanent_masonry,31350000.00,0.0,0.0,0.0,1.0,0.00,True,"generated for hackathon starter kit, not a real portfolio",0.00,Kawangware,4563.9,False
severe,25.0,NBO-0203,-1.344032,36.870461,permanent_masonry,70840000.00,0.15022091567516327,0.2253313735127449,0.09914580434560775,1.0,7023488.78,True,"generated for hackathon starter kit, not a real portfolio",6315088.78,Fedha,4433.8,False
severe,25.0,NBO-0204,-1.336469,36.921711,concrete_rcc,563530000.00,0.0,0.0,0.0,1.0,0.00,True,"generated for hackathon starter kit, not a real portfolio",0.00,Fedha,3465.5,False
severe,25.0,NBO-0205,-1.289884,36.819049,semi_permanent,3240000.00,0.0,0.0,0.0,1.0,0.00,True,"generated for hackathon starter kit, not a real portfolio",0.00,Madaraka,1991.4,True
severe,25.0,NBO-0206,-1.274787,36.929401,semi_permanent,8345000.00,0.0,0.0,0.0,1.0,0.00,True,"generated for hackathon starter kit, not a real portfolio",0.00,Kayole,1429.9,True
severe,25.0,NBO-0207,-1.319881,36.761287,permanent_masonry,32605000.00,0.0,0.0,0.0,1.0,0.00,True,"generated for hackathon starter kit, not a real portfolio",0.00,Lang'ata,3190.9,False
severe,25.0,NBO-0208,-1.266865,36.76677,informal_iron_sheet,1980000.00,0.0,0.0,0.0,1.0,0.00,True,"generated for hackathon starter kit, not a real portfolio",0.00,Lavington,1321.6,True
severe,25.0,NBO-0209,-1.241941,36.938785,permanent_masonry,24420000.00,0.5596691370010376,0.8395037055015564,0.32864118576049806,1.0,8025417.76,True,"generated for hackathon starter kit, not a real portfolio",7781217.76,Mwiki,1191.2,True
severe,25.0,NBO-0210,-1.291279,36.929862,concrete_rcc,283520000.00,0.0,0.0,0.0,1.0,0.00,True,"generated for hackathon starter kit, not a real portfolio",0.00,Kayole,2967.0,False
severe,25.0,NBO-0211,-1.261427,36.828096,semi_permanent,2760000.00,0.0,0.0,0.0,1.0,0.00,True,"generated for hackathon starter kit, not a real portfolio",0.00,Parklands,1950.3,True
severe,25.0,NBO-0212,-1.317846,36.837696,semi_permanent,3325000.00,0.0,0.0,0.0,1.0,0.00,True,"generated for hackathon starter kit, not a real portfolio",0.00,Nairobi West,1915.1,True
severe,25.0,NBO-0213,-1.287925,36.788302,informal_iron_sheet,1440000.00,0.0,0.0,0.0,1.0,0.00,True,"generated for hackathon starter kit, not a real portfolio",0.00,Kileleshwa,1245.2,True
severe,25.0,NBO-0214,-1.285278,36.707129,informal_iron_sheet,695000.00,0.0,0.0,0.0,1.0,0.00,True,"generated for hackathon starter kit, not a real portfolio",0.00,Kawangware,5006.2,False
severe,25.0,NBO-0215,-1.235394,36.793707,informal_iron_sheet,925000.00,0.0,0.0,0.0,1.0,0.00,True,"generated for hackathon starter kit, not a real portfolio",0.00,Westlands,1500.8,True
severe,25.0,NBO-0216,-1.217864,36.946273,semi_permanent,4005000.00,0.008271347731351852,0.012407021597027779,0.00727878600358963,1.0,29151.54,True,"generated for hackathon starter kit, not a real portfolio",0.00,Mwiki,2198.4,False
severe,25.0,NBO-0217,-1.295741,36.827042,permanent_masonry,42040000.00,0.0,0.0,0.0,1.0,0.00,True,"generated for hackathon starter kit, not a real portfolio",0.00,Nairobi West,1506.5,True
severe,25.0,NBO-0218,-1.235727,36.901794,permanent_masonry,58185000.00,0.4413047730922699,0.6619571596384048,0.2718262910842896,1.0,15816212.75,True,"generated for hackathon starter kit, not a real portfolio",15234362.75,Dandora,1126.6,True
severe,25.0,NBO-0219,-1.307356,36.740224,informal_iron_sheet,1245000.00,0.0,0.0,0.0,1.0,0.00,True,"generated for hackathon starter kit, not a real portfolio",0.00,Kawangware,3454.4,False
severe,25.0,NBO-0220,-1.200512,36.883541,semi_permanent,3360000.00,0.0,0.0,0.0,1.0,0.00,True,"generated for hackathon starter kit, not a real portfolio",0.00,Dandora,5536.1,False
severe,25.0,NBO-0221,-1.328457,36.847573,concrete_rcc,1129100000.00,0.0,0.0,0.0,1.0,0.00,True,"generated for hackathon starter kit, not a real portfolio",0.00,Nairobi West,3496.9,False
severe,25.0,NBO-0222,-1.24835,36.946666,semi_permanent,6000000.00,0.4269290268421173,0.640393540263176,0.3332345771789551,1.0,1999407.46,True,"generated for hackathon starter kit, not a real portfolio",1939407.46,Mwiki,2285.8,False
severe,25.0,NBO-0223,-1.310199,36.777964,semi_permanent,2850000.00,0.0,0.0,0.0,1.0,0.00,True,"generated for hackathon starter kit, not a real portfolio",0.00,Kibera,1233.3,True
severe,25.0,NBO-0224,-1.295518,36.816631,concrete_rcc,1394785000.00,0.0,0.0,0.0,1.0,0.00,True,"generated for hackathon starter kit, not a real portfolio",0.00,Madaraka,1329.5,True
severe,25.0,NBO-0225,-1.285168,36.767894,permanent_masonry,49225000.00,0.0,0.0,0.0,1.0,0.00,True,"generated for hackathon starter kit, not a real portfolio",0.00,Lavington,1543.2,True
severe,25.0,NBO-0226,-1.317641,36.884345,semi_permanent,6855000.00,0.0,0.0,0.0,1.0,0.00,True,"generated for hackathon starter kit, not a real portfolio",0.00,Fedha,1588.2,True
severe,25.0,NBO-0227,-1.26086,36.717133,permanent_masonry,68610000.00,0.0,0.0,0.0,1.0,0.00,True,"generated for hackathon starter kit, not a real portfolio",0.00,Kangemi,3989.0,False
severe,25.0,NBO-0228,-1.197482,36.882829,semi_permanent,4865000.00,0.0,0.0,0.0,1.0,0.00,True,"generated for hackathon starter kit, not a real portfolio",0.00,Dandora,5873.0,False
severe,25.0,NBO-0229,-1.184356,36.908604,informal_iron_sheet,570000.00,0.0,0.0,0.0,1.0,0.00,True,"generated for hackathon starter kit, not a real portfolio",0.00,Mwiki,6040.2,False
severe,25.0,NBO-0230,-1.332177,36.762032,informal_iron_sheet,1055000.00,0.0,0.0,0.0,1.0,0.00,True,"generated for hackathon starter kit, not a real portfolio",0.00,Lang'ata,3436.7,False
severe,25.0,NBO-0231,-1.33616,36.789645,concrete_rcc,1455240000.00,0.0,0.0,0.0,1.0,0.00,True,"generated for hackathon starter kit, not a real portfolio",0.00,Lang'ata,1913.3,True
severe,25.0,NBO-0232,-1.284456,36.786377,informal_iron_sheet,680000.00,0.0,0.0,0.0,1.0,0.00,True,"generated for hackathon starter kit, not a real portfolio",0.00,Kileleshwa,875.2,True
severe,25.0,NBO-0233,-1.188452,36.919106,permanent_masonry,130825000.00,0.0,0.0,0.0,1.0,0.00,True,"generated for hackathon starter kit, not a real portfolio",0.00,Mwiki,5172.0,False
severe,25.0,NBO-0234,-1.226429,36.738966,semi_permanent,7695000.00,0.0,0.0,0.0,1.0,0.00,True,"generated for hackathon starter kit, not a real portfolio",0.00,Kitisuru,3887.4,False
severe,25.0,NBO-0235,-1.290382,36.928578,informal_iron_sheet,675000.00,0.0,0.0,0.0,1.0,0.00,True,"generated for hackathon starter kit, not a real portfolio",0.00,Kayole,2820.7,False
severe,25.0,NBO-0236,-1.187621,36.72315,semi_permanent,9120000.00,0.0,0.0,0.0,1.0,0.00,True,"generated for hackathon starter kit, not a real portfolio",0.00,Kitisuru,7921.3,False
severe,25.0,NBO-0237,-1.199153,36.70927,concrete_rcc,697740000.00,0.0,0.0,0.0,1.0,0.00,True,"generated for hackathon starter kit, not a real portfolio",0.00,Kitisuru,8255.5,False
severe,25.0,NBO-0238,-1.281576,36.902948,permanent_masonry,31835000.00,0.0,0.0,0.0,1.0,0.00,True,"generated for hackathon starter kit, not a real portfolio",0.00,Komarock,1125.8,True
severe,25.0,NBO-0239,-1.188579,36.716339,permanent_masonry,37440000.00,0.0,0.0,0.0,1.0,0.00,True,"generated for hackathon starter kit, not a real portfolio",0.00,Kitisuru,8375.1,False
severe,25.0,NBO-0240,-1.211563,36.84204,permanent_masonry,18665000.00,0.0,0.0,0.0,1.0,0.00,True,"generated for hackathon starter kit, not a real portfolio",0.00,Mathare,6139.8,False
severe,25.0,NBO-0241,-1.230749,36.829461,permanent_masonry,37825000.00,0.0,0.0,0.0,1.0,0.00,True,"generated for hackathon starter kit, not a real portfolio",0.00,Parklands,4158.4,False
severe,25.0,NBO-0242,-1.219856,36.921451,semi_permanent,5850000.00,0.15526516735553741,0.23289775103330612,0.13663334727287293,1.0,799305.08,True,"generated for hackathon starter kit, not a real portfolio",740805.08,Mwiki,1945.2,True
severe,25.0,NBO-0243,-1.190807,36.86859,semi_permanent,4500000.00,0.0,0.0,0.0,1.0,0.00,True,"generated for hackathon starter kit, not a real portfolio",0.00,Dandora,7318.5,False
severe,25.0,NBO-0244,-1.227495,36.945525,informal_iron_sheet,865000.00,0.32154473662376404,0.48231710493564606,0.36868294715881345,1.0,318910.75,True,"generated for hackathon starter kit, not a real portfolio",310260.75,Mwiki,1483.0,True
severe,25.0,NBO-0245,-1.236395,36.870383,informal_iron_sheet,1470000.00,0.0,0.0,0.0,1.0,0.00,True,"generated for hackathon starter kit, not a real portfolio",0.00,Mathare,2450.5,False
severe,25.0,NBO-0246,-1.271319,36.783572,semi_permanent,2350000.00,0.0,0.0,0.0,1.0,0.00,True,"generated for hackathon starter kit, not a real portfolio",0.00,Kileleshwa,770.8,True
severe,25.0,NBO-0247,-1.186897,36.934355,informal_iron_sheet,1930000.00,0.0,0.0,0.0,1.0,0.00,True,"generated for hackathon starter kit, not a real portfolio",0.00,Mwiki,5100.9,False
severe,25.0,NBO-0248,-1.303397,36.719771,permanent_masonry,67115000.00,0.0,0.0,0.0,1.0,0.00,True,"generated for hackathon starter kit, not a real portfolio",0.00,Kawangware,4498.9,False
severe,25.0,NBO-0249,-1.201491,36.870552,semi_permanent,2705000.00,0.0,0.0,0.0,1.0,0.00,True,"generated for hackathon starter kit, not a real portfolio",0.00,Dandora,6237.6,False
severe,25.0,NBO-0250,-1.309464,36.727057,concrete_rcc,346390000.00,0.0,0.0,0.0,1.0,0.00,True,"generated for hackathon starter kit, not a real portfolio",0.00,Kawangware,4399.2,False
severe,25.0,NBO-0251,-1.310908,36.74482,semi_permanent,3695000.00,0.0,0.0,0.0,1.0,0.00,True,"generated for hackathon starter kit, not a real portfolio",0.00,Kawangware,3686.6,False
severe,25.0,NBO-0252,-1.311595,36.796579,permanent_masonry,36755000.00,0.0,0.0,0.0,1.0,0.00,True,"generated for hackathon starter kit, not a real portfolio",0.00,Kibera,843.0,True
severe,25.0,NBO-0253,-1.197507,36.82492,semi_permanent,5710000.00,0.0,0.0,0.0,1.0,0.00,True,"generated for hackathon starter kit, not a real portfolio",0.00,Westlands,6954.1,False
severe,25.0,NBO-0254,-1.225363,36.713396,informal_iron_sheet,1930000.00,0.0,0.0,0.0,1.0,0.00,True,"generated for hackathon starter kit, not a real portfolio",0.00,Kangemi,6417.7,False
severe,25.0,NBO-0255,-1.306528,36.801425,permanent_masonry,59540000.00,0.0,0.0,0.0,1.0,0.00,True,"generated for hackathon starter kit, not a real portfolio",0.00,Kibera,1481.0,True
severe,25.0,NBO-0256,-1.32265,36.834249,semi_permanent,3650000.00,0.0,0.0,0.0,1.0,0.00,True,"generated for hackathon starter kit, not a real portfolio",0.00,Nairobi West,1985.5,True
severe,25.0,NBO-0257,-1.23058,36.769731,concrete_rcc,1181605000.00,0.0,0.0,0.0,1.0,0.00,True,"generated for hackathon starter kit, not a real portfolio",0.00,Kitisuru,1099.1,True
severe,25.0,NBO-0258,-1.325808,36.801523,permanent_masonry,36655000.00,0.0,0.0,0.0,1.0,0.00,True,"generated for hackathon starter kit, not a real portfolio",0.00,Lang'ata,1492.6,True
severe,25.0,NBO-0259,-1.194012,36.894882,permanent_masonry,30340000.00,0.13147754967212677,0.19721632450819016,0.08677518278360367,1.0,2632759.05,True,"generated for hackathon starter kit, not a real portfolio",2329359.05,Dandora,5794.7,False
severe,25.0,NBO-0260,-1.328899,36.747618,semi_permanent,10010000.00,0.0,0.0,0.0,1.0,0.00,True,"generated for hackathon starter kit, not a real portfolio",0.00,Lang'ata,4836.8,False
severe,25.0,NBO-0261,-1.23631,36.777251,concrete_rcc,823910000.00,0.0,0.0,0.0,1.0,0.00,True,"generated for hackathon starter kit, not a real portfolio",0.00,Kitisuru,826.4,True
severe,25.0,NBO-0262,-1.313656,36.769023,informal_iron_sheet,495000.00,0.0,0.0,0.0,1.0,0.00,True,"generated for hackathon starter kit, not a real portfolio",0.00,Kibera,2235.7,False
severe,25.0,NBO-0263,-1.240543,36.762234,semi_permanent,3240000.00,0.0,0.0,0.0,1.0,0.00,True,"generated for hackathon starter kit, not a real portfolio",0.00,Kitisuru,978.0,True
severe,25.0,NBO-0264,-1.194188,36.709318,concrete_rcc,850565000.00,0.0,0.0,0.0,1.0,0.00,True,"generated for hackathon starter kit, not a real portfolio",0.00,Kitisuru,8570.1,False
severe,25.0,NBO-0265,-1.20795,36.939186,informal_iron_sheet,1650000.00,0.0,0.0,0.0,1.0,0.00,True,"generated for hackathon starter kit, not a real portfolio",0.00,Mwiki,2835.8,False
severe,25.0,NBO-0266,-1.245469,36.827153,semi_permanent,3960000.00,0.0,0.0,0.0,1.0,0.00,True,"generated for hackathon starter kit, not a real portfolio",0.00,Parklands,2683.5,False
severe,25.0,NBO-0267,-1.265873,36.781748,permanent_masonry,28335000.00,0.0,0.0,0.0,1.0,0.00,True,"generated for hackathon starter kit, not a real portfolio",0.00,Lavington,1098.7,True
severe,25.0,NBO-0268,-1.277204,36.92012,informal_iron_sheet,875000.00,0.30338555574417114,0.4550783336162567,0.35125013351440426,1.0,307343.87,True,"generated for hackathon starter kit, not a real portfolio",298593.87,Kayole,1165.8,True
severe,25.0,NBO-0269,-1.230379,36.705483,semi_permanent,3310000.00,0.0,0.0,0.0,1.0,0.00,True,"generated for hackathon starter kit, not a real portfolio",0.00,Kangemi,6677.6,False
severe,25.0,NBO-0270,-1.22036,36.726497,permanent_masonry,106590000.00,0.0,0.0,0.0,1.0,0.00,True,"generated for hackathon starter kit, not a real portfolio",0.00,Kitisuru,5428.1,False
severe,25.0,NBO-0271,-1.238975,36.704695,semi_permanent,3125000.00,0.0,0.0,0.0,1.0,0.00,True,"generated for hackathon starter kit, not a real portfolio",0.00,Kangemi,6198.8,False
severe,25.0,NBO-0272,-1.268976,36.707647,permanent_masonry,84745000.00,0.0,0.0,0.0,1.0,0.00,True,"generated for hackathon starter kit, not a real portfolio",0.00,Kangemi,4964.8,False
severe,25.0,NBO-0273,-1.224272,36.70066,semi_permanent,3775000.00,0.0,0.0,0.0,1.0,0.00,True,"generated for hackathon starter kit, not a real portfolio",0.00,Kangemi,7523.4,False
severe,25.0,NBO-0274,-1.290944,36.852137,permanent_masonry,38080000.00,0.0,0.0,0.0,1.0,0.00,True,"generated for hackathon starter kit, not a real portfolio",0.00,Kiambiu,1581.0,True
severe,25.0,NBO-0275,-1.305913,36.879391,semi_permanent,4445000.00,0.0,0.0,0.0,1.0,0.00,True,"generated for hackathon starter kit, not a real portfolio",0.00,Donholm,1273.3,True
severe,25.0,NBO-0276,-1.341675,36.788527,informal_iron_sheet,2025000.00,0.0,0.0,0.0,1.0,0.00,True,"generated for hackathon starter kit, not a real portfolio",0.00,Lang'ata,2531.3,False
severe,25.0,NBO-0277,-1.316557,36.932,semi_permanent,3990000.00,0.0,0.0,0.0,1.0,0.00,True,"generated for hackathon starter kit, not a real portfolio",0.00,Fedha,3725.9,False
severe,25.0,NBO-0278,-1.184995,36.888914,semi_permanent,3950000.00,0.0,0.0,0.0,1.0,0.00,True,"generated for hackathon starter kit, not a real portfolio",0.00,Dandora,6930.0,False
severe,25.0,NBO-0279,-1.242356,36.946982,semi_permanent,3240000.00,0.2850036025047302,0.42750540375709534,0.24240230560302733,1.0,785383.47,True,"generated for hackathon starter kit, not a real portfolio",752983.47,Mwiki,1861.1,True
severe,25.0,NBO-0280,-1.286231,36.892072,concrete_rcc,609445000.00,0.0,0.0,0.0,1.0,0.00,True,"generated for hackathon starter kit, not a real portfolio",0.00,Donholm,1493.1,True
severe,25.0,NBO-0281,-1.187574,36.830611,permanent_masonry,24840000.00,0.0,0.0,0.0,1.0,0.00,True,"generated for hackathon starter kit, not a real portfolio",0.00,Westlands,8215.0,False
severe,25.0,NBO-0282,-1.338431,36.714023,permanent_masonry,46565000.00,0.0,0.0,0.0,1.0,0.00,True,"generated for hackathon starter kit, not a real portfolio",0.00,Kawangware,7871.1,False
severe,25.0,NBO-0283,-1.295195,36.729934,informal_iron_sheet,850000.00,0.0,0.0,0.0,1.0,0.00,True,"generated for hackathon starter kit, not a real portfolio",0.00,Kawangware,3047.2,False
severe,25.0,NBO-0284,-1.27871,36.781699,semi_permanent,11015000.00,0.0,0.0,0.0,1.0,0.00,True,"generated for hackathon starter kit, not a real portfolio",0.00,Kileleshwa,723.6,True
severe,25.0,NBO-0285,-1.308304,36.733992,semi_permanent,3770000.00,0.0,0.0,0.0,1.0,0.00,True,"generated for hackathon starter kit, not a real portfolio",0.00,Kawangware,3854.9,False
severe,25.0,NBO-0286,-1.211654,36.859362,permanent_masonry,27450000.00,0.0,0.0,0.0,1.0,0.00,True,"generated for hackathon starter kit, not a real portfolio",0.00,Mathare,5365.3,False
severe,25.0,NBO-0287,-1.305027,36.717376,informal_iron_sheet,700000.00,0.0,0.0,0.0,1.0,0.00,True,"generated for hackathon starter kit, not a real portfolio",0.00,Kawangware,4820.4,False
severe,25.0,NBO-0288,-1.267276,36.835611,semi_permanent,5600000.00,0.0,0.0,0.0,1.0,0.00,True,"generated for hackathon starter kit, not a real portfolio",0.00,Parklands,2816.5,False
severe,25.0,NBO-0289,-1.185153,36.790811,semi_permanent,3625000.00,0.0,0.0,0.0,1.0,0.00,True,"generated for hackathon starter kit, not a real portfolio",0.00,Kitisuru,6522.7,False
severe,25.0,NBO-0290,-1.266469,36.795974,semi_permanent,3005000.00,0.0,0.0,0.0,1.0,0.00,True,"generated for hackathon starter kit, not a real portfolio",0.00,Chiromo,1254.9,True
severe,25.0,NBO-0291,-1.309713,36.71976,permanent_masonry,25425000.00,0.0,0.0,0.0,1.0,0.00,True,"generated for hackathon starter kit, not a real portfolio",0.00,Kawangware,4963.5,False
severe,25.0,NBO-0292,-1.248732,36.879753,informal_iron_sheet,865000.00,0.23580597341060638,0.3537089601159096,0.28637373447418213,1.0,247713.28,True,"generated for hackathon starter kit, not a real portfolio",239063.28,Kariobangi,1177.0,True
severe,25.0,NBO-0293,-1.204167,36.891005,semi_permanent,2185000.00,0.4883715510368347,0.7325573265552521,0.37255779266357425,1.0,814038.78,True,"generated for hackathon starter kit, not a real portfolio",792188.78,Dandora,4830.3,False
severe,25.0,NBO-0294,-1.28955,36.779763,informal_iron_sheet,715000.00,0.0,0.0,0.0,1.0,0.00,True,"generated for hackathon starter kit, not a real portfolio",0.00,Kileleshwa,1688.0,True
severe,25.0,NBO-0295,-1.33716,36.794091,permanent_masonry,62920000.00,0.0,0.0,0.0,1.0,0.00,True,"generated for hackathon starter kit, not a real portfolio",0.00,Lang'ata,2075.1,False
severe,25.0,NBO-0296,-1.278423,36.873103,informal_iron_sheet,1230000.00,0.0,0.0,0.0,1.0,0.00,True,"generated for hackathon starter kit, not a real portfolio",0.00,Kiambiu,1159.6,True
severe,25.0,NBO-0297,-1.213308,36.732977,semi_permanent,4370000.00,0.0,0.0,0.0,1.0,0.00,True,"generated for hackathon starter kit, not a real portfolio",0.00,Kitisuru,5192.0,False
severe,25.0,NBO-0298,-1.323806,36.853642,semi_permanent,2400000.00,0.0,0.0,0.0,1.0,0.00,True,"generated for hackathon starter kit, not a real portfolio",0.00,Nairobi West,3788.1,False
severe,25.0,NBO-0299,-1.298429,36.785526,semi_permanent,2280000.00,0.0,0.0,0.0,1.0,0.00,True,"generated for hackathon starter kit, not a real portfolio",0.00,Kibera,1485.9,True
severe,25.0,NBO-0300,-1.316479,36.875112,permanent_masonry,48805000.00,0.0,0.0,0.0,1.0,0.00,True,"generated for hackathon starter kit, not a real portfolio",0.00,Donholm,2441.0,False
severe,25.0,NBO-0301,-1.196509,36.858876,permanent_masonry,95790000.00,0.0,0.0,0.0,1.0,0.00,True,"generated for hackathon starter kit, not a real portfolio",0.00,Mathare,7020.1,False
severe,25.0,NBO-0302,-1.207697,36.777948,semi_permanent,4830000.00,0.0,0.0,0.0,1.0,0.00,True,"generated for hackathon starter kit, not a real portfolio",0.00,Kitisuru,3714.5,False
severe,25.0,NBO-0303,-1.326648,36.769993,concrete_rcc,305250000.00,0.0,0.0,0.0,1.0,0.00,True,"generated for hackathon starter kit, not a real portfolio",0.00,Lang'ata,2380.4,False
severe,25.0,NBO-0304,-1.32852,36.797975,permanent_masonry,58110000.00,0.0,0.0,0.0,1.0,0.00,True,"generated for hackathon starter kit, not a real portfolio",0.00,Lang'ata,1386.1,True
severe,25.0,NBO-0305,-1.310833,36.773989,concrete_rcc,838115000.00,0.0,0.0,0.0,1.0,0.00,True,"generated for hackathon starter kit, not a real portfolio",0.00,Kibera,1669.7,True
severe,25.0,NBO-0306,-1.220163,36.889739,permanent_masonry,67155000.00,0.0,0.0,0.0,1.0,0.00,True,"generated for hackathon starter kit, not a real portfolio",0.00,Dandora,3297.2,False
severe,25.0,NBO-0307,-1.335209,36.897649,informal_iron_sheet,960000.00,0.0,0.0,0.0,1.0,0.00,True,"generated for hackathon starter kit, not a real portfolio",0.00,Fedha,2174.7,False
severe,25.0,NBO-0308,-1.253911,36.823871,permanent_masonry,56055000.00,0.3219762444496155,0.4829643666744232,0.2125043213367462,1.0,11911929.73,True,"generated for hackathon starter kit, not a real portfolio",11351379.73,Parklands,1789.5,True
severe,25.0,NBO-0309,-1.230274,36.759232,semi_permanent,6120000.00,0.0,0.0,0.0,1.0,0.00,True,"generated for hackathon starter kit, not a real portfolio",0.00,Kitisuru,1727.0,True
severe,25.0,NBO-0310,-1.193935,36.823109,permanent_masonry,37675000.00,0.0,0.0,0.0,1.0,0.00,True,"generated for hackathon starter kit, not a real portfolio",0.00,Westlands,7151.9,False
severe,25.0,NBO-0311,-1.185447,36.889115,concrete_rcc,743690000.00,0.0,0.0,0.0,1.0,0.00,True,"generated for hackathon starter kit, not a real portfolio",0.00,Dandora,6875.5,False
severe,25.0,NBO-0312,-1.27629,36.836385,semi_permanent,3975000.00,0.0,0.0,0.0,1.0,0.00,True,"generated for hackathon starter kit, not a real portfolio",0.00,Kiambiu,3077.2,False
severe,25.0,NBO-0313,-1.204866,36.703881,permanent_masonry,49505000.00,0.0,0.0,0.0,1.0,0.00,True,"generated for hackathon starter kit, not a real portfolio",0.00,Kitisuru,8445.0,False
severe,25.0,NBO-0314,-1.182174,36.721902,permanent_masonry,114670000.00,0.0,0.0,0.0,1.0,0.00,True,"generated for hackathon starter kit, not a real portfolio",0.00,Kitisuru,8468.6,False
severe,25.0,NBO-0315,-1.181293,36.796118,semi_permanent,3770000.00,0.0,0.0,0.0,1.0,0.00,True,"generated for hackathon starter kit, not a real portfolio",0.00,Kitisuru,7137.5,False
severe,25.0,NBO-0316,-1.206311,36.910658,concrete_rcc,522650000.00,0.48219916224479675,0.7232987433671951,0.2380427675980788,1.0,124413052.49,True,"generated for hackathon starter kit, not a real portfolio",119186552.49,Mwiki,3868.5,False
severe,25.0,NBO-0317,-1.245344,36.806905,informal_iron_sheet,2150000.00,0.0,0.0,0.0,1.0,0.00,True,"generated for hackathon starter kit, not a real portfolio",0.00,Parklands,2013.1,False
severe,25.0,NBO-0318,-1.332425,36.855886,informal_iron_sheet,1335000.00,0.0,0.0,0.0,1.0,0.00,True,"generated for hackathon starter kit, not a real portfolio",0.00,Nairobi West,4499.3,False
severe,25.0,NBO-0319,-1.256119,36.841093,semi_permanent,6610000.00,0.0,0.0,0.0,1.0,0.00,True,"generated for hackathon starter kit, not a real portfolio",0.00,Mathare,3363.9,False
severe,25.0,NBO-0320,-1.348242,36.720226,semi_permanent,4105000.00,0.0,0.0,0.0,1.0,0.00,True,"generated for hackathon starter kit, not a real portfolio",0.00,Lang'ata,8409.8,False
severe,25.0,NBO-0321,-1.214463,36.819394,semi_permanent,3110000.00,0.0,0.0,0.0,1.0,0.00,True,"generated for hackathon starter kit, not a real portfolio",0.00,Westlands,5141.2,False
severe,25.0,NBO-0322,-1.317859,36.80791,concrete_rcc,394920000.00,0.0,0.0,0.0,1.0,0.00,True,"generated for hackathon starter kit, not a real portfolio",0.00,Madaraka,1425.8,True
severe,25.0,NBO-0323,-1.269099,36.814491,permanent_masonry,36045000.00,0.0,0.0,0.0,1.0,0.00,True,"generated for hackathon starter kit, not a real portfolio",0.00,Parklands,796.9,True
severe,25.0,NBO-0324,-1.327675,36.927681,concrete_rcc,310620000.00,0.0,0.0,0.0,1.0,0.00,True,"generated for hackathon starter kit, not a real portfolio",0.00,Fedha,3508.4,False
severe,25.0,NBO-0325,-1.213059,36.774836,concrete_rcc,1116695000.00,0.0,0.0,0.0,1.0,0.00,True,"generated for hackathon starter kit, not a real portfolio",0.00,Kitisuru,3067.1,False
severe,25.0,NBO-0326,-1.274304,36.944364,permanent_masonry,66125000.00,0.06383437663316727,0.0957515649497509,0.042130688577890395,1.0,2785891.78,True,"generated for hackathon starter kit, not a real portfolio",2124641.78,Kayole,2903.6,False
severe,25.0,NBO-0327,-1.285088,36.818006,informal_iron_sheet,1080000.00,0.0,0.0,0.0,1.0,0.00,True,"generated for hackathon starter kit, not a real portfolio",0.00,Chiromo,2045.0,False
severe,25.0,NBO-0328,-1.341179,36.819429,semi_permanent,5435000.00,0.0,0.0,0.0,1.0,0.00,True,"generated for hackathon starter kit, not a real portfolio",0.00,Nairobi West,3634.2,False
severe,25.0,NBO-0329,-1.231313,36.878088,permanent_masonry,23595000.00,0.0,0.0,0.0,1.0,0.00,True,"generated for hackathon starter kit, not a real portfolio",0.00,Mathare,3107.6,False
severe,25.0,NBO-0330,-1.344911,36.819275,permanent_masonry,56410000.00,0.0,0.0,0.0,1.0,0.00,True,"generated for hackathon starter kit, not a real portfolio",0.00,Nairobi West,4048.6,False
severe,25.0,NBO-0331,-1.299253,36.714793,semi_permanent,3410000.00,0.0,0.0,0.0,1.0,0.00,True,"generated for hackathon starter kit, not a real portfolio",0.00,Kawangware,4703.8,False
severe,25.0,NBO-0332,-1.210051,36.840545,informal_iron_sheet,975000.00,0.0,0.0,0.0,1.0,0.00,True,"generated for hackathon starter kit, not a real portfolio",0.00,Mathare,6370.6,False
severe,25.0,NBO-0333,-1.271368,36.72167,informal_iron_sheet,1585000.00,0.0,0.0,0.0,1.0,0.00,True,"generated for hackathon starter kit, not a real portfolio",0.00,Kawangware,3424.2,False
severe,25.0,NBO-0334,-1.300269,36.932332,semi_permanent,3980000.00,0.0,0.0,0.0,1.0,0.00,True,"generated for hackathon starter kit, not a real portfolio",0.00,Tassia,3824.5,False
severe,25.0,NBO-0335,-1.204821,36.777835,concrete_rcc,499980000.00,0.0,0.0,0.0,1.0,0.00,True,"generated for hackathon starter kit, not a real portfolio",0.00,Kitisuru,4025.6,False
severe,25.0,NBO-0336,-1.31156,36.933433,concrete_rcc,425295000.00,0.0,0.0,0.0,1.0,0.00,True,"generated for hackathon starter kit, not a real portfolio",0.00,Tassia,3904.2,False
severe,25.0,NBO-0337,-1.182634,36.829649,semi_permanent,7645000.00,0.0,0.0,0.0,1.0,0.00,True,"generated for hackathon starter kit, not a real portfolio",0.00,Westlands,8598.9,False
severe,25.0,NBO-0338,-1.300632,36.895328,semi_permanent,7740000.00,0.0,0.0,0.0,1.0,0.00,True,"generated for hackathon starter kit, not a real portfolio",0.00,Donholm,754.4,True
severe,25.0,NBO-0339,-1.310599,36.826601,concrete_rcc,439535000.00,0.0,0.0,0.0,1.0,0.00,True,"generated for hackathon starter kit, not a real portfolio",0.00,Nairobi West,442.9,True
severe,25.0,NBO-0340,-1.1977,36.752666,semi_permanent,8060000.00,0.0,0.0,0.0,1.0,0.00,True,"generated for hackathon starter kit, not a real portfolio",0.00,Kitisuru,5166.2,False
severe,25.0,NBO-0341,-1.346872,36.949269,semi_permanent,6365000.00,0.0,0.0,0.0,1.0,0.00,True,"generated for hackathon starter kit, not a real portfolio",0.00,Fedha,6625.4,False
severe,25.0,NBO-0342,-1.200346,36.858594,informal_iron_sheet,1900000.00,0.0,0.0,0.0,1.0,0.00,True,"generated for hackathon starter kit, not a real portfolio",0.00,Mathare,6608.9,False
severe,25.0,NBO-0343,-1.254997,36.812644,semi_permanent,5850000.00,0.0,0.0,0.0,1.0,0.00,True,"generated for hackathon starter kit, not a real portfolio",0.00,Parklands,924.3,True
severe,25.0,NBO-0344,-1.213194,36.935062,permanent_masonry,32270000.00,0.0,0.0,0.0,1.0,0.00,True,"generated for hackathon starter kit, not a real portfolio",0.00,Mwiki,2184.5,False
severe,25.0,NBO-0345,-1.278319,36.839113,semi_permanent,6630000.00,0.0,0.0,0.0,1.0,0.00,True,"generated for hackathon starter kit, not a real portfolio",0.00,Kiambiu,2736.6,False
severe,25.0,NBO-0346,-1.306948,36.801566,informal_iron_sheet,1700000.00,0.0,0.0,0.0,1.0,0.00,True,"generated for hackathon starter kit, not a real portfolio",0.00,Kibera,1479.6,True
severe,25.0,NBO-0347,-1.274636,36.749664,informal_iron_sheet,960000.00,0.024689674377441406,0.03703451156616211,0.03259037017822266,1.0,31286.76,True,"generated for hackathon starter kit, not a real portfolio",21686.76,Kawangware,479.1,True
severe,25.0,NBO-0348,-1.317463,36.783427,concrete_rcc,626905000.00,0.0,0.0,0.0,1.0,0.00,True,"generated for hackathon starter kit, not a real portfolio",0.00,Lang'ata,746.8,True
severe,25.0,NBO-0349,-1.343824,36.902898,informal_iron_sheet,1540000.00,0.0,0.0,0.0,1.0,0.00,True,"generated for hackathon starter kit, not a real portfolio",0.00,Fedha,3168.7,False
severe,25.0,NBO-0350,-1.292185,36.740383,concrete_rcc,475860000.00,0.0,0.0,0.0,1.0,0.00,True,"generated for hackathon starter kit, not a real portfolio",0.00,Kawangware,1973.6,True
severe,25.0,NBO-0351,-1.241881,36.815722,informal_iron_sheet,1350000.00,0.0,0.0,0.0,1.0,0.00,True,"generated for hackathon starter kit, not a real portfolio",0.00,Parklands,2422.3,False
severe,25.0,NBO-0352,-1.310166,36.860695,semi_permanent,6100000.00,0.0,0.0,0.0,1.0,0.00,True,"generated for hackathon starter kit, not a real portfolio",0.00,Kiambiu,3115.9,False
severe,25.0,NBO-0353,-1.331766,36.81104,concrete_rcc,393455000.00,0.0,0.0,0.0,1.0,0.00,True,"generated for hackathon starter kit, not a real portfolio",0.00,Lang'ata,2740.7,False
severe,25.0,NBO-0354,-1.225862,36.799735,permanent_masonry,31610000.00,0.0,0.0,0.0,1.0,0.00,True,"generated for hackathon starter kit, not a real portfolio",0.00,Westlands,2754.3,False
severe,25.0,NBO-0355,-1.347451,36.709257,informal_iron_sheet,1065000.00,0.0,0.0,0.0,1.0,0.00,True,"generated for hackathon starter kit, not a real portfolio",0.00,Kawangware,9002.7,False
severe,25.0,NBO-0356,-1.203566,36.90393,informal_iron_sheet,1125000.00,0.2807062864303589,0.42105942964553833,0.32947803497314454,1.0,370662.79,True,"generated for hackathon starter kit, not a real portfolio",359412.79,Mwiki,4601.4,False
severe,25.0,NBO-0357,-1.347865,36.718488,permanent_masonry,48595000.00,0.0,0.0,0.0,1.0,0.00,True,"generated for hackathon starter kit, not a real portfolio",0.00,Kawangware,8552.1,False
severe,25.0,NBO-0358,-1.310107,36.808186,permanent_masonry,33745000.00,0.0,0.0,0.0,1.0,0.00,True,"generated for hackathon starter kit, not a real portfolio",0.00,Madaraka,849.8,True
severe,25.0,NBO-0359,-1.274801,36.721075,semi_permanent,3600000.00,0.0,0.0,0.0,1.0,0.00,True,"generated for hackathon starter kit, not a real portfolio",0.00,Kawangware,3422.5,False
severe,25.0,NBO-0360,-1.306434,36.778519,informal_iron_sheet,1340000.00,0.0,0.0,0.0,1.0,0.00,True,"generated for hackathon starter kit, not a real portfolio",0.00,Kibera,1286.2,True
severe,25.0,NBO-0361,-1.260813,36.895214,informal_iron_sheet,485000.00,0.0,0.0,0.0,1.0,0.00,True,"generated for hackathon starter kit, not a real portfolio",0.00,Kariobangi,1490.9,True
severe,25.0,NBO-0362,-1.218859,36.931263,concrete_rcc,827820000.00,0.014971988275647163,0.022457982413470745,0.007601163278405482,1.0,6292394.99,True,"generated for hackathon starter kit, not a real portfolio",0.00,Mwiki,1561.4,True
severe,25.0,NBO-0363,-1.265965,36.71004,permanent_masonry,41830000.00,0.0,0.0,0.0,1.0,0.00,True,"generated for hackathon starter kit, not a real portfolio",0.00,Kangemi,4703.1,False
severe,25.0,NBO-0364,-1.270336,36.775293,permanent_masonry,32130000.00,0.0,0.0,0.0,1.0,0.00,True,"generated for hackathon starter kit, not a real portfolio",0.00,Lavington,427.7,True
severe,25.0,NBO-0365,-1.245682,36.872151,permanent_masonry,74420000.00,0.0,0.0,0.0,1.0,0.00,True,"generated for hackathon starter kit, not a real portfolio",0.00,Mathare,1419.3,True
severe,25.0,NBO-0366,-1.294328,36.79296,informal_iron_sheet,805000.00,0.0,0.0,0.0,1.0,0.00,True,"generated for hackathon starter kit, not a real portfolio",0.00,Kibera,1941.5,True
severe,25.0,NBO-0367,-1.279863,36.946799,informal_iron_sheet,1430000.00,0.0,0.0,0.0,1.0,0.00,True,"generated for hackathon starter kit, not a real portfolio",0.00,Kayole,3380.8,False
severe,25.0,NBO-0368,-1.281142,36.73553,permanent_masonry,88130000.00,0.0,0.0,0.0,1.0,0.00,True,"generated for hackathon starter kit, not a real portfolio",0.00,Kawangware,1815.8,True
severe,25.0,NBO-0369,-1.304822,36.734471,semi_permanent,5615000.00,0.0,0.0,0.0,1.0,0.00,True,"generated for hackathon starter kit, not a real portfolio",0.00,Kawangware,3497.8,False
severe,25.0,NBO-0370,-1.259124,36.882024,informal_iron_sheet,1300000.00,0.0,0.0,0.0,1.0,0.00,True,"generated for hackathon starter kit, not a real portfolio",0.00,Kariobangi,12.7,True
severe,25.0,NBO-0371,-1.18152,36.87356,permanent_masonry,63800000.00,0.0,0.0,0.0,1.0,0.00,True,"generated for hackathon starter kit, not a real portfolio",0.00,Dandora,7921.6,False
severe,25.0,NBO-0372,-1.244471,36.934206,semi_permanent,5795000.00,0.08110195398330688,0.12165293097496033,0.07136971950531006,1.0,413587.52,True,"generated for hackathon starter kit, not a real portfolio",355637.52,Mwiki,1306.7,True
severe,25.0,NBO-0373,-1.333748,36.718557,permanent_masonry,104225000.00,0.0,0.0,0.0,1.0,0.00,True,"generated for hackathon starter kit, not a real portfolio",0.00,Kawangware,7163.7,False
severe,25.0,NBO-0374,-1.306874,36.704134,informal_iron_sheet,1175000.00,0.0,0.0,0.0,1.0,0.00,True,"generated for hackathon starter kit, not a real portfolio",0.00,Kawangware,6154.2,False
severe,25.0,NBO-0375,-1.265587,36.732079,permanent_masonry,53235000.00,0.0,0.0,0.0,1.0,0.00,True,"generated for hackathon starter kit, not a real portfolio",0.00,Kangemi,2263.6,False
severe,25.0,NBO-0376,-1.330722,36.930502,semi_permanent,8385000.00,0.0,0.0,0.0,1.0,0.00,True,"generated for hackathon starter kit, not a real portfolio",0.00,Fedha,3932.1,False
severe,25.0,NBO-0377,-1.240753,36.808486,semi_permanent,6520000.00,0.0,0.0,0.0,1.0,0.00,True,"generated for hackathon starter kit, not a real portfolio",0.00,Parklands,2492.0,False
severe,25.0,NBO-0378,-1.232748,36.807252,semi_permanent,1970000.00,0.0,0.0,0.0,1.0,0.00,True,"generated for hackathon starter kit, not a real portfolio",0.00,Westlands,2808.9,False
severe,25.0,NBO-0379,-1.244467,36.767451,permanent_masonry,52055000.00,0.0,0.0,0.0,1.0,0.00,True,"generated for hackathon starter kit, not a real portfolio",0.00,Kitisuru,604.1,True
severe,25.0,NBO-0380,-1.256632,36.748659,permanent_masonry,75325000.00,0.0,0.0,0.0,1.0,0.00,True,"generated for hackathon starter kit, not a real portfolio",0.00,Kangemi,1327.9,True
severe,25.0,NBO-0381,-1.305364,36.729212,permanent_masonry,49750000.00,0.0,0.0,0.0,1.0,0.00,True,"generated for hackathon starter kit, not a real portfolio",0.00,Kawangware,3894.3,False
severe,25.0,NBO-0382,-1.287241,36.888335,informal_iron_sheet,1785000.00,0.0,0.0,0.0,1.0,0.00,True,"generated for hackathon starter kit, not a real portfolio",0.00,Donholm,1333.2,True
severe,25.0,NBO-0383,-1.306754,36.710739,concrete_rcc,941095000.00,0.0,0.0,0.0,1.0,0.00,True,"generated for hackathon starter kit, not a real portfolio",0.00,Kawangware,5529.3,False
severe,25.0,NBO-0384,-1.266942,36.885308,concrete_rcc,841500000.00,0.0,0.0,0.0,1.0,0.00,True,"generated for hackathon starter kit, not a real portfolio",0.00,Kariobangi,950.8,True
severe,25.0,NBO-0385,-1.20217,36.825202,informal_iron_sheet,590000.00,0.0,0.0,0.0,1.0,0.00,True,"generated for hackathon starter kit, not a real portfolio",0.00,Westlands,6576.3,False
severe,25.0,NBO-0386,-1.290194,36.745156,permanent_masonry,76960000.00,0.0,0.0,0.0,1.0,0.00,True,"generated for hackathon starter kit, not a real portfolio",0.00,Kawangware,1490.5,True
severe,25.0,NBO-0387,-1.229012,36.757269,semi_permanent,2525000.00,0.0,0.0,0.0,1.0,0.00,True,"generated for hackathon starter kit, not a real portfolio",0.00,Kitisuru,1984.4,True
severe,25.0,NBO-0388,-1.278278,36.710888,concrete_rcc,430330000.00,0.0,0.0,0.0,1.0,0.00,True,"generated for hackathon starter kit, not a real portfolio",0.00,Kawangware,4530.7,False
severe,25.0,NBO-0389,-1.270773,36.910552,semi_permanent,3325000.00,0.0,0.0,0.0,1.0,0.00,True,"generated for hackathon starter kit, not a real portfolio",0.00,Komarock,376.5,True
severe,25.0,NBO-0390,-1.19186,36.849251,semi_permanent,5340000.00,0.0,0.0,0.0,1.0,0.00,True,"generated for hackathon starter kit, not a real portfolio",0.00,Mathare,7794.8,False
severe,25.0,NBO-0391,-1.303499,36.883827,permanent_masonry,78850000.00,0.0,0.0,0.0,1.0,0.00,True,"generated for hackathon starter kit, not a real portfolio",0.00,Donholm,719.7,True
severe,25.0,NBO-0392,-1.199582,36.834712,informal_iron_sheet,730000.00,0.0,0.0,0.0,1.0,0.00,True,"generated for hackathon starter kit, not a real portfolio",0.00,Westlands,7515.6,False
severe,25.0,NBO-0393,-1.333316,36.714996,semi_permanent,3390000.00,0.0,0.0,0.0,1.0,0.00,True,"generated for hackathon starter kit, not a real portfolio",0.00,Kawangware,7334.8,False
severe,25.0,NBO-0394,-1.223109,36.877667,informal_iron_sheet,1385000.00,0.0,0.0,0.0,1.0,0.00,True,"generated for hackathon starter kit, not a real portfolio",0.00,Dandora,3981.6,False
severe,25.0,NBO-0395,-1.288387,36.922284,informal_iron_sheet,925000.00,0.0,0.0,0.0,1.0,0.00,True,"generated for hackathon starter kit, not a real portfolio",0.00,Komarock,2382.2,False
severe,25.0,NBO-0396,-1.202279,36.766078,informal_iron_sheet,1185000.00,0.0,0.0,0.0,1.0,0.00,True,"generated for hackathon starter kit, not a real portfolio",0.00,Kitisuru,4272.1,False
severe,25.0,NBO-0397,-1.334262,36.797507,concrete_rcc,950380000.00,0.0,0.0,0.0,1.0,0.00,True,"generated for hackathon starter kit, not a real portfolio",0.00,Lang'ata,1896.6,True
severe,25.0,NBO-0398,-1.212112,36.947855,semi_permanent,3605000.00,0.0,0.0,0.0,1.0,0.00,True,"generated for hackathon starter kit, not a real portfolio",0.00,Mwiki,2810.7,False
severe,25.0,NBO-0399,-1.208904,36.854328,semi_permanent,3425000.00,0.0,0.0,0.0,1.0,0.00,True,"generated for hackathon starter kit, not a real portfolio",0.00,Mathare,5818.5,False
severe,25.0,NBO-0400,-1.183815,36.732616,permanent_masonry,59920000.00,0.0,0.0,0.0,1.0,0.00,True,"generated for hackathon starter kit, not a real portfolio",0.00,Kitisuru,7602.4,False
severe,25.0,NBO-0401,-1.225953,36.743443,informal_iron_sheet,885000.00,0.0,0.0,0.0,1.0,0.00,True,"generated for hackathon starter kit, not a real portfolio",0.00,Kitisuru,3461.0,False
severe,25.0,NBO-0402,-1.317633,36.764405,permanent_masonry,86790000.00,0.0,0.0,0.0,1.0,0.00,True,"generated for hackathon starter kit, not a real portfolio",0.00,Kibera,2822.4,False
severe,25.0,NBO-0403,-1.231914,36.931956,concrete_rcc,946115000.00,0.0,0.0,0.0,1.0,0.00,True,"generated for hackathon starter kit, not a real portfolio",0.00,Mwiki,173.4,True
severe,25.0,NBO-0404,-1.297077,36.90215,semi_permanent,4480000.00,0.16318024694919586,0.2447703704237938,0.14359861731529236,1.0,643321.81,True,"generated for hackathon starter kit, not a real portfolio",598521.81,Tassia,1176.8,True
severe,25.0,NBO-0405,-1.182548,36.704197,permanent_masonry,86580000.00,0.0,0.0,0.0,1.0,0.00,True,"generated for hackathon starter kit, not a real portfolio",0.00,Kitisuru,9826.2,False
severe,25.0,NBO-0406,-1.210983,36.840534,semi_permanent,3390000.00,0.0,0.0,0.0,1.0,0.00,True,"generated for hackathon starter kit, not a real portfolio",0.00,Mathare,6284.0,False
severe,25.0,NBO-0407,-1.253995,36.750024,semi_permanent,3505000.00,0.0,0.0,0.0,1.0,0.00,True,"generated for hackathon starter kit, not a real portfolio",0.00,Kangemi,1578.4,True
severe,25.0,NBO-0408,-1.334527,36.762454,semi_permanent,3650000.00,0.0,0.0,0.0,1.0,0.00,True,"generated for hackathon starter kit, not a real portfolio",0.00,Lang'ata,3515.4,False
severe,25.0,NBO-0409,-1.286737,36.831791,semi_permanent,4740000.00,0.0,0.0,0.0,1.0,0.00,True,"generated for hackathon starter kit, not a real portfolio",0.00,Nairobi West,2626.7,False
severe,25.0,NBO-0410,-1.247716,36.748189,permanent_masonry,67745000.00,0.0,0.0,0.0,1.0,0.00,True,"generated for hackathon starter kit, not a real portfolio",0.00,Kangemi,2302.0,False
severe,25.0,NBO-0411,-1.189573,36.871599,permanent_masonry,51210000.00,0.0,0.0,0.0,1.0,0.00,True,"generated for hackathon starter kit, not a real portfolio",0.00,Dandora,7249.4,False
severe,25.0,NBO-0412,-1.323981,36.709497,permanent_masonry,64635000.00,0.0,0.0,0.0,1.0,0.00,True,"generated for hackathon starter kit, not a real portfolio",0.00,Kawangware,6897.0,False
severe,25.0,NBO-0413,-1.29912,36.707958,semi_permanent,6125000.00,0.0,0.0,0.0,1.0,0.00,True,"generated for hackathon starter kit, not a real portfolio",0.00,Kawangware,5372.1,False
severe,25.0,NBO-0414,-1.222829,36.772325,concrete_rcc,268000000.00,0.0,0.0,0.0,1.0,0.00,True,"generated for hackathon starter kit, not a real portfolio",0.00,Kitisuru,1956.7,True
severe,25.0,NBO-0415,-1.182905,36.723088,informal_iron_sheet,635000.00,0.0,0.0,0.0,1.0,0.00,True,"generated for hackathon starter kit, not a real portfolio",0.00,Kitisuru,8321.5,False
severe,25.0,NBO-0416,-1.181257,36.913667,concrete_rcc,1356500000.00,0.0,0.0,0.0,1.0,0.00,True,"generated for hackathon starter kit, not a real portfolio",0.00,Mwiki,6127.1,False
severe,25.0,NBO-0417,-1.302171,36.892264,permanent_masonry,50905000.00,0.0,0.0,0.0,1.0,0.00,True,"generated for hackathon starter kit, not a real portfolio",0.00,Donholm,515.0,True
severe,25.0,NBO-0418,-1.225647,36.840018,permanent_masonry,69265000.00,0.0,0.0,0.0,1.0,0.00,True,"generated for hackathon starter kit, not a real portfolio",0.00,Mathare,5034.2,False
severe,25.0,NBO-0419,-1.322424,36.883627,concrete_rcc,452325000.00,0.0,0.0,0.0,1.0,0.00,True,"generated for hackathon starter kit, not a real portfolio",0.00,Fedha,1815.5,True
severe,25.0,NBO-0420,-1.339096,36.702452,informal_iron_sheet,1360000.00,0.0,0.0,0.0,1.0,0.00,True,"generated for hackathon starter kit, not a real portfolio",0.00,Kawangware,8680.9,False
severe,25.0,NBO-0421,-1.245747,36.759842,concrete_rcc,391420000.00,0.06259440630674362,0.09389160946011543,0.03177869858650061,1.0,12438818.20,True,"generated for hackathon starter kit, not a real portfolio",8524618.20,Kitisuru,1379.6,True
severe,25.0,NBO-0422,-1.281913,36.829603,semi_permanent,5305000.00,0.0,0.0,0.0,1.0,0.00,True,"generated for hackathon starter kit, not a real portfolio",0.00,Chiromo,2860.2,False
severe,25.0,NBO-0423,-1.249578,36.901111,concrete_rcc,633555000.00,0.0,0.0,0.0,1.0,0.00,True,"generated for hackathon starter kit, not a real portfolio",0.00,Dandora,758.1,True
severe,25.0,NBO-0424,-1.290479,36.84768,informal_iron_sheet,900000.00,0.0,0.0,0.0,1.0,0.00,True,"generated for hackathon starter kit, not a real portfolio",0.00,Kiambiu,1972.3,True
severe,25.0,NBO-0425,-1.348616,36.782807,permanent_masonry,81015000.00,0.0,0.0,0.0,1.0,0.00,True,"generated for hackathon starter kit, not a real portfolio",0.00,Lang'ata,3392.9,False
severe,25.0,NBO-0426,-1.315744,36.762556,concrete_rcc,296295000.00,0.0,0.0,0.0,1.0,0.00,True,"generated for hackathon starter kit, not a real portfolio",0.00,Kibera,2980.3,False
severe,25.0,NBO-0427,-1.344614,36.914871,informal_iron_sheet,1150000.00,0.0,0.0,0.0,1.0,0.00,True,"generated for hackathon starter kit, not a real portfolio",0.00,Fedha,3697.6,False
severe,25.0,NBO-0428,-1.211801,36.839118,informal_iron_sheet,1070000.00,0.0,0.0,0.0,1.0,0.00,True,"generated for hackathon starter kit, not a real portfolio",0.00,Mathare,6295.9,False
severe,25.0,NBO-0429,-1.335739,36.913418,permanent_masonry,50595000.00,0.0,0.0,0.0,1.0,0.00,True,"generated for hackathon starter kit, not a real portfolio",0.00,Fedha,2780.7,False
severe,25.0,NBO-0430,-1.323625,36.725838,permanent_masonry,45600000.00,0.0,0.0,0.0,1.0,0.00,True,"generated for hackathon starter kit, not a real portfolio",0.00,Kawangware,5783.4,False
severe,25.0,NBO-0431,-1.339077,36.900695,informal_iron_sheet,560000.00,0.0,0.0,0.0,1.0,0.00,True,"generated for hackathon starter kit, not a real portfolio",0.00,Fedha,2614.3,False
severe,25.0,NBO-0432,-1.211213,36.717387,permanent_masonry,45590000.00,0.0,0.0,0.0,1.0,0.00,True,"generated for hackathon starter kit, not a real portfolio",0.00,Kitisuru,6788.3,False
severe,25.0,NBO-0433,-1.247364,36.787692,semi_permanent,4320000.00,0.0,0.0,0.0,1.0,0.00,True,"generated for hackathon starter kit, not a real portfolio",0.00,Westlands,202.3,True
severe,25.0,NBO-0434,-1.317629,36.800261,informal_iron_sheet,910000.00,0.0,0.0,0.0,1.0,0.00,True,"generated for hackathon starter kit, not a real portfolio",0.00,Lang'ata,1152.8,True
severe,25.0,NBO-0435,-1.314949,36.71617,semi_permanent,5220000.00,0.0,0.0,0.0,1.0,0.00,True,"generated for hackathon starter kit, not a real portfolio",0.00,Kawangware,5657.8,False
severe,25.0,NBO-0436,-1.316654,36.932326,permanent_masonry,37945000.00,0.0,0.0,0.0,1.0,0.00,True,"generated for hackathon starter kit, not a real portfolio",0.00,Fedha,3762.4,False
severe,25.0,NBO-0437,-1.323597,36.803865,informal_iron_sheet,600000.00,0.0,0.0,0.0,1.0,0.00,True,"generated for hackathon starter kit, not a real portfolio",0.00,Lang'ata,1627.9,True
severe,25.0,NBO-0438,-1.276598,36.716169,semi_permanent,6225000.00,0.0,0.0,0.0,1.0,0.00,True,"generated for hackathon starter kit, not a real portfolio",0.00,Kawangware,3949.0,False
severe,25.0,NBO-0439,-1.192567,36.872725,semi_permanent,5215000.00,0.0,0.0,0.0,1.0,0.00,True,"generated for hackathon starter kit, not a real portfolio",0.00,Dandora,6901.0,False
severe,25.0,NBO-0440,-1.18851,36.783672,semi_permanent,3105000.00,0.0,0.0,0.0,1.0,0.00,True,"generated for hackathon starter kit, not a real portfolio",0.00,Kitisuru,5936.3,False
severe,25.0,NBO-0441,-1.185484,36.849843,informal_iron_sheet,740000.00,0.0,0.0,0.0,1.0,0.00,True,"generated for hackathon starter kit, not a real portfolio",0.00,Mathare,8452.0,False
severe,25.0,NBO-0442,-1.33239,36.866631,informal_iron_sheet,1470000.00,0.0,0.0,0.0,1.0,0.00,True,"generated for hackathon starter kit, not a real portfolio",0.00,Fedha,4000.5,False
severe,25.0,NBO-0443,-1.218721,36.942704,informal_iron_sheet,1445000.00,0.07594306021928787,0.11391459032893181,0.10024483948945999,1.0,144853.79,True,"generated for hackathon starter kit, not a real portfolio",130403.79,Mwiki,1880.5,True
severe,25.0,NBO-0444,-1.290744,36.843866,concrete_rcc,590960000.00,0.0,0.0,0.0,1.0,0.00,True,"generated for hackathon starter kit, not a real portfolio",0.00,Kiambiu,2367.9,False
severe,25.0,NBO-0445,-1.259144,36.860661,permanent_masonry,47880000.00,0.0,0.0,0.0,1.0,0.00,True,"generated for hackathon starter kit, not a real portfolio",0.00,Mathare,1181.6,True
severe,25.0,NBO-0446,-1.29806,36.939987,informal_iron_sheet,1330000.00,0.0,0.0,0.0,1.0,0.00,True,"generated for hackathon starter kit, not a real portfolio",0.00,Kayole,4168.9,False
severe,25.0,NBO-0447,-1.232566,36.780822,informal_iron_sheet,885000.00,0.0,0.0,0.0,1.0,0.00,True,"generated for hackathon starter kit, not a real portfolio",0.00,Kitisuru,1392.7,True
severe,25.0,NBO-0448,-1.294373,36.783096,semi_permanent,3375000.00,0.0,0.0,0.0,1.0,0.00,True,"generated for hackathon starter kit, not a real portfolio",0.00,Kibera,1996.8,True
severe,25.0,NBO-0449,-1.200878,36.877885,permanent_masonry,35640000.00,0.0,0.0,0.0,1.0,0.00,True,"generated for hackathon starter kit, not a real portfolio",0.00,Dandora,5813.4,False
severe,25.0,NBO-0450,-1.313857,36.861033,semi_permanent,7390000.00,0.0,0.0,0.0,1.0,0.00,True,"generated for hackathon starter kit, not a real portfolio",0.00,Donholm,3478.3,False
severe,25.0,NBO-0451,-1.286896,36.782238,informal_iron_sheet,850000.00,0.0,0.0,0.0,1.0,0.00,True,"generated for hackathon starter kit, not a real portfolio",0.00,Kileleshwa,1293.5,True
severe,25.0,NBO-0452,-1.222582,36.9336,concrete_rcc,380470000.00,0.4579657018184662,0.6869485527276993,0.22909502836374135,1.0,87163785.44,True,"generated for hackathon starter kit, not a real portfolio",83359085.44,Mwiki,1132.0,True
severe,25.0,NBO-0453,-1.329951,36.944419,informal_iron_sheet,935000.00,0.2321992665529251,0.34829889982938766,0.2829112958908081,1.0,264522.06,True,"generated for hackathon starter kit, not a real portfolio",255172.06,Fedha,5346.4,False
severe,25.0,NBO-0454,-1.339888,36.948654,permanent_masonry,74880000.00,0.0,0.0,0.0,1.0,0.00,True,"generated for hackathon starter kit, not a real portfolio",0.00,Fedha,6192.2,False
severe,25.0,NBO-0455,-1.33227,36.874249,concrete_rcc,381775000.00,0.0,0.0,0.0,1.0,0.00,True,"generated for hackathon starter kit, not a real portfolio",0.00,Fedha,3266.8,False
severe,25.0,NBO-0456,-1.232817,36.907698,permanent_masonry,73600000.00,0.0,0.0,0.0,1.0,0.00,True,"generated for hackathon starter kit, not a real portfolio",0.00,Dandora,1356.5,True
severe,25.0,NBO-0457,-1.186498,36.925161,permanent_masonry,28450000.00,0.0,0.0,0.0,1.0,0.00,True,"generated for hackathon starter kit, not a real portfolio",0.00,Mwiki,5222.2,False
severe,25.0,NBO-0458,-1.271154,36.849901,semi_permanent,4480000.00,0.0,0.0,0.0,1.0,0.00,True,"generated for hackathon starter kit, not a real portfolio",0.00,Kiambiu,1945.4,True
severe,25.0,NBO-0459,-1.276579,36.926282,semi_permanent,4475000.00,0.0,0.0,0.0,1.0,0.00,True,"generated for hackathon starter kit, not a real portfolio",0.00,Kayole,1336.7,True
severe,25.0,NBO-0460,-1.33452,36.837781,semi_permanent,3150000.00,0.0,0.0,0.0,1.0,0.00,True,"generated for hackathon starter kit, not a real portfolio",0.00,Nairobi West,3302.4,False
severe,25.0,NBO-0461,-1.332897,36.781192,informal_iron_sheet,1080000.00,0.0,0.0,0.0,1.0,0.00,True,"generated for hackathon starter kit, not a real portfolio",0.00,Lang'ata,1832.0,True
severe,25.0,NBO-0462,-1.315129,36.829882,informal_iron_sheet,910000.00,0.0,0.0,0.0,1.0,0.00,True,"generated for hackathon starter kit, not a real portfolio",0.00,Nairobi West,1039.0,True
severe,25.0,NBO-0463,-1.263233,36.740277,permanent_masonry,64740000.00,0.0,0.0,0.0,1.0,0.00,True,"generated for hackathon starter kit, not a real portfolio",0.00,Kangemi,1437.8,True
severe,25.0,NBO-0464,-1.29875,36.943049,informal_iron_sheet,610000.00,0.0,0.0,0.0,1.0,0.00,True,"generated for hackathon starter kit, not a real portfolio",0.00,Kayole,4426.8,False
severe,25.0,NBO-0465,-1.291747,36.740285,semi_permanent,3200000.00,0.0,0.0,0.0,1.0,0.00,True,"generated for hackathon starter kit, not a real portfolio",0.00,Kawangware,1943.2,True
severe,25.0,NBO-0466,-1.248392,36.783232,concrete_rcc,526250000.00,0.09936808794736862,0.14905213192105293,0.05044841388097176,1.0,26548477.80,True,"generated for hackathon starter kit, not a real portfolio",21285977.80,Westlands,378.0,True
severe,25.0,NBO-0467,-1.198678,36.731266,concrete_rcc,1592010000.00,0.0,0.0,0.0,1.0,0.00,True,"generated for hackathon starter kit, not a real portfolio",0.00,Kitisuru,6406.4,False
severe,25.0,NBO-0468,-1.333948,36.907328,concrete_rcc,914905000.00,0.0,0.0,0.0,1.0,0.00,True,"generated for hackathon starter kit, not a real portfolio",0.00,Fedha,2257.2,False
severe,25.0,NBO-0469,-1.32826,36.885924,semi_permanent,8010000.00,0.0,0.0,0.0,1.0,0.00,True,"generated for hackathon starter kit, not a real portfolio",0.00,Fedha,1978.1,True
severe,25.0,NBO-0470,-1.317417,36.911355,semi_permanent,3905000.00,0.0,0.0,0.0,1.0,0.00,True,"generated for hackathon starter kit, not a real portfolio",0.00,Fedha,1442.7,True
severe,25.0,NBO-0471,-1.210378,36.930778,semi_permanent,4990000.00,0.0,0.0,0.0,1.0,0.00,True,"generated for hackathon starter kit, not a real portfolio",0.00,Mwiki,2503.8,False
severe,25.0,NBO-0472,-1.280935,36.89564,semi_permanent,5280000.00,0.0,0.0,0.0,1.0,0.00,True,"generated for hackathon starter kit, not a real portfolio",0.00,Komarock,1629.7,True
severe,25.0,NBO-0473,-1.204539,36.850227,semi_permanent,5015000.00,0.0,0.0,0.0,1.0,0.00,True,"generated for hackathon starter kit, not a real portfolio",0.00,Mathare,6431.1,False
severe,25.0,NBO-0474,-1.265397,36.874234,informal_iron_sheet,1190000.00,0.0,0.0,0.0,1.0,0.00,True,"generated for hackathon starter kit, not a real portfolio",0.00,Mathare,843.6,True
severe,25.0,NBO-0475,-1.321852,36.912497,informal_iron_sheet,580000.00,0.0,0.0,0.0,1.0,0.00,True,"generated for hackathon starter kit, not a real portfolio",0.00,Fedha,1701.6,True
severe,25.0,NBO-0476,-1.239714,36.739798,informal_iron_sheet,560000.00,0.0,0.0,0.0,1.0,0.00,True,"generated for hackathon starter kit, not a real portfolio",0.00,Kangemi,3439.2,False
severe,25.0,NBO-0477,-1.319008,36.757525,permanent_masonry,45370000.00,0.0,0.0,0.0,1.0,0.00,True,"generated for hackathon starter kit, not a real portfolio",0.00,Kibera,3601.5,False
severe,25.0,NBO-0478,-1.2108,36.844853,permanent_masonry,101200000.00,0.0,0.0,0.0,1.0,0.00,True,"generated for hackathon starter kit, not a real portfolio",0.00,Mathare,6054.2,False
severe,25.0,NBO-0479,-1.319025,36.818722,informal_iron_sheet,790000.00,0.0,0.0,0.0,1.0,0.00,True,"generated for hackathon starter kit, not a real portfolio",0.00,Nairobi West,1246.7,True
severe,25.0,NBO-0480,-1.313874,36.93348,semi_permanent,5855000.00,0.0,0.0,0.0,1.0,0.00,True,"generated for hackathon starter kit, not a real portfolio",0.00,Fedha,3894.2,False
severe,25.0,NBO-0481,-1.206344,36.782704,informal_iron_sheet,1170000.00,0.0,0.0,0.0,1.0,0.00,True,"generated for hackathon starter kit, not a real portfolio",0.00,Kitisuru,4000.8,False
severe,25.0,NBO-0482,-1.211464,36.717203,permanent_masonry,35925000.00,0.0,0.0,0.0,1.0,0.00,True,"generated for hackathon starter kit, not a real portfolio",0.00,Kitisuru,6793.0,False
severe,25.0,NBO-0483,-1.24542,36.771289,semi_permanent,5375000.00,0.0,0.0,0.0,1.0,0.00,True,"generated for hackathon starter kit, not a real portfolio",0.00,Kitisuru,561.3,True
severe,25.0,NBO-0484,-1.271068,36.744576,concrete_rcc,641870000.00,0.0,0.0,0.0,1.0,0.00,True,"generated for hackathon starter kit, not a real portfolio",0.00,Kangemi,923.3,True
severe,25.0,NBO-0485,-1.233919,36.806192,informal_iron_sheet,715000.00,0.0,0.0,0.0,1.0,0.00,True,"generated for hackathon starter kit, not a real portfolio",0.00,Westlands,2639.5,False
severe,25.0,NBO-0486,-1.309357,36.726474,informal_iron_sheet,945000.00,0.0,0.0,0.0,1.0,0.00,True,"generated for hackathon starter kit, not a real portfolio",0.00,Kawangware,4430.5,False
severe,25.0,NBO-0487,-1.344056,36.855521,permanent_masonry,116700000.00,0.0,0.0,0.0,1.0,0.00,True,"generated for hackathon starter kit, not a real portfolio",0.00,Nairobi West,5333.4,False
severe,25.0,NBO-0488,-1.289708,36.796945,semi_permanent,5085000.00,0.0,0.0,0.0,1.0,0.00,True,"generated for hackathon starter kit, not a real portfolio",0.00,Kileleshwa,1758.4,True
severe,25.0,NBO-0489,-1.244082,36.757179,permanent_masonry,33945000.00,0.0,0.0,0.0,1.0,0.00,True,"generated for hackathon starter kit, not a real portfolio",0.00,Kitisuru,1593.9,True
severe,25.0,NBO-0490,-1.317731,36.92187,permanent_masonry,72865000.00,0.0,0.0,0.0,1.0,0.00,True,"generated for hackathon starter kit, not a real portfolio",0.00,Fedha,2608.6,False
severe,25.0,NBO-0491,-1.22655,36.947095,permanent_masonry,43385000.00,0.5568007826805115,0.8352011740207672,0.3272643756866455,1.0,14198364.94,True,"generated for hackathon starter kit, not a real portfolio",13764514.94,Mwiki,1685.0,True
severe,25.0,NBO-0492,-1.20285,36.871324,permanent_masonry,36180000.00,0.5628854632377625,0.8443281948566437,0.33018502235412595,1.0,11946094.11,True,"generated for hackathon starter kit, not a real portfolio",11584294.11,Dandora,6066.3,False
severe,25.0,NBO-0493,-1.28459,36.726722,concrete_rcc,935855000.00,0.0,0.0,0.0,1.0,0.00,True,"generated for hackathon starter kit, not a real portfolio",0.00,Kawangware,2852.9,False
severe,25.0,NBO-0494,-1.291975,36.831562,informal_iron_sheet,2070000.00,0.0,0.0,0.0,1.0,0.00,True,"generated for hackathon starter kit, not a real portfolio",0.00,Nairobi West,2084.5,False
severe,25.0,NBO-0495,-1.328919,36.874954,semi_permanent,6580000.00,0.0,0.0,0.0,1.0,0.00,True,"generated for hackathon starter kit, not a real portfolio",0.00,Fedha,3003.2,False
severe,25.0,NBO-0496,-1.212958,36.816976,informal_iron_sheet,1650000.00,0.0,0.0,0.0,1.0,0.00,True,"generated for hackathon starter kit, not a real portfolio",0.00,Westlands,5072.9,False
severe,25.0,NBO-0497,-1.285034,36.742151,informal_iron_sheet,855000.00,0.0,0.0,0.0,1.0,0.00,True,"generated for hackathon starter kit, not a real portfolio",0.00,Kawangware,1283.5,True
severe,25.0,NBO-0498,-1.185994,36.786739,informal_iron_sheet,935000.00,0.0,0.0,0.0,1.0,0.00,True,"generated for hackathon starter kit, not a real portfolio",0.00,Kitisuru,6294.4,False
severe,25.0,NBO-0499,-1.269108,36.923782,informal_iron_sheet,1175000.00,0.04303622990846634,0.06455434486269951,0.05680782347917557,1.0,66749.19,True,"generated for hackathon starter kit, not a real portfolio",54999.19,Kayole,557.0,True
severe,25.0,NBO-0500,-1.25312,36.710253,informal_iron_sheet,1275000.00,0.0,0.0,0.0,1.0,0.00,True,"generated for hackathon starter kit, not a real portfolio",0.00,Kangemi,4958.4,False
severe,25.0,NBO-0501,-1.295026,36.712918,concrete_rcc,476605000.00,0.0,0.0,0.0,1.0,0.00,True,"generated for hackathon starter kit, not a real portfolio",0.00,Kawangware,4682.4,False
severe,25.0,NBO-0502,-1.261483,36.874398,permanent_masonry,32125000.00,0.0,0.0,0.0,1.0,0.00,True,"generated for hackathon starter kit, not a real portfolio",0.00,Mathare,487.5,True
severe,25.0,NBO-0503,-1.225395,36.907248,semi_permanent,4345000.00,0.051077038049697876,0.07661555707454681,0.04494779348373413,1.0,195298.16,True,"generated for hackathon starter kit, not a real portfolio",151848.16,Dandora,2173.7,False
severe,25.0,NBO-0504,-1.305311,36.854259,concrete_rcc,871025000.00,0.0,0.0,0.0,1.0,0.00,True,"generated for hackathon starter kit, not a real portfolio",0.00,Kiambiu,2756.0,False
severe,25.0,NBO-0505,-1.244107,36.925259,permanent_masonry,37065000.00,0.0,0.0,0.0,1.0,0.00,True,"generated for hackathon starter kit, not a real portfolio",0.00,Mwiki,1544.5,True
severe,25.0,NBO-0506,-1.182312,36.828437,informal_iron_sheet,720000.00,0.0,0.0,0.0,1.0,0.00,True,"generated for hackathon starter kit, not a real portfolio",0.00,Westlands,8553.6,False
severe,25.0,NBO-0507,-1.286124,36.862558,semi_permanent,2575000.00,0.0,0.0,0.0,1.0,0.00,True,"generated for hackathon starter kit, not a real portfolio",0.00,Kiambiu,438.3,True
severe,25.0,NBO-0508,-1.319233,36.80786,semi_permanent,4750000.00,0.0,0.0,0.0,1.0,0.00,True,"generated for hackathon starter kit, not a real portfolio",0.00,Madaraka,1555.9,True
severe,25.0,NBO-0509,-1.193795,36.897925,permanent_masonry,44085000.00,0.10780851542949677,0.16171277314424515,0.07115362018346787,1.0,3136807.35,True,"generated for hackathon starter kit, not a real portfolio",2695957.35,Dandora,5755.4,False
severe,25.0,NBO-0510,-1.336823,36.70879,informal_iron_sheet,890000.00,0.0,0.0,0.0,1.0,0.00,True,"generated for hackathon starter kit, not a real portfolio",0.00,Kawangware,8050.2,False
severe,25.0,NBO-0511,-1.184776,36.797872,informal_iron_sheet,720000.00,0.0,0.0,0.0,1.0,0.00,True,"generated for hackathon starter kit, not a real portfolio",0.00,Kitisuru,6865.2,False
severe,25.0,NBO-0512,-1.188377,36.790529,informal_iron_sheet,1020000.00,0.0,0.0,0.0,1.0,0.00,True,"generated for hackathon starter kit, not a real portfolio",0.00,Kitisuru,6175.3,False
severe,25.0,NBO-0513,-1.290784,36.727271,concrete_rcc,451570000.00,0.0,0.0,0.0,1.0,0.00,True,"generated for hackathon starter kit, not a real portfolio",0.00,Kawangware,3036.1,False
severe,25.0,NBO-0514,-1.265043,36.819492,semi_permanent,4725000.00,0.0,0.0,0.0,1.0,0.00,True,"generated for hackathon starter kit, not a real portfolio",0.00,Parklands,1009.6,True
severe,25.0,NBO-0515,-1.325057,36.886173,informal_iron_sheet,625000.00,0.0,0.0,0.0,1.0,0.00,True,"generated for hackathon starter kit, not a real portfolio",0.00,Fedha,1722.2,True
severe,25.0,NBO-0516,-1.249747,36.737112,permanent_masonry,43265000.00,0.0,0.0,0.0,1.0,0.00,True,"generated for hackathon starter kit, not a real portfolio",0.00,Kangemi,2640.5,False
severe,25.0,NBO-0517,-1.34537,36.948643,semi_permanent,3700000.00,0.0,0.0,0.0,1.0,0.00,True,"generated for hackathon starter kit, not a real portfolio",0.00,Fedha,6479.5,False
severe,25.0,NBO-0518,-1.207065,36.750001,permanent_masonry,58300000.00,0.0,0.0,0.0,1.0,0.00,True,"generated for hackathon starter kit, not a real portfolio",0.00,Kitisuru,4380.3,False
severe,25.0,NBO-0519,-1.331527,36.92513,permanent_masonry,44655000.00,0.0,0.0,0.0,1.0,0.00,True,"generated for hackathon starter kit, not a real portfolio",0.00,Fedha,3446.1,False
severe,25.0,NBO-0520,-1.193567,36.704825,informal_iron_sheet,610000.00,0.0,0.0,0.0,1.0,0.00,True,"generated for hackathon starter kit, not a real portfolio",0.00,Kitisuru,9014.7,False
severe,25.0,NBO-0521,-1.311918,36.827583,informal_iron_sheet,1680000.00,0.0,0.0,0.0,1.0,0.00,True,"generated for hackathon starter kit, not a real portfolio",0.00,Nairobi West,613.6,True
severe,25.0,NBO-0522,-1.288577,36.715379,informal_iron_sheet,1080000.00,0.0,0.0,0.0,1.0,0.00,True,"generated for hackathon starter kit, not a real portfolio",0.00,Kawangware,4185.3,False
severe,25.0,NBO-0523,-1.345307,36.773551,informal_iron_sheet,1165000.00,0.0,0.0,0.0,1.0,0.00,True,"generated for hackathon starter kit, not a real portfolio",0.00,Lang'ata,3452.4,False
severe,25.0,NBO-0524,-1.285827,36.901408,informal_iron_sheet,655000.00,0.0,0.0,0.0,1.0,0.00,True,"generated for hackathon starter kit, not a real portfolio",0.00,Komarock,1624.8,True
severe,25.0,NBO-0525,-1.339053,36.852392,informal_iron_sheet,1140000.00,0.0,0.0,0.0,1.0,0.00,True,"generated for hackathon starter kit, not a real portfolio",0.00,Nairobi West,4689.9,False
severe,25.0,NBO-0526,-1.192388,36.92264,semi_permanent,6355000.00,0.0,0.0,0.0,1.0,0.00,True,"generated for hackathon starter kit, not a real portfolio",0.00,Mwiki,4641.8,False
severe,25.0,NBO-0527,-1.210956,36.822111,informal_iron_sheet,1120000.00,0.0,0.0,0.0,1.0,0.00,True,"generated for hackathon starter kit, not a real portfolio",0.00,Westlands,5629.7,False
severe,25.0,NBO-0528,-1.183892,36.727219,informal_iron_sheet,1655000.00,0.0,0.0,0.0,1.0,0.00,True,"generated for hackathon starter kit, not a real portfolio",0.00,Kitisuru,7948.1,False
severe,25.0,NBO-0529,-1.27367,36.719198,semi_permanent,3100000.00,0.0,0.0,0.0,1.0,0.00,True,"generated for hackathon starter kit, not a real portfolio",0.00,Kawangware,3646.0,False
severe,25.0,NBO-0530,-1.243356,36.83222,informal_iron_sheet,1710000.00,0.0,0.0,0.0,1.0,0.00,True,"generated for hackathon starter kit, not a real portfolio",0.00,Parklands,3250.0,False
severe,25.0,NBO-0531,-1.262821,36.929629,permanent_masonry,33350000.00,0.0,0.0,0.0,1.0,0.00,True,"generated for hackathon starter kit, not a real portfolio",0.00,Kayole,1222.0,True
severe,25.0,NBO-0532,-1.184216,36.946388,informal_iron_sheet,1245000.00,0.0,0.0,0.0,1.0,0.00,True,"generated for hackathon starter kit, not a real portfolio",0.00,Mwiki,5591.2,False
severe,25.0,NBO-0533,-1.256164,36.887888,concrete_rcc,485690000.00,0.10819689184427261,0.16229533776640892,0.05493072970555379,1.0,26679306.11,True,"generated for hackathon starter kit, not a real portfolio",21822406.11,Kariobangi,739.8,True
severe,25.0,NBO-0534,-1.214277,36.717458,concrete_rcc,1036940000.00,0.0,0.0,0.0,1.0,0.00,True,"generated for hackathon starter kit, not a real portfolio",0.00,Kitisuru,6625.2,False
severe,25.0,NBO-0535,-1.295993,36.743629,semi_permanent,2675000.00,0.0,0.0,0.0,1.0,0.00,True,"generated for hackathon starter kit, not a real portfolio",0.00,Kawangware,2143.2,False
severe,25.0,NBO-0536,-1.225209,36.858199,informal_iron_sheet,2490000.00,0.0,0.0,0.0,1.0,0.00,True,"generated for hackathon starter kit, not a real portfolio",0.00,Mathare,3967.8,False
severe,25.0,NBO-0537,-1.22413,36.847103,informal_iron_sheet,1275000.00,0.0,0.0,0.0,1.0,0.00,True,"generated for hackathon starter kit, not a real portfolio",0.00,Mathare,4663.6,False
severe,25.0,NBO-0538,-1.27839,36.927619,semi_permanent,5200000.00,0.0,0.0,0.0,1.0,0.00,True,"generated for hackathon starter kit, not a real portfolio",0.00,Kayole,1587.0,True
severe,25.0,NBO-0539,-1.312574,36.820574,informal_iron_sheet,490000.00,0.0,0.0,0.0,1.0,0.00,True,"generated for hackathon starter kit, not a real portfolio",0.00,Nairobi West,513.9,True
severe,25.0,NBO-0540,-1.324529,36.76911,semi_permanent,7295000.00,0.0,0.0,0.0,1.0,0.00,True,"generated for hackathon starter kit, not a real portfolio",0.00,Lang'ata,2400.9,False
severe,25.0,NBO-0541,-1.212603,36.730007,informal_iron_sheet,980000.00,0.0,0.0,0.0,1.0,0.00,True,"generated for hackathon starter kit, not a real portfolio",0.00,Kitisuru,5507.9,False
severe,25.0,NBO-0542,-1.189111,36.888,permanent_masonry,22450000.00,0.0,0.0,0.0,1.0,0.00,True,"generated for hackathon starter kit, not a real portfolio",0.00,Dandora,6521.8,False
severe,25.0,NBO-0543,-1.315547,36.926666,informal_iron_sheet,925000.00,0.0,0.0,0.0,1.0,0.00,True,"generated for hackathon starter kit, not a real portfolio",0.00,Fedha,3131.7,False
severe,25.0,NBO-0544,-1.257331,36.882131,permanent_masonry,76430000.00,0.0,0.0,0.0,1.0,0.00,True,"generated for hackathon starter kit, not a real portfolio",0.00,Kariobangi,197.5,True
severe,25.0,NBO-0545,-1.242225,36.740313,permanent_masonry,39810000.00,0.0,0.0,0.0,1.0,0.00,True,"generated for hackathon starter kit, not a real portfolio",0.00,Kangemi,3161.3,False
severe,25.0,NBO-0546,-1.330179,36.854297,informal_iron_sheet,925000.00,0.0,0.0,0.0,1.0,0.00,True,"generated for hackathon starter kit, not a real portfolio",0.00,Nairobi West,4211.0,False
severe,25.0,NBO-0547,-1.200929,36.924815,informal_iron_sheet,1475000.00,0.2630104720592499,0.3945157080888748,0.3124900531768799,1.0,460922.83,True,"generated for hackathon starter kit, not a real portfolio",446172.83,Mwiki,3661.8,False
severe,25.0,NBO-0548,-1.316532,36.819529,informal_iron_sheet,945000.00,0.0,0.0,0.0,1.0,0.00,True,"generated for hackathon starter kit, not a real portfolio",0.00,Nairobi West,956.8,True
severe,25.0,NBO-0549,-1.237462,36.709771,semi_permanent,5080000.00,0.0,0.0,0.0,1.0,0.00,True,"generated for hackathon starter kit, not a real portfolio",0.00,Kangemi,5821.1,False
severe,25.0,NBO-0550,-1.259167,36.767873,permanent_masonry,34820000.00,0.0,0.0,0.0,1.0,0.00,True,"generated for hackathon starter kit, not a real portfolio",0.00,Lavington,1899.4,True
severe,25.0,NBO-0551,-1.229688,36.86457,permanent_masonry,42840000.00,0.0,0.0,0.0,1.0,0.00,True,"generated for hackathon starter kit, not a real portfolio",0.00,Mathare,3279.9,False
severe,25.0,NBO-0552,-1.250584,36.731432,informal_iron_sheet,1455000.00,0.0,0.0,0.0,1.0,0.00,True,"generated for hackathon starter kit, not a real portfolio",0.00,Kangemi,3022.2,False
severe,25.0,NBO-0553,-1.323114,36.787484,semi_permanent,3040000.00,0.0,0.0,0.0,1.0,0.00,True,"generated for hackathon starter kit, not a real portfolio",0.00,Lang'ata,538.9,True
severe,25.0,NBO-0554,-1.340246,36.945013,semi_permanent,5180000.00,0.0,0.0,0.0,1.0,0.00,True,"generated for hackathon starter kit, not a real portfolio",0.00,Fedha,5848.8,False
severe,25.0,NBO-0555,-1.234729,36.732582,permanent_masonry,28945000.00,0.0,0.0,0.0,1.0,0.00,True,"generated for hackathon starter kit, not a real portfolio",0.00,Kangemi,4300.7,False
severe,25.0,NBO-0556,-1.196393,36.809098,concrete_rcc,521240000.00,0.0,0.0,0.0,1.0,0.00,True,"generated for hackathon starter kit, not a real portfolio",0.00,Westlands,6134.2,False
severe,25.0,NBO-0557,-1.267599,36.862228,concrete_rcc,195090000.00,0.0,0.0,0.0,1.0,0.00,True,"generated for hackathon starter kit, not a real portfolio",0.00,Mathare,1432.5,True
severe,25.0,NBO-0558,-1.196781,36.753065,permanent_masonry,35710000.00,0.0,0.0,0.0,1.0,0.00,True,"generated for hackathon starter kit, not a real portfolio",0.00,Kitisuru,5243.1,False
severe,25.0,NBO-0559,-1.180076,36.902401,semi_permanent,4615000.00,0.0,0.0,0.0,1.0,0.00,True,"generated for hackathon starter kit, not a real portfolio",0.00,Mwiki,6789.0,False
severe,25.0,NBO-0560,-1.255496,36.743072,semi_permanent,5635000.00,0.0,0.0,0.0,1.0,0.00,True,"generated for hackathon starter kit, not a real portfolio",0.00,Kangemi,1728.3,True
severe,25.0,NBO-0561,-1.295388,36.849583,concrete_rcc,432790000.00,0.0,0.0,0.0,1.0,0.00,True,"generated for hackathon starter kit, not a real portfolio",0.00,Kiambiu,2118.6,False
severe,25.0,NBO-0562,-1.315337,36.709384,informal_iron_sheet,520000.00,0.0,0.0,0.0,1.0,0.00,True,"generated for hackathon starter kit, not a real portfolio",0.00,Kawangware,6235.4,False
severe,25.0,NBO-0563,-1.25133,36.949922,informal_iron_sheet,1345000.00,0.0,0.0,0.0,1.0,0.00,True,"generated for hackathon starter kit, not a real portfolio",0.00,Mwiki,2773.6,False
severe,25.0,NBO-0564,-1.19492,36.831777,permanent_masonry,74785000.00,0.0,0.0,0.0,1.0,0.00,True,"generated for hackathon starter kit, not a real portfolio",0.00,Westlands,7664.4,False
severe,25.0,NBO-0565,-1.343686,36.759716,informal_iron_sheet,410000.00,0.0,0.0,0.0,1.0,0.00,True,"generated for hackathon starter kit, not a real portfolio",0.00,Lang'ata,4344.8,False
severe,25.0,NBO-0566,-1.263318,36.733818,semi_permanent,5305000.00,0.0,0.0,0.0,1.0,0.00,True,"generated for hackathon starter kit, not a real portfolio",0.00,Kangemi,2119.4,False
severe,25.0,NBO-0567,-1.182158,36.710157,informal_iron_sheet,2375000.00,0.0,0.0,0.0,1.0,0.00,True,"generated for hackathon starter kit, not a real portfolio",0.00,Kitisuru,9365.2,False
severe,25.0,NBO-0568,-1.215505,36.766714,informal_iron_sheet,1325000.00,0.0,0.0,0.0,1.0,0.00,True,"generated for hackathon starter kit, not a real portfolio",0.00,Kitisuru,2807.1,False
severe,25.0,NBO-0569,-1.227372,36.910585,permanent_masonry,51120000.00,0.2046443223953247,0.30696648359298706,0.1350652527809143,1.0,6904535.72,True,"generated for hackathon starter kit, not a real portfolio",6393335.72,Dandora,2013.2,False
severe,25.0,NBO-0570,-1.301884,36.762107,permanent_masonry,59055000.00,0.0,0.0,0.0,1.0,0.00,True,"generated for hackathon starter kit, not a real portfolio",0.00,Kawangware,2852.3,False
severe,25.0,NBO-0571,-1.343186,36.934871,concrete_rcc,404475000.00,0.0,0.0,0.0,1.0,0.00,True,"generated for hackathon starter kit, not a real portfolio",0.00,Fedha,5070.8,False
severe,25.0,NBO-0572,-1.218469,36.948093,concrete_rcc,831600000.00,0.0,0.0,0.0,1.0,0.00,True,"generated for hackathon starter kit, not a real portfolio",0.00,Mwiki,2289.2,False
severe,25.0,NBO-0573,-1.209108,36.843527,informal_iron_sheet,705000.00,0.0,0.0,0.0,1.0,0.00,True,"generated for hackathon starter kit, not a real portfolio",0.00,Mathare,6290.4,False
severe,25.0,NBO-0574,-1.328134,36.729186,semi_permanent,6125000.00,0.0,0.0,0.0,1.0,0.00,True,"generated for hackathon starter kit, not a real portfolio",0.00,Kawangware,6061.2,False
severe,25.0,NBO-0575,-1.330035,36.785141,permanent_masonry,56840000.00,0.0,0.0,0.0,1.0,0.00,True,"generated for hackathon starter kit, not a real portfolio",0.00,Lang'ata,1344.0,True
severe,25.0,NBO-0576,-1.32098,36.87598,semi_permanent,4980000.00,0.0,0.0,0.0,1.0,0.00,True,"generated for hackathon starter kit, not a real portfolio",0.00,Fedha,2571.6,False
severe,25.0,NBO-0577,-1.254205,36.793286,permanent_masonry,81530000.00,0.0,0.0,0.0,1.0,0.00,True,"generated for hackathon starter kit, not a real portfolio",0.00,Westlands,1171.0,True
severe,25.0,NBO-0578,-1.255227,36.862573,concrete_rcc,219745000.00,0.0,0.0,0.0,1.0,0.00,True,"generated for hackathon starter kit, not a real portfolio",0.00,Mathare,1029.3,True
severe,25.0,NBO-0579,-1.284944,36.872587,informal_iron_sheet,1100000.00,0.0,0.0,0.0,1.0,0.00,True,"generated for hackathon starter kit, not a real portfolio",0.00,Kiambiu,1062.4,True
severe,25.0,NBO-0580,-1.184273,36.742328,informal_iron_sheet,1260000.00,0.0,0.0,0.0,1.0,0.00,True,"generated for hackathon starter kit, not a real portfolio",0.00,Kitisuru,7007.3,False
severe,25.0,NBO-0581,-1.223779,36.773558,informal_iron_sheet,855000.00,0.0,0.0,0.0,1.0,0.00,True,"generated for hackathon starter kit, not a real portfolio",0.00,Kitisuru,1867.1,True
severe,25.0,NBO-0582,-1.260893,36.864061,informal_iron_sheet,2070000.00,0.0,0.0,0.0,1.0,0.00,True,"generated for hackathon starter kit, not a real portfolio",0.00,Mathare,847.0,True
severe,25.0,NBO-0583,-1.318733,36.827757,informal_iron_sheet,815000.00,0.0,0.0,0.0,1.0,0.00,True,"generated for hackathon starter kit, not a real portfolio",0.00,Nairobi West,1229.8,True
severe,25.0,NBO-0584,-1.337643,36.82649,informal_iron_sheet,1585000.00,0.0,0.0,0.0,1.0,0.00,True,"generated for hackathon starter kit, not a real portfolio",0.00,Nairobi West,3240.1,False
severe,25.0,NBO-0585,-1.267538,36.730176,permanent_masonry,57585000.00,0.0,0.0,0.0,1.0,0.00,True,"generated for hackathon starter kit, not a real portfolio",0.00,Kangemi,2459.7,False
severe,25.0,NBO-0586,-1.196646,36.92581,permanent_masonry,37075000.00,0.0,0.0,0.0,1.0,0.00,True,"generated for hackathon starter kit, not a real portfolio",0.00,Mwiki,4100.1,False
severe,25.0,NBO-0587,-1.230529,36.707301,semi_permanent,3810000.00,0.0,0.0,0.0,1.0,0.00,True,"generated for hackathon starter kit, not a real portfolio",0.00,Kangemi,6510.6,False
severe,25.0,NBO-0588,-1.194468,36.887787,permanent_masonry,92395000.00,0.1571873128414154,0.2357809692621231,0.10374362647533417,1.0,9585392.37,True,"generated for hackathon starter kit, not a real portfolio",8661442.37,Dandora,5966.0,False
severe,25.0,NBO-0589,-1.303936,36.77295,concrete_rcc,767380000.00,0.0,0.0,0.0,1.0,0.00,True,"generated for hackathon starter kit, not a real portfolio",0.00,Kibera,1964.7,True
severe,25.0,NBO-0590,-1.284527,36.892554,permanent_masonry,50695000.00,0.0,0.0,0.0,1.0,0.00,True,"generated for hackathon starter kit, not a real portfolio",0.00,Donholm,1689.9,True
severe,25.0,NBO-0591,-1.268694,36.778328,semi_permanent,5395000.00,0.0,0.0,0.0,1.0,0.00,True,"generated for hackathon starter kit, not a real portfolio",0.00,Lavington,641.6,True
severe,25.0,NBO-0592,-1.311754,36.901046,permanent_masonry,62610000.00,0.0,0.0,0.0,1.0,0.00,True,"generated for hackathon starter kit, not a real portfolio",0.00,Fedha,519.6,True
severe,25.0,NBO-0593,-1.243736,36.854758,semi_permanent,2520000.00,0.0,0.0,0.0,1.0,0.00,True,"generated for hackathon starter kit, not a real portfolio",0.00,Mathare,2456.0,False
severe,25.0,NBO-0594,-1.325088,36.940654,informal_iron_sheet,1090000.00,0.0,0.0,0.0,1.0,0.00,True,"generated for hackathon starter kit, not a real portfolio",0.00,Fedha,4802.2,False
severe,25.0,NBO-0595,-1.259297,36.878847,permanent_masonry,40365000.00,0.0,0.0,0.0,1.0,0.00,True,"generated for hackathon starter kit, not a real portfolio",0.00,Kariobangi,341.6,True
severe,25.0,NBO-0596,-1.268638,36.924316,informal_iron_sheet,640000.00,0.1568341851234436,0.2352512776851654,0.20702112436294556,1.0,132493.52,True,"generated for hackathon starter kit, not a real portfolio",126093.52,Kayole,589.5,True
severe,25.0,NBO-0597,-1.296252,36.788082,informal_iron_sheet,780000.00,0.0,0.0,0.0,1.0,0.00,True,"generated for hackathon starter kit, not a real portfolio",0.00,Kibera,1680.1,True
severe,25.0,NBO-0598,-1.340629,36.87552,semi_permanent,6200000.00,0.0,0.0,0.0,1.0,0.00,True,"generated for hackathon starter kit, not a real portfolio",0.00,Fedha,3771.7,False
severe,25.0,NBO-0599,-1.298736,36.871765,concrete_rcc,704215000.00,0.0,0.0,0.0,1.0,0.00,True,"generated for hackathon starter kit, not a real portfolio",0.00,Donholm,1882.1,True
moderate,50.0,NBO-0000,-1.314897,36.935883,semi_permanent,5170000.00,0.0,0.0,0.0,1.0,0.00,True,"generated for hackathon starter kit, not a real portfolio",0.00,Fedha,4157.1,False
moderate,50.0,NBO-0001,-1.219963,36.789855,informal_iron_sheet,625000.00,0.0,0.0,0.0,1.0,0.00,True,"generated for hackathon starter kit, not a real portfolio",0.00,Westlands,2983.6,False
moderate,50.0,NBO-0002,-1.257597,36.896201,semi_permanent,3300000.00,0.3452048897743225,0.5178073346614838,0.2809311294555664,1.0,927072.73,True,"generated for hackathon starter kit, not a real portfolio",894072.73,Kariobangi,1597.0,True
moderate,50.0,NBO-0003,-1.194103,36.84782,semi_permanent,7945000.00,0.0,0.0,0.0,1.0,0.00,True,"generated for hackathon starter kit, not a real portfolio",0.00,Mathare,7611.4,False
moderate,50.0,NBO-0004,-1.263191,36.773582,semi_permanent,12400000.00,0.0,0.0,0.0,1.0,0.00,True,"generated for hackathon starter kit, not a real portfolio",0.00,Lavington,1244.7,True
moderate,50.0,NBO-0005,-1.202301,36.930681,informal_iron_sheet,1570000.00,0.6007488965988159,0.9011233448982239,0.5964942717552185,1.0,936496.01,True,"generated for hackathon starter kit, not a real portfolio",920796.01,Mwiki,3398.8,False
moderate,50.0,NBO-0006,-1.297331,36.917333,informal_iron_sheet,625000.00,0.0,0.0,0.0,1.0,0.00,True,"generated for hackathon starter kit, not a real portfolio",0.00,Tassia,2345.8,False
moderate,50.0,NBO-0007,-1.29008,36.791035,informal_iron_sheet,660000.00,0.0,0.0,0.0,1.0,0.00,True,"generated for hackathon starter kit, not a real portfolio",0.00,Kileleshwa,1524.4,True
moderate,50.0,NBO-0008,-1.255438,36.943294,semi_permanent,4620000.00,0.06413447856903076,0.09620171785354614,0.05643834114074707,1.0,260745.14,True,"generated for hackathon starter kit, not a real portfolio",214545.14,Mwiki,2757.3,False
moderate,50.0,NBO-0009,-1.337945,36.756131,permanent_masonry,42965000.00,0.0,0.0,0.0,1.0,0.00,True,"generated for hackathon starter kit, not a real portfolio",0.00,Lang'ata,4314.4,False
moderate,50.0,NBO-0010,-1.275674,36.901374,semi_permanent,3960000.00,0.0,0.0,0.0,1.0,0.00,True,"generated for hackathon starter kit, not a real portfolio",0.00,Komarock,783.0,True
moderate,50.0,NBO-0011,-1.198387,36.870224,informal_iron_sheet,1405000.00,0.0,0.0,0.0,1.0,0.00,True,"generated for hackathon starter kit, not a real portfolio",0.00,Dandora,6530.6,False
moderate,50.0,NBO-0012,-1.238124,36.817765,permanent_masonry,35135000.00,0.0,0.0,0.0,1.0,0.00,True,"generated for hackathon starter kit, not a real portfolio",0.00,Parklands,2884.2,False
moderate,50.0,NBO-0013,-1.191036,36.707701,informal_iron_sheet,520000.00,0.0,0.0,0.0,1.0,0.00,True,"generated for hackathon starter kit, not a real portfolio",0.00,Kitisuru,8925.8,False
moderate,50.0,NBO-0014,-1.193437,36.9237,semi_permanent,5425000.00,0.17227646708488464,0.25841470062732697,0.1516032910346985,1.0,822447.85,True,"generated for hackathon starter kit, not a real portfolio",768197.85,Mwiki,4499.7,False
moderate,50.0,NBO-0015,-1.332391,36.843408,permanent_masonry,35180000.00,0.0,0.0,0.0,1.0,0.00,True,"generated for hackathon starter kit, not a real portfolio",0.00,Nairobi West,3469.3,False
moderate,50.0,NBO-0016,-1.306308,36.797577,semi_permanent,5030000.00,0.0,0.0,0.0,1.0,0.00,True,"generated for hackathon starter kit, not a real portfolio",0.00,Kibera,1105.1,True
moderate,50.0,NBO-0017,-1.224443,36.78867,semi_permanent,5185000.00,0.0,0.0,0.0,1.0,0.00,True,"generated for hackathon starter kit, not a real portfolio",0.00,Westlands,2472.6,False
moderate,50.0,NBO-0018,-1.274224,36.862993,informal_iron_sheet,715000.00,0.0,0.0,0.0,1.0,0.00,True,"generated for hackathon starter kit, not a real portfolio",0.00,Kiambiu,896.5,True
moderate,50.0,NBO-0019,-1.215378,36.786757,semi_permanent,2160000.00,0.0,0.0,0.0,1.0,0.00,True,"generated for hackathon starter kit, not a real portfolio",0.00,Kitisuru,3284.0,False
moderate,50.0,NBO-0020,-1.268428,36.826895,concrete_rcc,579255000.00,0.0,0.0,0.0,1.0,0.00,True,"generated for hackathon starter kit, not a real portfolio",0.00,Parklands,1904.2,True
moderate,50.0,NBO-0021,-1.31688,36.792734,semi_permanent,4265000.00,0.0,0.0,0.0,1.0,0.00,True,"generated for hackathon starter kit, not a real portfolio",0.00,Lang'ata,383.8,True
moderate,50.0,NBO-0022,-1.30153,36.713801,permanent_masonry,48815000.00,0.0,0.0,0.0,1.0,0.00,True,"generated for hackathon starter kit, not a real portfolio",0.00,Kawangware,4927.1,False
moderate,50.0,NBO-0023,-1.255021,36.762602,informal_iron_sheet,885000.00,0.0,0.0,0.0,1.0,0.00,True,"generated for hackathon starter kit, not a real portfolio",0.00,Kangemi,1843.3,True
moderate,50.0,NBO-0024,-1.198924,36.910241,concrete_rcc,229970000.00,0.23669478297233582,0.3550421744585037,0.12016812058595512,1.0,27635062.69,True,"generated for hackathon starter kit, not a real portfolio",25335362.69,Mwiki,4550.4,False
moderate,50.0,NBO-0025,-1.346206,36.904539,semi_permanent,3935000.00,0.0,0.0,0.0,1.0,0.00,True,"generated for hackathon starter kit, not a real portfolio",0.00,Fedha,3461.3,False
moderate,50.0,NBO-0026,-1.263277,36.866831,permanent_masonry,44030000.00,0.0,0.0,0.0,1.0,0.00,True,"generated for hackathon starter kit, not a real portfolio",0.00,Mathare,731.6,True
moderate,50.0,NBO-0027,-1.255159,36.817647,concrete_rcc,239875000.00,0.0,0.0,0.0,1.0,0.00,True,"generated for hackathon starter kit, not a real portfolio",0.00,Parklands,1175.1,True
moderate,50.0,NBO-0028,-1.194738,36.942461,semi_permanent,3275000.00,0.14325270056724548,0.21487905085086823,0.12606237649917604,1.0,412854.28,True,"generated for hackathon starter kit, not a real portfolio",380104.28,Mwiki,4349.3,False
moderate,50.0,NBO-0029,-1.341011,36.910065,concrete_rcc,398200000.00,0.0,0.0,0.0,1.0,0.00,True,"generated for hackathon starter kit, not a real portfolio",0.00,Fedha,3097.5,False
moderate,50.0,NBO-0030,-1.281853,36.761267,informal_iron_sheet,755000.00,0.0,0.0,0.0,1.0,0.00,True,"generated for hackathon starter kit, not a real portfolio",0.00,Kawangware,1134.3,True
moderate,50.0,NBO-0031,-1.229115,36.841887,permanent_masonry,23060000.00,0.0,0.0,0.0,1.0,0.00,True,"generated for hackathon starter kit, not a real portfolio",0.00,Mathare,4613.2,False
moderate,50.0,NBO-0032,-1.315429,36.938988,informal_iron_sheet,670000.00,0.0,0.0,0.0,1.0,0.00,True,"generated for hackathon starter kit, not a real portfolio",0.00,Fedha,4501.5,False
moderate,50.0,NBO-0033,-1.237085,36.896404,informal_iron_sheet,1165000.00,0.4589376747608185,0.6884065121412277,0.4930439072847367,1.0,574396.15,True,"generated for hackathon starter kit, not a real portfolio",562746.15,Dandora,1383.4,True
moderate,50.0,NBO-0034,-1.306502,36.792338,semi_permanent,5695000.00,0.0,0.0,0.0,1.0,0.00,True,"generated for hackathon starter kit, not a real portfolio",0.00,Kibera,652.9,True
moderate,50.0,NBO-0035,-1.259929,36.817481,semi_permanent,3940000.00,0.0,0.0,0.0,1.0,0.00,True,"generated for hackathon starter kit, not a real portfolio",0.00,Parklands,837.6,True
moderate,50.0,NBO-0036,-1.256369,36.829457,permanent_masonry,31480000.00,0.20927287638187408,0.3139093145728111,0.1381200984120369,1.0,4348020.70,True,"generated for hackathon starter kit, not a real portfolio",4033220.70,Parklands,2221.5,False
moderate,50.0,NBO-0037,-1.331936,36.925473,informal_iron_sheet,780000.00,0.0,0.0,0.0,1.0,0.00,True,"generated for hackathon starter kit, not a real portfolio",0.00,Fedha,3502.2,False
moderate,50.0,NBO-0038,-1.257297,36.878574,permanent_masonry,57240000.00,0.0,0.0,0.0,1.0,0.00,True,"generated for hackathon starter kit, not a real portfolio",0.00,Kariobangi,421.6,True
moderate,50.0,NBO-0039,-1.265985,36.799534,informal_iron_sheet,1500000.00,0.0,0.0,0.0,1.0,0.00,True,"generated for hackathon starter kit, not a real portfolio",0.00,Chiromo,933.0,True
moderate,50.0,NBO-0040,-1.313586,36.81551,concrete_rcc,341070000.00,0.0,0.0,0.0,1.0,0.00,True,"generated for hackathon starter kit, not a real portfolio",0.00,Madaraka,687.7,True
moderate,50.0,NBO-0041,-1.347614,36.723077,concrete_rcc,263095000.00,0.0,0.0,0.0,1.0,0.00,True,"generated for hackathon starter kit, not a real portfolio",0.00,Lang'ata,8090.8,False
moderate,50.0,NBO-0042,-1.216402,36.823009,semi_permanent,3535000.00,0.0,0.0,0.0,1.0,0.00,True,"generated for hackathon starter kit, not a real portfolio",0.00,Westlands,5299.0,False
moderate,50.0,NBO-0043,-1.272502,36.757256,semi_permanent,3605000.00,0.0,0.0,0.0,1.0,0.00,True,"generated for hackathon starter kit, not a real portfolio",0.00,Kangemi,744.1,True
moderate,50.0,NBO-0044,-1.266109,36.723283,semi_permanent,3690000.00,0.0,0.0,0.0,1.0,0.00,True,"generated for hackathon starter kit, not a real portfolio",0.00,Kangemi,3232.3,False
moderate,50.0,NBO-0045,-1.286932,36.722819,concrete_rcc,427250000.00,0.0,0.0,0.0,1.0,0.00,True,"generated for hackathon starter kit, not a real portfolio",0.00,Kawangware,3339.8,False
moderate,50.0,NBO-0046,-1.288172,36.753956,permanent_masonry,76160000.00,0.0,0.0,0.0,1.0,0.00,True,"generated for hackathon starter kit, not a real portfolio",0.00,Kawangware,1109.8,True
moderate,50.0,NBO-0047,-1.253496,36.874782,permanent_masonry,34465000.00,0.0823688730597496,0.1235533095896244,0.05436345621943474,1.0,1873636.52,True,"generated for hackathon starter kit, not a real portfolio",1528986.52,Mathare,672.3,True
moderate,50.0,NBO-0048,-1.255831,36.744796,permanent_masonry,43405000.00,0.0,0.0,0.0,1.0,0.00,True,"generated for hackathon starter kit, not a real portfolio",0.00,Kangemi,1590.1,True
moderate,50.0,NBO-0049,-1.289351,36.842097,concrete_rcc,716255000.00,0.0,0.0,0.0,1.0,0.00,True,"generated for hackathon starter kit, not a real portfolio",0.00,Kiambiu,2496.5,False
moderate,50.0,NBO-0050,-1.251175,36.850655,informal_iron_sheet,795000.00,0.0,0.0,0.0,1.0,0.00,True,"generated for hackathon starter kit, not a real portfolio",0.00,Mathare,2428.5,False
moderate,50.0,NBO-0051,-1.288834,36.941566,concrete_rcc,706790000.00,0.09263093024492264,0.13894639536738396,0.04702801073972995,1.0,33238927.71,True,"generated for hackathon starter kit, not a real portfolio",26171027.71,Kayole,3482.0,False
moderate,50.0,NBO-0052,-1.274863,36.81455,semi_permanent,4795000.00,0.0,0.0,0.0,1.0,0.00,True,"generated for hackathon starter kit, not a real portfolio",0.00,Chiromo,1012.4,True
moderate,50.0,NBO-0053,-1.288657,36.893632,informal_iron_sheet,805000.00,0.0,0.0,0.0,1.0,0.00,True,"generated for hackathon starter kit, not a real portfolio",0.00,Donholm,1297.3,True
moderate,50.0,NBO-0054,-1.345737,36.708724,informal_iron_sheet,1860000.00,0.0,0.0,0.0,1.0,0.00,True,"generated for hackathon starter kit, not a real portfolio",0.00,Kawangware,8872.5,False
moderate,50.0,NBO-0055,-1.338598,36.861152,informal_iron_sheet,695000.00,0.0,0.0,0.0,1.0,0.00,True,"generated for hackathon starter kit, not a real portfolio",0.00,Fedha,4871.7,False
moderate,50.0,NBO-0056,-1.195179,36.945076,permanent_masonry,45575000.00,0.11650748550891876,0.17476122826337814,0.07689494043588638,1.0,3504486.91,True,"generated for hackathon starter kit, not a real portfolio",3048736.91,Mwiki,4379.9,False
moderate,50.0,NBO-0057,-1.269395,36.711846,permanent_masonry,88405000.00,0.0,0.0,0.0,1.0,0.00,True,"generated for hackathon starter kit, not a real portfolio",0.00,Kangemi,4499.5,False
moderate,50.0,NBO-0058,-1.326314,36.926912,semi_permanent,4960000.00,0.0,0.0,0.0,1.0,0.00,True,"generated for hackathon starter kit, not a real portfolio",0.00,Fedha,3373.4,False
moderate,50.0,NBO-0059,-1.242227,36.738945,permanent_masonry,31905000.00,0.0,0.0,0.0,1.0,0.00,True,"generated for hackathon starter kit, not a real portfolio",0.00,Kangemi,3228.1,False
moderate,50.0,NBO-0060,-1.207116,36.868812,semi_permanent,6050000.00,0.0,0.0,0.0,1.0,0.00,True,"generated for hackathon starter kit, not a real portfolio",0.00,Mathare,5710.7,False
moderate,50.0,NBO-0061,-1.290067,36.706319,semi_permanent,5495000.00,0.0,0.0,0.0,1.0,0.00,True,"generated for hackathon starter kit, not a real portfolio",0.00,Kawangware,5201.1,False
moderate,50.0,NBO-0062,-1.278869,36.715366,semi_permanent,6215000.00,0.0,0.0,0.0,1.0,0.00,True,"generated for hackathon starter kit, not a real portfolio",0.00,Kawangware,4033.1,False
moderate,50.0,NBO-0063,-1.194166,36.733674,semi_permanent,2720000.00,0.0,0.0,0.0,1.0,0.00,True,"generated for hackathon starter kit, not a real portfolio",0.00,Kitisuru,6606.9,False
moderate,50.0,NBO-0064,-1.192382,36.925331,informal_iron_sheet,1520000.00,0.0,0.0,0.0,1.0,0.00,True,"generated for hackathon starter kit, not a real portfolio",0.00,Mwiki,4575.4,False
moderate,50.0,NBO-0065,-1.209508,36.895722,permanent_masonry,107485000.00,0.0,0.0,0.0,1.0,0.00,True,"generated for hackathon starter kit, not a real portfolio",0.00,Dandora,4101.3,False
moderate,50.0,NBO-0066,-1.272078,36.865447,informal_iron_sheet,1120000.00,0.0,0.0,0.0,1.0,0.00,True,"generated for hackathon starter kit, not a real portfolio",0.00,Kiambiu,1156.3,True
moderate,50.0,NBO-0067,-1.290213,36.862364,informal_iron_sheet,1155000.00,0.0,0.0,0.0,1.0,0.00,True,"generated for hackathon starter kit, not a real portfolio",0.00,Kiambiu,890.2,True
moderate,50.0,NBO-0068,-1.339728,36.77344,informal_iron_sheet,1240000.00,0.0,0.0,0.0,1.0,0.00,True,"generated for hackathon starter kit, not a real portfolio",0.00,Lang'ata,2951.9,False
moderate,50.0,NBO-0069,-1.22829,36.832026,semi_permanent,5025000.00,0.0,0.0,0.0,1.0,0.00,True,"generated for hackathon starter kit, not a real portfolio",0.00,Parklands,4539.5,False
moderate,50.0,NBO-0070,-1.316407,36.820467,permanent_masonry,34970000.00,0.0,0.0,0.0,1.0,0.00,True,"generated for hackathon starter kit, not a real portfolio",0.00,Nairobi West,905.3,True
moderate,50.0,NBO-0071,-1.220708,36.937779,semi_permanent,3840000.00,0.2738593816757202,0.4107890725135803,0.23527000427246095,1.0,903436.82,True,"generated for hackathon starter kit, not a real portfolio",865036.82,Mwiki,1430.6,True
moderate,50.0,NBO-0072,-1.203775,36.813551,concrete_rcc,1196260000.00,0.0,0.0,0.0,1.0,0.00,True,"generated for hackathon starter kit, not a real portfolio",0.00,Westlands,5650.6,False
moderate,50.0,NBO-0073,-1.265598,36.886731,semi_permanent,3550000.00,0.1612778902053833,0.24191683530807495,0.14192454338073732,1.0,503832.13,True,"generated for hackathon starter kit, not a real portfolio",468332.13,Kariobangi,899.9,True
moderate,50.0,NBO-0074,-1.246897,36.789663,semi_permanent,3200000.00,0.0,0.0,0.0,1.0,0.00,True,"generated for hackathon starter kit, not a real portfolio",0.00,Westlands,400.9,True
moderate,50.0,NBO-0075,-1.242933,36.931356,concrete_rcc,161250000.00,0.27776724100112915,0.4166508615016937,0.14102029158518864,1.0,22739522.02,True,"generated for hackathon starter kit, not a real portfolio",21127022.02,Mwiki,1151.3,True
moderate,50.0,NBO-0076,-1.305358,36.913093,informal_iron_sheet,995000.00,0.0,0.0,0.0,1.0,0.00,True,"generated for hackathon starter kit, not a real portfolio",0.00,Tassia,1621.7,True
moderate,50.0,NBO-0077,-1.298235,36.947971,informal_iron_sheet,510000.00,0.0,0.0,0.0,1.0,0.00,True,"generated for hackathon starter kit, not a real portfolio",0.00,Kayole,4730.1,False
moderate,50.0,NBO-0078,-1.297084,36.756761,permanent_masonry,71955000.00,0.0,0.0,0.0,1.0,0.00,True,"generated for hackathon starter kit, not a real portfolio",0.00,Kawangware,2147.3,False
moderate,50.0,NBO-0079,-1.240748,36.917596,semi_permanent,3200000.00,0.43286147713661194,0.6492922157049179,0.3370313453674316,1.0,1078500.31,True,"generated for hackathon starter kit, not a real portfolio",1046500.31,Dandora,1361.2,True
moderate,50.0,NBO-0080,-1.204947,36.819248,concrete_rcc,534130000.00,0.0,0.0,0.0,1.0,0.00,True,"generated for hackathon starter kit, not a real portfolio",0.00,Westlands,5914.1,False
moderate,50.0,NBO-0081,-1.223301,36.827346,informal_iron_sheet,1670000.00,0.0,0.0,0.0,1.0,0.00,True,"generated for hackathon starter kit, not a real portfolio",0.00,Parklands,4795.9,False
moderate,50.0,NBO-0082,-1.245203,36.83545,informal_iron_sheet,1090000.00,0.0,0.0,0.0,1.0,0.00,True,"generated for hackathon starter kit, not a real portfolio",0.00,Parklands,3399.6,False
moderate,50.0,NBO-0083,-1.334989,36.72296,semi_permanent,3375000.00,0.0,0.0,0.0,1.0,0.00,True,"generated for hackathon starter kit, not a real portfolio",0.00,Kawangware,7047.9,False
moderate,50.0,NBO-0084,-1.286346,36.920269,permanent_masonry,66900000.00,0.0,0.0,0.0,1.0,0.00,True,"generated for hackathon starter kit, not a real portfolio",0.00,Komarock,2063.6,False
moderate,50.0,NBO-0085,-1.273428,36.851099,concrete_rcc,491280000.00,0.0,0.0,0.0,1.0,0.00,True,"generated for hackathon starter kit, not a real portfolio",0.00,Kiambiu,1685.5,True
moderate,50.0,NBO-0086,-1.232924,36.726327,informal_iron_sheet,1010000.00,0.0,0.0,0.0,1.0,0.00,True,"generated for hackathon starter kit, not a real portfolio",0.00,Kangemi,4853.2,False
moderate,50.0,NBO-0087,-1.210741,36.884764,semi_permanent,3110000.00,0.0,0.0,0.0,1.0,0.00,True,"generated for hackathon starter kit, not a real portfolio",0.00,Dandora,4477.7,False
moderate,50.0,NBO-0088,-1.269745,36.728359,permanent_masonry,69520000.00,0.0,0.0,0.0,1.0,0.00,True,"generated for hackathon starter kit, not a real portfolio",0.00,Kangemi,2668.1,False
moderate,50.0,NBO-0089,-1.212553,36.795312,permanent_masonry,32095000.00,0.0795527771115303,0.11932916566729546,0.05250483289361,1.0,1685142.61,True,"generated for hackathon starter kit, not a real portfolio",1364192.61,Westlands,3914.9,False
moderate,50.0,NBO-0090,-1.272165,36.867382,semi_permanent,3080000.00,0.0,0.0,0.0,1.0,0.00,True,"generated for hackathon starter kit, not a real portfolio",0.00,Kiambiu,1207.9,True
moderate,50.0,NBO-0091,-1.308021,36.816316,permanent_masonry,37840000.00,0.0,0.0,0.0,1.0,0.00,True,"generated for hackathon starter kit, not a real portfolio",0.00,Madaraka,128.7,True
moderate,50.0,NBO-0092,-1.333203,36.716242,semi_permanent,4880000.00,0.0,0.0,0.0,1.0,0.00,True,"generated for hackathon starter kit, not a real portfolio",0.00,Kawangware,7248.2,False
moderate,50.0,NBO-0093,-1.299334,36.855565,informal_iron_sheet,1040000.00,0.0,0.0,0.0,1.0,0.00,True,"generated for hackathon starter kit, not a real portfolio",0.00,Kiambiu,2087.7,False
moderate,50.0,NBO-0094,-1.271576,36.791682,informal_iron_sheet,695000.00,0.0,0.0,0.0,1.0,0.00,True,"generated for hackathon starter kit, not a real portfolio",0.00,Kileleshwa,711.0,True
moderate,50.0,NBO-0095,-1.224116,36.795335,semi_permanent,4705000.00,0.0,0.0,0.0,1.0,0.00,True,"generated for hackathon starter kit, not a real portfolio",0.00,Westlands,2696.3,False
moderate,50.0,NBO-0096,-1.201989,36.740738,informal_iron_sheet,1010000.00,0.0,0.0,0.0,1.0,0.00,True,"generated for hackathon starter kit, not a real portfolio",0.00,Kitisuru,5437.2,False
moderate,50.0,NBO-0097,-1.279198,36.745978,semi_permanent,5565000.00,0.0,0.0,0.0,1.0,0.00,True,"generated for hackathon starter kit, not a real portfolio",0.00,Kawangware,635.0,True
moderate,50.0,NBO-0098,-1.29751,36.948272,semi_permanent,5545000.00,0.0,0.0,0.0,1.0,0.00,True,"generated for hackathon starter kit, not a real portfolio",0.00,Kayole,4693.5,False
moderate,50.0,NBO-0099,-1.260843,36.851111,concrete_rcc,543755000.00,0.0,0.0,0.0,1.0,0.00,True,"generated for hackathon starter kit, not a real portfolio",0.00,Mathare,2256.7,False
moderate,50.0,NBO-0100,-1.286345,36.846856,semi_permanent,7865000.00,0.0,0.0,0.0,1.0,0.00,True,"generated for hackathon starter kit, not a real portfolio",0.00,Kiambiu,1895.1,True
moderate,50.0,NBO-0101,-1.30844,36.895244,informal_iron_sheet,1235000.00,0.0,0.0,0.0,1.0,0.00,True,"generated for hackathon starter kit, not a real portfolio",0.00,Tassia,404.2,True
moderate,50.0,NBO-0102,-1.222723,36.795885,semi_permanent,2150000.00,0.0,0.0,0.0,1.0,0.00,True,"generated for hackathon starter kit, not a real portfolio",0.00,Westlands,2862.8,False
moderate,50.0,NBO-0103,-1.306432,36.73854,semi_permanent,2925000.00,0.0,0.0,0.0,1.0,0.00,True,"generated for hackathon starter kit, not a real portfolio",0.00,Kawangware,3434.2,False
moderate,50.0,NBO-0104,-1.226248,36.851791,permanent_masonry,36035000.00,0.0,0.0,0.0,1.0,0.00,True,"generated for hackathon starter kit, not a real portfolio",0.00,Mathare,4181.0,False
moderate,50.0,NBO-0105,-1.23934,36.801209,permanent_masonry,43850000.00,0.0,0.0,0.0,1.0,0.00,True,"generated for hackathon starter kit, not a real portfolio",0.00,Westlands,1862.5,True
moderate,50.0,NBO-0106,-1.296068,36.800864,semi_permanent,3435000.00,0.0,0.0,0.0,1.0,0.00,True,"generated for hackathon starter kit, not a real portfolio",0.00,Madaraka,2043.8,False
moderate,50.0,NBO-0107,-1.213736,36.721958,permanent_masonry,55225000.00,0.0,0.0,0.0,1.0,0.00,True,"generated for hackathon starter kit, not a real portfolio",0.00,Kitisuru,6207.8,False
moderate,50.0,NBO-0108,-1.295765,36.805226,semi_permanent,4520000.00,0.0,0.0,0.0,1.0,0.00,True,"generated for hackathon starter kit, not a real portfolio",0.00,Madaraka,1714.1,True
moderate,50.0,NBO-0109,-1.207673,36.712984,informal_iron_sheet,1090000.00,0.0,0.0,0.0,1.0,0.00,True,"generated for hackathon starter kit, not a real portfolio",0.00,Kitisuru,7407.2,False
moderate,50.0,NBO-0110,-1.238154,36.925489,semi_permanent,7450000.00,0.08499031513929367,0.1274854727089405,0.07479147732257843,1.0,557196.51,True,"generated for hackathon starter kit, not a real portfolio",482696.51,Mwiki,1052.6,True
moderate,50.0,NBO-0111,-1.334044,36.793712,informal_iron_sheet,1090000.00,0.0,0.0,0.0,1.0,0.00,True,"generated for hackathon starter kit, not a real portfolio",0.00,Lang'ata,1728.2,True
moderate,50.0,NBO-0112,-1.271695,36.878829,permanent_masonry,27190000.00,0.0,0.0,0.0,1.0,0.00,True,"generated for hackathon starter kit, not a real portfolio",0.00,Kariobangi,1442.5,True
moderate,50.0,NBO-0113,-1.317103,36.847082,permanent_masonry,78030000.00,0.0,0.0,0.0,1.0,0.00,True,"generated for hackathon starter kit, not a real portfolio",0.00,Nairobi West,2825.2,False
moderate,50.0,NBO-0114,-1.268416,36.810036,permanent_masonry,72885000.00,0.0,0.0,0.0,1.0,0.00,True,"generated for hackathon starter kit, not a real portfolio",0.00,Chiromo,486.7,True
moderate,50.0,NBO-0115,-1.340624,36.784613,semi_permanent,5820000.00,0.0,0.0,0.0,1.0,0.00,True,"generated for hackathon starter kit, not a real portfolio",0.00,Lang'ata,2481.9,False
moderate,50.0,NBO-0116,-1.335686,36.707985,informal_iron_sheet,970000.00,0.0,0.0,0.0,1.0,0.00,True,"generated for hackathon starter kit, not a real portfolio",0.00,Kawangware,8002.6,False
moderate,50.0,NBO-0117,-1.258956,36.863648,informal_iron_sheet,1470000.00,0.004694920498877764,0.007042380748316646,0.0061972950585186485,1.0,9110.02,True,"generated for hackathon starter kit, not a real portfolio",0.00,Mathare,848.9,True
moderate,50.0,NBO-0118,-1.228914,36.724864,semi_permanent,6680000.00,0.0,0.0,0.0,1.0,0.00,True,"generated for hackathon starter kit, not a real portfolio",0.00,Kitisuru,5288.2,False
moderate,50.0,NBO-0119,-1.321806,36.758701,semi_permanent,3215000.00,0.0,0.0,0.0,1.0,0.00,True,"generated for hackathon starter kit, not a real portfolio",0.00,Lang'ata,3491.1,False
moderate,50.0,NBO-0120,-1.255807,36.939727,informal_iron_sheet,1230000.00,0.0,0.0,0.0,1.0,0.00,True,"generated for hackathon starter kit, not a real portfolio",0.00,Kayole,2570.1,False
moderate,50.0,NBO-0121,-1.229133,36.79396,permanent_masonry,38180000.00,0.0,0.0,0.0,1.0,0.00,True,"generated for hackathon starter kit, not a real portfolio",0.00,Westlands,2123.6,False
moderate,50.0,NBO-0122,-1.207446,36.790624,semi_permanent,3745000.00,0.0,0.0,0.0,1.0,0.00,True,"generated for hackathon starter kit, not a real portfolio",0.00,Kitisuru,4260.8,False
moderate,50.0,NBO-0123,-1.275351,36.872473,informal_iron_sheet,720000.00,0.4597223401069641,0.6895835101604462,0.49375010609626774,1.0,355500.08,True,"generated for hackathon starter kit, not a real portfolio",348300.08,Kiambiu,1268.1,True
moderate,50.0,NBO-0124,-1.181446,36.767437,informal_iron_sheet,930000.00,0.0,0.0,0.0,1.0,0.00,True,"generated for hackathon starter kit, not a real portfolio",0.00,Kitisuru,6565.2,False
moderate,50.0,NBO-0125,-1.183533,36.792047,informal_iron_sheet,900000.00,0.0,0.0,0.0,1.0,0.00,True,"generated for hackathon starter kit, not a real portfolio",0.00,Kitisuru,6739.0,False
moderate,50.0,NBO-0126,-1.210898,36.776869,informal_iron_sheet,925000.00,0.12907974421977997,0.19361961632966995,0.17038526237010956,1.0,157606.37,True,"generated for hackathon starter kit, not a real portfolio",148356.37,Kitisuru,3341.8,False
moderate,50.0,NBO-0127,-1.290697,36.873831,semi_permanent,3180000.00,0.0,0.0,0.0,1.0,0.00,True,"generated for hackathon starter kit, not a real portfolio",0.00,Kiambiu,1489.6,True
moderate,50.0,NBO-0128,-1.321205,36.719321,informal_iron_sheet,910000.00,0.0,0.0,0.0,1.0,0.00,True,"generated for hackathon starter kit, not a real portfolio",0.00,Kawangware,5958.1,False
moderate,50.0,NBO-0129,-1.316017,36.795227,informal_iron_sheet,1550000.00,0.0,0.0,0.0,1.0,0.00,True,"generated for hackathon starter kit, not a real portfolio",0.00,Lang'ata,669.0,True
moderate,50.0,NBO-0130,-1.194198,36.949316,concrete_rcc,958965000.00,0.14400576055049896,0.21600864082574844,0.0731106168948687,1.0,70110522.73,True,"generated for hackathon starter kit, not a real portfolio",60520872.73,Mwiki,4644.0,False
moderate,50.0,NBO-0131,-1.340893,36.860238,permanent_masonry,83420000.00,0.0,0.0,0.0,1.0,0.00,True,"generated for hackathon starter kit, not a real portfolio",0.00,Fedha,5094.4,False
moderate,50.0,NBO-0132,-1.27855,36.818788,semi_permanent,5665000.00,0.0,0.0,0.0,1.0,0.00,True,"generated for hackathon starter kit, not a real portfolio",0.00,Chiromo,1624.1,True
moderate,50.0,NBO-0133,-1.207541,36.772299,permanent_masonry,25915000.00,0.0,0.0,0.0,1.0,0.00,True,"generated for hackathon starter kit, not a real portfolio",0.00,Kitisuru,3654.1,False
moderate,50.0,NBO-0134,-1.313321,36.705669,permanent_masonry,53635000.00,0.0,0.0,0.0,1.0,0.00,True,"generated for hackathon starter kit, not a real portfolio",0.00,Kawangware,6414.3,False
moderate,50.0,NBO-0135,-1.328732,36.927373,semi_permanent,4760000.00,0.0,0.0,0.0,1.0,0.00,True,"generated for hackathon starter kit, not a real portfolio",0.00,Fedha,3523.5,False
moderate,50.0,NBO-0136,-1.308288,36.930201,informal_iron_sheet,1520000.00,0.0,0.0,0.0,1.0,0.00,True,"generated for hackathon starter kit, not a real portfolio",0.00,Tassia,3515.3,False
moderate,50.0,NBO-0137,-1.229656,36.944629,semi_permanent,3300000.00,0.14160043001174927,0.2124006450176239,0.12460837841033935,1.0,411207.65,True,"generated for hackathon starter kit, not a real portfolio",378207.65,Mwiki,1309.2,True
moderate,50.0,NBO-0138,-1.243781,36.81987,semi_permanent,4115000.00,0.0,0.0,0.0,1.0,0.00,True,"generated for hackathon starter kit, not a real portfolio",0.00,Parklands,2377.3,False
moderate,50.0,NBO-0139,-1.33467,36.848323,permanent_masonry,67680000.00,0.0,0.0,0.0,1.0,0.00,True,"generated for hackathon starter kit, not a real portfolio",0.00,Nairobi West,4025.1,False
moderate,50.0,NBO-0140,-1.324226,36.772249,permanent_masonry,49900000.00,0.0,0.0,0.0,1.0,0.00,True,"generated for hackathon starter kit, not a real portfolio",0.00,Lang'ata,2055.9,False
moderate,50.0,NBO-0141,-1.249756,36.907099,permanent_masonry,46335000.00,0.2797841429710388,0.4196762144565582,0.1846575343608856,1.0,8556106.85,True,"generated for hackathon starter kit, not a real portfolio",8092756.85,Dandora,550.8,True
moderate,50.0,NBO-0142,-1.257697,36.845664,semi_permanent,4885000.00,0.0,0.0,0.0,1.0,0.00,True,"generated for hackathon starter kit, not a real portfolio",0.00,Mathare,2847.2,False
moderate,50.0,NBO-0143,-1.227186,36.774168,informal_iron_sheet,1100000.00,0.0,0.0,0.0,1.0,0.00,True,"generated for hackathon starter kit, not a real portfolio",0.00,Kitisuru,1507.9,True
moderate,50.0,NBO-0144,-1.310914,36.773765,concrete_rcc,760755000.00,0.0,0.0,0.0,1.0,0.00,True,"generated for hackathon starter kit, not a real portfolio",0.00,Kibera,1694.3,True
moderate,50.0,NBO-0145,-1.25898,36.789057,semi_permanent,3425000.00,0.0,0.0,0.0,1.0,0.00,True,"generated for hackathon starter kit, not a real portfolio",0.00,Westlands,1423.7,True
moderate,50.0,NBO-0146,-1.209838,36.867674,concrete_rcc,266365000.00,0.0,0.0,0.0,1.0,0.00,True,"generated for hackathon starter kit, not a real portfolio",0.00,Mathare,5416.3,False
moderate,50.0,NBO-0147,-1.186506,36.892392,informal_iron_sheet,2210000.00,0.0030909371562302113,0.004636405734345317,0.004080037046223879,1.0,9016.88,True,"generated for hackathon starter kit, not a real portfolio",0.00,Dandora,6670.0,False
moderate,50.0,NBO-0148,-1.221177,36.725933,informal_iron_sheet,925000.00,0.0,0.0,0.0,1.0,0.00,True,"generated for hackathon starter kit, not a real portfolio",0.00,Kitisuru,5449.1,False
moderate,50.0,NBO-0149,-1.201048,36.932221,permanent_masonry,43470000.00,0.6165866255760193,0.9248799383640289,0.3559615802764893,1.0,15473649.89,True,"generated for hackathon starter kit, not a real portfolio",15038949.89,Mwiki,3527.8,False
moderate,50.0,NBO-0150,-1.315498,36.888282,informal_iron_sheet,635000.00,0.0,0.0,0.0,1.0,0.00,True,"generated for hackathon starter kit, not a real portfolio",0.00,Fedha,1135.5,True
moderate,50.0,NBO-0151,-1.26734,36.901219,concrete_rcc,1108710000.00,0.0,0.0,0.0,1.0,0.00,True,"generated for hackathon starter kit, not a real portfolio",0.00,Komarock,935.1,True
moderate,50.0,NBO-0152,-1.184332,36.749384,informal_iron_sheet,1110000.00,0.0,0.0,0.0,1.0,0.00,True,"generated for hackathon starter kit, not a real portfolio",0.00,Kitisuru,6680.6,False
moderate,50.0,NBO-0153,-1.245369,36.735718,permanent_masonry,64995000.00,0.0,0.0,0.0,1.0,0.00,True,"generated for hackathon starter kit, not a real portfolio",0.00,Kangemi,3119.8,False
moderate,50.0,NBO-0154,-1.324387,36.883553,permanent_masonry,40495000.00,0.0,0.0,0.0,1.0,0.00,True,"generated for hackathon starter kit, not a real portfolio",0.00,Fedha,1923.2,True
moderate,50.0,NBO-0155,-1.284631,36.934741,permanent_masonry,72965000.00,0.0019277043174952269,0.0028915564762428403,0.0012722848495468498,1.0,92832.26,True,"generated for hackathon starter kit, not a real portfolio",0.00,Kayole,2622.4,False
moderate,50.0,NBO-0156,-1.31803,36.786682,semi_permanent,4130000.00,0.0,0.0,0.0,1.0,0.00,True,"generated for hackathon starter kit, not a real portfolio",0.00,Lang'ata,380.4,True
moderate,50.0,NBO-0157,-1.209491,36.725,permanent_masonry,36455000.00,0.0,0.0,0.0,1.0,0.00,True,"generated for hackathon starter kit, not a real portfolio",0.00,Kitisuru,6162.9,False
moderate,50.0,NBO-0158,-1.323821,36.781637,concrete_rcc,376910000.00,0.0,0.0,0.0,1.0,0.00,True,"generated for hackathon starter kit, not a real portfolio",0.00,Lang'ata,1073.3,True
moderate,50.0,NBO-0159,-1.2755,36.909436,concrete_rcc,523215000.00,0.0,0.0,0.0,1.0,0.00,True,"generated for hackathon starter kit, not a real portfolio",0.00,Komarock,368.4,True
moderate,50.0,NBO-0160,-1.267116,36.905938,semi_permanent,5905000.00,0.0,0.0,0.0,1.0,0.00,True,"generated for hackathon starter kit, not a real portfolio",0.00,Komarock,647.6,True
moderate,50.0,NBO-0161,-1.264529,36.758589,informal_iron_sheet,1240000.00,0.0,0.0,0.0,1.0,0.00,True,"generated for hackathon starter kit, not a real portfolio",0.00,Kangemi,799.3,True
moderate,50.0,NBO-0162,-1.207852,36.738724,permanent_masonry,33235000.00,0.0,0.0,0.0,1.0,0.00,True,"generated for hackathon starter kit, not a real portfolio",0.00,Kitisuru,5097.0,False
moderate,50.0,NBO-0163,-1.342246,36.823872,informal_iron_sheet,900000.00,0.0,0.0,0.0,1.0,0.00,True,"generated for hackathon starter kit, not a real portfolio",0.00,Nairobi West,3730.9,False
moderate,50.0,NBO-0164,-1.318571,36.780133,semi_permanent,4000000.00,0.0,0.0,0.0,1.0,0.00,True,"generated for hackathon starter kit, not a real portfolio",0.00,Lang'ata,1095.1,True
moderate,50.0,NBO-0165,-1.315888,36.912665,informal_iron_sheet,1320000.00,0.0,0.0,0.0,1.0,0.00,True,"generated for hackathon starter kit, not a real portfolio",0.00,Fedha,1575.4,True
moderate,50.0,NBO-0166,-1.273681,36.816244,informal_iron_sheet,630000.00,0.0,0.0,0.0,1.0,0.00,True,"generated for hackathon starter kit, not a real portfolio",0.00,Chiromo,1140.9,True
moderate,50.0,NBO-0167,-1.194379,36.756692,informal_iron_sheet,1245000.00,0.0,0.0,0.0,1.0,0.00,True,"generated for hackathon starter kit, not a real portfolio",0.00,Kitisuru,5357.5,False
moderate,50.0,NBO-0168,-1.226041,36.807618,permanent_masonry,56855000.00,0.0,0.0,0.0,1.0,0.00,True,"generated for hackathon starter kit, not a real portfolio",0.00,Westlands,3305.3,False
moderate,50.0,NBO-0169,-1.274509,36.755653,semi_permanent,3735000.00,0.0,0.0,0.0,1.0,0.00,True,"generated for hackathon starter kit, not a real portfolio",0.00,Kawangware,626.1,True
moderate,50.0,NBO-0170,-1.292702,36.875973,informal_iron_sheet,1245000.00,0.0,0.0,0.0,1.0,0.00,True,"generated for hackathon starter kit, not a real portfolio",0.00,Donholm,1588.8,True
moderate,50.0,NBO-0171,-1.212602,36.943006,permanent_masonry,136925000.00,0.07747985422611237,0.11621978133916855,0.05113670378923416,1.0,7001893.17,True,"generated for hackathon starter kit, not a real portfolio",5632643.17,Mwiki,2488.9,False
moderate,50.0,NBO-0172,-1.240316,36.852111,permanent_masonry,93240000.00,0.0,0.0,0.0,1.0,0.00,True,"generated for hackathon starter kit, not a real portfolio",0.00,Mathare,2929.9,False
moderate,50.0,NBO-0173,-1.230335,36.759392,permanent_masonry,53255000.00,0.0,0.0,0.0,1.0,0.00,True,"generated for hackathon starter kit, not a real portfolio",0.00,Kitisuru,1709.1,True
moderate,50.0,NBO-0174,-1.198222,36.903014,semi_permanent,4610000.00,0.01048863772302866,0.01573295658454299,0.009230001196265221,1.0,42550.31,True,"generated for hackathon starter kit, not a real portfolio",0.00,Mwiki,5104.8,False
moderate,50.0,NBO-0175,-1.341161,36.791211,concrete_rcc,457070000.00,0.0,0.0,0.0,1.0,0.00,True,"generated for hackathon starter kit, not a real portfolio",0.00,Lang'ata,2472.8,False
moderate,50.0,NBO-0176,-1.212321,36.722038,informal_iron_sheet,1370000.00,0.0,0.0,0.0,1.0,0.00,True,"generated for hackathon starter kit, not a real portfolio",0.00,Kitisuru,6276.7,False
moderate,50.0,NBO-0177,-1.182082,36.738428,permanent_masonry,102100000.00,0.0,0.0,0.0,1.0,0.00,True,"generated for hackathon starter kit, not a real portfolio",0.00,Kitisuru,7426.7,False
moderate,50.0,NBO-0178,-1.265205,36.79272,permanent_masonry,19485000.00,0.0,0.0,0.0,1.0,0.00,True,"generated for hackathon starter kit, not a real portfolio",0.00,Kileleshwa,1389.4,True
moderate,50.0,NBO-0179,-1.337228,36.908714,semi_permanent,4500000.00,0.0,0.0,0.0,1.0,0.00,True,"generated for hackathon starter kit, not a real portfolio",0.00,Fedha,2652.7,False
moderate,50.0,NBO-0180,-1.333631,36.756666,semi_permanent,5520000.00,0.0,0.0,0.0,1.0,0.00,True,"generated for hackathon starter kit, not a real portfolio",0.00,Lang'ata,4046.5,False
moderate,50.0,NBO-0181,-1.195501,36.89562,informal_iron_sheet,865000.00,0.0,0.0,0.0,1.0,0.00,True,"generated for hackathon starter kit, not a real portfolio",0.00,Dandora,5615.6,False
moderate,50.0,NBO-0182,-1.319569,36.720591,informal_iron_sheet,1360000.00,0.0,0.0,0.0,1.0,0.00,True,"generated for hackathon starter kit, not a real portfolio",0.00,Kawangware,5727.8,False
moderate,50.0,NBO-0183,-1.218746,36.909908,semi_permanent,4535000.00,0.021802784875035286,0.03270417731255293,0.01918645069003105,1.0,87010.55,True,"generated for hackathon starter kit, not a real portfolio",41660.55,Dandora,2940.1,False
moderate,50.0,NBO-0184,-1.221434,36.878747,permanent_masonry,36975000.00,0.0,0.0,0.0,1.0,0.00,True,"generated for hackathon starter kit, not a real portfolio",0.00,Dandora,4005.8,False
moderate,50.0,NBO-0185,-1.28124,36.722067,semi_permanent,4485000.00,0.0,0.0,0.0,1.0,0.00,True,"generated for hackathon starter kit, not a real portfolio",0.00,Kawangware,3302.4,False
moderate,50.0,NBO-0186,-1.311268,36.710595,concrete_rcc,993560000.00,0.0,0.0,0.0,1.0,0.00,True,"generated for hackathon starter kit, not a real portfolio",0.00,Kawangware,5842.0,False
moderate,50.0,NBO-0187,-1.330025,36.762867,informal_iron_sheet,805000.00,0.0,0.0,0.0,1.0,0.00,True,"generated for hackathon starter kit, not a real portfolio",0.00,Lang'ata,3255.2,False
moderate,50.0,NBO-0188,-1.301215,36.744807,semi_permanent,3595000.00,0.0,0.0,0.0,1.0,0.00,True,"generated for hackathon starter kit, not a real portfolio",0.00,Kawangware,2641.6,False
moderate,50.0,NBO-0189,-1.241874,36.861843,informal_iron_sheet,900000.00,0.0,0.0,0.0,1.0,0.00,True,"generated for hackathon starter kit, not a real portfolio",0.00,Mathare,2116.6,False
moderate,50.0,NBO-0190,-1.20887,36.81776,concrete_rcc,464040000.00,0.0,0.0,0.0,1.0,0.00,True,"generated for hackathon starter kit, not a real portfolio",0.00,Westlands,5471.8,False
moderate,50.0,NBO-0191,-1.267964,36.843265,informal_iron_sheet,1045000.00,0.0,0.0,0.0,1.0,0.00,True,"generated for hackathon starter kit, not a real portfolio",0.00,Kiambiu,2747.3,False
moderate,50.0,NBO-0192,-1.329844,36.771296,semi_permanent,4215000.00,0.0,0.0,0.0,1.0,0.00,True,"generated for hackathon starter kit, not a real portfolio",0.00,Lang'ata,2403.7,False
moderate,50.0,NBO-0193,-1.210185,36.944592,permanent_masonry,88580000.00,0.11725406348705292,0.17588109523057938,0.07738768190145492,1.0,6855000.86,True,"generated for hackathon starter kit, not a real portfolio",5969200.86,Mwiki,2808.0,False
moderate,50.0,NBO-0194,-1.264517,36.725531,concrete_rcc,395825000.00,0.0,0.0,0.0,1.0,0.00,True,"generated for hackathon starter kit, not a real portfolio",0.00,Kangemi,3000.7,False
moderate,50.0,NBO-0195,-1.27448,36.865735,concrete_rcc,1055700000.00,0.0,0.0,0.0,1.0,0.00,True,"generated for hackathon starter kit, not a real portfolio",0.00,Kiambiu,904.6,True
moderate,50.0,NBO-0196,-1.224155,36.832879,semi_permanent,4445000.00,0.0,0.0,0.0,1.0,0.00,True,"generated for hackathon starter kit, not a real portfolio",0.00,Parklands,4983.4,False
moderate,50.0,NBO-0197,-1.343618,36.947469,informal_iron_sheet,2575000.00,0.0,0.0,0.0,1.0,0.00,True,"generated for hackathon starter kit, not a real portfolio",0.00,Fedha,6268.7,False
moderate,50.0,NBO-0198,-1.319233,36.938714,concrete_rcc,1029420000.00,0.0,0.0,0.0,1.0,0.00,True,"generated for hackathon starter kit, not a real portfolio",0.00,Fedha,4488.5,False
moderate,50.0,NBO-0199,-1.344312,36.819906,permanent_masonry,32725000.00,0.0,0.0,0.0,1.0,0.00,True,"generated for hackathon starter kit, not a real portfolio",0.00,Nairobi West,3975.5,False
moderate,50.0,NBO-0200,-1.306727,36.812002,concrete_rcc,789520000.00,0.0,0.0,0.0,1.0,0.00,True,"generated for hackathon starter kit, not a real portfolio",0.00,Madaraka,378.2,True
moderate,50.0,NBO-0201,-1.270885,36.789166,informal_iron_sheet,1175000.00,0.0,0.0,0.0,1.0,0.00,True,"generated for hackathon starter kit, not a real portfolio",0.00,Kileleshwa,665.4,True
moderate,50.0,NBO-0202,-1.318579,36.742962,permanent_masonry,31350000.00,0.0,0.0,0.0,1.0,0.00,True,"generated for hackathon starter kit, not a real portfolio",0.00,Kawangware,4563.9,False
moderate,50.0,NBO-0203,-1.344032,36.870461,permanent_masonry,70840000.00,0.2607719898223877,0.39115798473358154,0.17210951328277588,1.0,12192237.92,True,"generated for hackathon starter kit, not a real portfolio",11483837.92,Fedha,4433.8,False
moderate,50.0,NBO-0204,-1.336469,36.921711,concrete_rcc,563530000.00,0.0,0.0,0.0,1.0,0.00,True,"generated for hackathon starter kit, not a real portfolio",0.00,Fedha,3465.5,False
moderate,50.0,NBO-0205,-1.289884,36.819049,semi_permanent,3240000.00,0.04101451113820076,0.06152176670730114,0.036092769801616666,1.0,116940.57,True,"generated for hackathon starter kit, not a real portfolio",84540.57,Madaraka,1991.4,True
moderate,50.0,NBO-0206,-1.274787,36.929401,semi_permanent,8345000.00,0.0,0.0,0.0,1.0,0.00,True,"generated for hackathon starter kit, not a real portfolio",0.00,Kayole,1429.9,True
moderate,50.0,NBO-0207,-1.319881,36.761287,permanent_masonry,32605000.00,0.0,0.0,0.0,1.0,0.00,True,"generated for hackathon starter kit, not a real portfolio",0.00,Lang'ata,3190.9,False
moderate,50.0,NBO-0208,-1.266865,36.76677,informal_iron_sheet,1980000.00,0.0,0.0,0.0,1.0,0.00,True,"generated for hackathon starter kit, not a real portfolio",0.00,Lavington,1321.6,True
moderate,50.0,NBO-0209,-1.241941,36.938785,permanent_masonry,24420000.00,0.6169534921646118,0.9254302382469177,0.3561376762390137,1.0,8696882.05,True,"generated for hackathon starter kit, not a real portfolio",8452682.05,Mwiki,1191.2,True
moderate,50.0,NBO-0210,-1.291279,36.929862,concrete_rcc,283520000.00,0.0,0.0,0.0,1.0,0.00,True,"generated for hackathon starter kit, not a real portfolio",0.00,Kayole,2967.0,False
moderate,50.0,NBO-0211,-1.261427,36.828096,semi_permanent,2760000.00,0.0,0.0,0.0,1.0,0.00,True,"generated for hackathon starter kit, not a real portfolio",0.00,Parklands,1950.3,True
moderate,50.0,NBO-0212,-1.317846,36.837696,semi_permanent,3325000.00,0.0,0.0,0.0,1.0,0.00,True,"generated for hackathon starter kit, not a real portfolio",0.00,Nairobi West,1915.1,True
moderate,50.0,NBO-0213,-1.287925,36.788302,informal_iron_sheet,1440000.00,0.0,0.0,0.0,1.0,0.00,True,"generated for hackathon starter kit, not a real portfolio",0.00,Kileleshwa,1245.2,True
moderate,50.0,NBO-0214,-1.285278,36.707129,informal_iron_sheet,695000.00,0.0,0.0,0.0,1.0,0.00,True,"generated for hackathon starter kit, not a real portfolio",0.00,Kawangware,5006.2,False
moderate,50.0,NBO-0215,-1.235394,36.793707,informal_iron_sheet,925000.00,0.0,0.0,0.0,1.0,0.00,True,"generated for hackathon starter kit, not a real portfolio",0.00,Westlands,1500.8,True
moderate,50.0,NBO-0216,-1.217864,36.946273,semi_permanent,4005000.00,0.13728918135166168,0.20593377202749252,0.12081447958946229,1.0,483861.99,True,"generated for hackathon starter kit, not a real portfolio",443811.99,Mwiki,2198.4,False
moderate,50.0,NBO-0217,-1.295741,36.827042,permanent_masonry,42040000.00,0.0,0.0,0.0,1.0,0.00,True,"generated for hackathon starter kit, not a real portfolio",0.00,Nairobi West,1506.5,True
moderate,50.0,NBO-0218,-1.235727,36.901794,permanent_masonry,58185000.00,0.5139876008033752,0.7709814012050629,0.3067140483856201,1.0,17846156.91,True,"generated for hackathon starter kit, not a real portfolio",17264306.91,Dandora,1126.6,True
moderate,50.0,NBO-0219,-1.307356,36.740224,informal_iron_sheet,1245000.00,0.0,0.0,0.0,1.0,0.00,True,"generated for hackathon starter kit, not a real portfolio",0.00,Kawangware,3454.4,False
moderate,50.0,NBO-0220,-1.200512,36.883541,semi_permanent,3360000.00,0.0458238460123539,0.06873576901853085,0.04032498449087143,1.0,135491.95,True,"generated for hackathon starter kit, not a real portfolio",101891.95,Dandora,5536.1,False
moderate,50.0,NBO-0221,-1.328457,36.847573,concrete_rcc,1129100000.00,0.0,0.0,0.0,1.0,0.00,True,"generated for hackathon starter kit, not a real portfolio",0.00,Nairobi West,3496.9,False
moderate,50.0,NBO-0222,-1.24835,36.946666,semi_permanent,6000000.00,0.5014820694923401,0.7522231042385101,0.38088924169540406,1.0,2285335.45,True,"generated for hackathon starter kit, not a real portfolio",2225335.45,Mwiki,2285.8,False
moderate,50.0,NBO-0223,-1.310199,36.777964,semi_permanent,2850000.00,0.0,0.0,0.0,1.0,0.00,True,"generated for hackathon starter kit, not a real portfolio",0.00,Kibera,1233.3,True
moderate,50.0,NBO-0224,-1.295518,36.816631,concrete_rcc,1394785000.00,0.0,0.0,0.0,1.0,0.00,True,"generated for hackathon starter kit, not a real portfolio",0.00,Madaraka,1329.5,True
moderate,50.0,NBO-0225,-1.285168,36.767894,permanent_masonry,49225000.00,0.0,0.0,0.0,1.0,0.00,True,"generated for hackathon starter kit, not a real portfolio",0.00,Lavington,1543.2,True
moderate,50.0,NBO-0226,-1.317641,36.884345,semi_permanent,6855000.00,0.0,0.0,0.0,1.0,0.00,True,"generated for hackathon starter kit, not a real portfolio",0.00,Fedha,1588.2,True
moderate,50.0,NBO-0227,-1.26086,36.717133,permanent_masonry,68610000.00,0.0,0.0,0.0,1.0,0.00,True,"generated for hackathon starter kit, not a real portfolio",0.00,Kangemi,3989.0,False
moderate,50.0,NBO-0228,-1.197482,36.882829,semi_permanent,4865000.00,0.12448721379041672,0.18673082068562508,0.10954874813556671,1.0,532954.66,True,"generated for hackathon starter kit, not a real portfolio",484304.66,Dandora,5873.0,False
moderate,50.0,NBO-0229,-1.184356,36.908604,informal_iron_sheet,570000.00,0.07865941524505615,0.11798912286758423,0.10383042812347412,1.0,59183.34,True,"generated for hackathon starter kit, not a real portfolio",53483.34,Mwiki,6040.2,False
moderate,50.0,NBO-0230,-1.332177,36.762032,informal_iron_sheet,1055000.00,0.0,0.0,0.0,1.0,0.00,True,"generated for hackathon starter kit, not a real portfolio",0.00,Lang'ata,3436.7,False
moderate,50.0,NBO-0231,-1.33616,36.789645,concrete_rcc,1455240000.00,0.0,0.0,0.0,1.0,0.00,True,"generated for hackathon starter kit, not a real portfolio",0.00,Lang'ata,1913.3,True
moderate,50.0,NBO-0232,-1.284456,36.786377,informal_iron_sheet,680000.00,0.04628980904817581,0.06943471357226372,0.06110254794359207,1.0,41549.73,True,"generated for hackathon starter kit, not a real portfolio",34749.73,Kileleshwa,875.2,True
moderate,50.0,NBO-0233,-1.188452,36.919106,permanent_masonry,130825000.00,0.004568189848214388,0.006852284772321582,0.003015005299821496,1.0,394438.07,True,"generated for hackathon starter kit, not a real portfolio",0.00,Mwiki,5172.0,False
moderate,50.0,NBO-0234,-1.226429,36.738966,semi_permanent,7695000.00,0.0,0.0,0.0,1.0,0.00,True,"generated for hackathon starter kit, not a real portfolio",0.00,Kitisuru,3887.4,False
moderate,50.0,NBO-0235,-1.290382,36.928578,informal_iron_sheet,675000.00,0.0,0.0,0.0,1.0,0.00,True,"generated for hackathon starter kit, not a real portfolio",0.00,Kayole,2820.7,False
moderate,50.0,NBO-0236,-1.187621,36.72315,semi_permanent,9120000.00,0.0,0.0,0.0,1.0,0.00,True,"generated for hackathon starter kit, not a real portfolio",0.00,Kitisuru,7921.3,False
moderate,50.0,NBO-0237,-1.199153,36.70927,concrete_rcc,697740000.00,0.0,0.0,0.0,1.0,0.00,True,"generated for hackathon starter kit, not a real portfolio",0.00,Kitisuru,8255.5,False
moderate,50.0,NBO-0238,-1.281576,36.902948,permanent_masonry,31835000.00,0.0,0.0,0.0,1.0,0.00,True,"generated for hackathon starter kit, not a real portfolio",0.00,Komarock,1125.8,True
moderate,50.0,NBO-0239,-1.188579,36.716339,permanent_masonry,37440000.00,0.0,0.0,0.0,1.0,0.00,True,"generated for hackathon starter kit, not a real portfolio",0.00,Kitisuru,8375.1,False
moderate,50.0,NBO-0240,-1.211563,36.84204,permanent_masonry,18665000.00,0.0,0.0,0.0,1.0,0.00,True,"generated for hackathon starter kit, not a real portfolio",0.00,Mathare,6139.8,False
moderate,50.0,NBO-0241,-1.230749,36.829461,permanent_masonry,37825000.00,0.0,0.0,0.0,1.0,0.00,True,"generated for hackathon starter kit, not a real portfolio",0.00,Parklands,4158.4,False
moderate,50.0,NBO-0242,-1.219856,36.921451,semi_permanent,5850000.00,0.2651600241661072,0.39774003624916077,0.2297024154663086,1.0,1343759.13,True,"generated for hackathon starter kit, not a real portfolio",1285259.13,Mwiki,1945.2,True
moderate,50.0,NBO-0243,-1.190807,36.86859,semi_permanent,4500000.00,0.0,0.0,0.0,1.0,0.00,True,"generated for hackathon starter kit, not a real portfolio",0.00,Dandora,7318.5,False
moderate,50.0,NBO-0244,-1.227495,36.945525,informal_iron_sheet,865000.00,0.40980762243270874,0.6147114336490631,0.44882686018943785,1.0,388235.23,True,"generated for hackathon starter kit, not a real portfolio",379585.23,Mwiki,1483.0,True
moderate,50.0,NBO-0245,-1.236395,36.870383,informal_iron_sheet,1470000.00,0.003458085237070918,0.005187127855606377,0.004564672512933612,1.0,6710.07,True,"generated for hackathon starter kit, not a real portfolio",0.00,Mathare,2450.5,False
moderate,50.0,NBO-0246,-1.271319,36.783572,semi_permanent,2350000.00,0.0,0.0,0.0,1.0,0.00,True,"generated for hackathon starter kit, not a real portfolio",0.00,Kileleshwa,770.8,True
moderate,50.0,NBO-0247,-1.186897,36.934355,informal_iron_sheet,1930000.00,0.09192289412021637,0.13788434118032455,0.12133822023868561,1.0,234182.77,True,"generated for hackathon starter kit, not a real portfolio",214882.77,Mwiki,5100.9,False
moderate,50.0,NBO-0248,-1.303397,36.719771,permanent_masonry,67115000.00,0.0,0.0,0.0,1.0,0.00,True,"generated for hackathon starter kit, not a real portfolio",0.00,Kawangware,4498.9,False
moderate,50.0,NBO-0249,-1.201491,36.870552,semi_permanent,2705000.00,0.08913704752922058,0.13370557129383087,0.0784406018257141,1.0,212181.83,True,"generated for hackathon starter kit, not a real portfolio",185131.83,Dandora,6237.6,False
moderate,50.0,NBO-0250,-1.309464,36.727057,concrete_rcc,346390000.00,0.0,0.0,0.0,1.0,0.00,True,"generated for hackathon starter kit, not a real portfolio",0.00,Kawangware,4399.2,False
moderate,50.0,NBO-0251,-1.310908,36.74482,semi_permanent,3695000.00,0.0,0.0,0.0,1.0,0.00,True,"generated for hackathon starter kit, not a real portfolio",0.00,Kawangware,3686.6,False
moderate,50.0,NBO-0252,-1.311595,36.796579,permanent_masonry,36755000.00,0.0,0.0,0.0,1.0,0.00,True,"generated for hackathon starter kit, not a real portfolio",0.00,Kibera,843.0,True
moderate,50.0,NBO-0253,-1.197507,36.82492,semi_permanent,5710000.00,0.0,0.0,0.0,1.0,0.00,True,"generated for hackathon starter kit, not a real portfolio",0.00,Westlands,6954.1,False
moderate,50.0,NBO-0254,-1.225363,36.713396,informal_iron_sheet,1930000.00,0.0,0.0,0.0,1.0,0.00,True,"generated for hackathon starter kit, not a real portfolio",0.00,Kangemi,6417.7,False
moderate,50.0,NBO-0255,-1.306528,36.801425,permanent_masonry,59540000.00,0.0,0.0,0.0,1.0,0.00,True,"generated for hackathon starter kit, not a real portfolio",0.00,Kibera,1481.0,True
moderate,50.0,NBO-0256,-1.32265,36.834249,semi_permanent,3650000.00,0.0,0.0,0.0,1.0,0.00,True,"generated for hackathon starter kit, not a real portfolio",0.00,Nairobi West,1985.5,True
moderate,50.0,NBO-0257,-1.23058,36.769731,concrete_rcc,1181605000.00,0.0,0.0,0.0,1.0,0.00,True,"generated for hackathon starter kit, not a real portfolio",0.00,Kitisuru,1099.1,True
moderate,50.0,NBO-0258,-1.325808,36.801523,permanent_masonry,36655000.00,0.0,0.0,0.0,1.0,0.00,True,"generated for hackathon starter kit, not a real portfolio",0.00,Lang'ata,1492.6,True
moderate,50.0,NBO-0259,-1.194012,36.894882,permanent_masonry,30340000.00,0.24446702003479004,0.36670053005218506,0.16134823322296143,1.0,4895305.40,True,"generated for hackathon starter kit, not a real portfolio",4591905.40,Dandora,5794.7,False
moderate,50.0,NBO-0260,-1.328899,36.747618,semi_permanent,10010000.00,0.0,0.0,0.0,1.0,0.00,True,"generated for hackathon starter kit, not a real portfolio",0.00,Lang'ata,4836.8,False
moderate,50.0,NBO-0261,-1.23631,36.777251,concrete_rcc,823910000.00,0.0,0.0,0.0,1.0,0.00,True,"generated for hackathon starter kit, not a real portfolio",0.00,Kitisuru,826.4,True
moderate,50.0,NBO-0262,-1.313656,36.769023,informal_iron_sheet,495000.00,0.0,0.0,0.0,1.0,0.00,True,"generated for hackathon starter kit, not a real portfolio",0.00,Kibera,2235.7,False
moderate,50.0,NBO-0263,-1.240543,36.762234,semi_permanent,3240000.00,0.0,0.0,0.0,1.0,0.00,True,"generated for hackathon starter kit, not a real portfolio",0.00,Kitisuru,978.0,True
moderate,50.0,NBO-0264,-1.194188,36.709318,concrete_rcc,850565000.00,0.0,0.0,0.0,1.0,0.00,True,"generated for hackathon starter kit, not a real portfolio",0.00,Kitisuru,8570.1,False
moderate,50.0,NBO-0265,-1.20795,36.939186,informal_iron_sheet,1650000.00,0.07250545173883438,0.10875817760825157,0.09570719629526138,1.0,157916.87,True,"generated for hackathon starter kit, not a real portfolio",141416.87,Mwiki,2835.8,False
moderate,50.0,NBO-0266,-1.245469,36.827153,semi_permanent,3960000.00,0.0,0.0,0.0,1.0,0.00,True,"generated for hackathon starter kit, not a real portfolio",0.00,Parklands,2683.5,False
moderate,50.0,NBO-0267,-1.265873,36.781748,permanent_masonry,28335000.00,0.05558374896645546,0.08337562344968319,0.0366852743178606,1.0,1039477.25,True,"generated for hackathon starter kit, not a real portfolio",756127.25,Lavington,1098.7,True
moderate,50.0,NBO-0268,-1.277204,36.92012,informal_iron_sheet,875000.00,0.39401084184646606,0.5910162627696991,0.4346097576618195,1.0,380283.54,True,"generated for hackathon starter kit, not a real portfolio",371533.54,Kayole,1165.8,True
moderate,50.0,NBO-0269,-1.230379,36.705483,semi_permanent,3310000.00,0.0,0.0,0.0,1.0,0.00,True,"generated for hackathon starter kit, not a real portfolio",0.00,Kangemi,6677.6,False
moderate,50.0,NBO-0270,-1.22036,36.726497,permanent_masonry,106590000.00,0.0,0.0,0.0,1.0,0.00,True,"generated for hackathon starter kit, not a real portfolio",0.00,Kitisuru,5428.1,False
moderate,50.0,NBO-0271,-1.238975,36.704695,semi_permanent,3125000.00,0.0,0.0,0.0,1.0,0.00,True,"generated for hackathon starter kit, not a real portfolio",0.00,Kangemi,6198.8,False
moderate,50.0,NBO-0272,-1.268976,36.707647,permanent_masonry,84745000.00,0.0,0.0,0.0,1.0,0.00,True,"generated for hackathon starter kit, not a real portfolio",0.00,Kangemi,4964.8,False
moderate,50.0,NBO-0273,-1.224272,36.70066,semi_permanent,3775000.00,0.0,0.0,0.0,1.0,0.00,True,"generated for hackathon starter kit, not a real portfolio",0.00,Kangemi,7523.4,False
moderate,50.0,NBO-0274,-1.290944,36.852137,permanent_masonry,38080000.00,0.0,0.0,0.0,1.0,0.00,True,"generated for hackathon starter kit, not a real portfolio",0.00,Kiambiu,1581.0,True
moderate,50.0,NBO-0275,-1.305913,36.879391,semi_permanent,4445000.00,0.0,0.0,0.0,1.0,0.00,True,"generated for hackathon starter kit, not a real portfolio",0.00,Donholm,1273.3,True
moderate,50.0,NBO-0276,-1.341675,36.788527,informal_iron_sheet,2025000.00,0.0,0.0,0.0,1.0,0.00,True,"generated for hackathon starter kit, not a real portfolio",0.00,Lang'ata,2531.3,False
moderate,50.0,NBO-0277,-1.316557,36.932,semi_permanent,3990000.00,0.0,0.0,0.0,1.0,0.00,True,"generated for hackathon starter kit, not a real portfolio",0.00,Fedha,3725.9,False
moderate,50.0,NBO-0278,-1.184995,36.888914,semi_permanent,3950000.00,0.0,0.0,0.0,1.0,0.00,True,"generated for hackathon starter kit, not a real portfolio",0.00,Dandora,6930.0,False
moderate,50.0,NBO-0279,-1.242356,36.946982,semi_permanent,3240000.00,0.3780202567577362,0.5670303851366043,0.3019329643249512,1.0,978262.80,True,"generated for hackathon starter kit, not a real portfolio",945862.80,Mwiki,1861.1,True
moderate,50.0,NBO-0280,-1.286231,36.892072,concrete_rcc,609445000.00,0.0,0.0,0.0,1.0,0.00,True,"generated for hackathon starter kit, not a real portfolio",0.00,Donholm,1493.1,True
moderate,50.0,NBO-0281,-1.187574,36.830611,permanent_masonry,24840000.00,0.0,0.0,0.0,1.0,0.00,True,"generated for hackathon starter kit, not a real portfolio",0.00,Westlands,8215.0,False
moderate,50.0,NBO-0282,-1.338431,36.714023,permanent_masonry,46565000.00,0.0,0.0,0.0,1.0,0.00,True,"generated for hackathon starter kit, not a real portfolio",0.00,Kawangware,7871.1,False
moderate,50.0,NBO-0283,-1.295195,36.729934,informal_iron_sheet,850000.00,0.0,0.0,0.0,1.0,0.00,True,"generated for hackathon starter kit, not a real portfolio",0.00,Kawangware,3047.2,False
moderate,50.0,NBO-0284,-1.27871,36.781699,semi_permanent,11015000.00,0.0,0.0,0.0,1.0,0.00,True,"generated for hackathon starter kit, not a real portfolio",0.00,Kileleshwa,723.6,True
moderate,50.0,NBO-0285,-1.308304,36.733992,semi_permanent,3770000.00,0.0,0.0,0.0,1.0,0.00,True,"generated for hackathon starter kit, not a real portfolio",0.00,Kawangware,3854.9,False
moderate,50.0,NBO-0286,-1.211654,36.859362,permanent_masonry,27450000.00,0.0,0.0,0.0,1.0,0.00,True,"generated for hackathon starter kit, not a real portfolio",0.00,Mathare,5365.3,False
moderate,50.0,NBO-0287,-1.305027,36.717376,informal_iron_sheet,700000.00,0.0,0.0,0.0,1.0,0.00,True,"generated for hackathon starter kit, not a real portfolio",0.00,Kawangware,4820.4,False
moderate,50.0,NBO-0288,-1.267276,36.835611,semi_permanent,5600000.00,0.0,0.0,0.0,1.0,0.00,True,"generated for hackathon starter kit, not a real portfolio",0.00,Parklands,2816.5,False
moderate,50.0,NBO-0289,-1.185153,36.790811,semi_permanent,3625000.00,0.0,0.0,0.0,1.0,0.00,True,"generated for hackathon starter kit, not a real portfolio",0.00,Kitisuru,6522.7,False
moderate,50.0,NBO-0290,-1.266469,36.795974,semi_permanent,3005000.00,0.0,0.0,0.0,1.0,0.00,True,"generated for hackathon starter kit, not a real portfolio",0.00,Chiromo,1254.9,True
moderate,50.0,NBO-0291,-1.309713,36.71976,permanent_masonry,25425000.00,0.0,0.0,0.0,1.0,0.00,True,"generated for hackathon starter kit, not a real portfolio",0.00,Kawangware,4963.5,False
moderate,50.0,NBO-0292,-1.248732,36.879753,informal_iron_sheet,865000.00,0.3352229595184326,0.5028344392776489,0.3817006635665894,1.0,330171.07,True,"generated for hackathon starter kit, not a real portfolio",321521.07,Kariobangi,1177.0,True
moderate,50.0,NBO-0293,-1.204167,36.891005,semi_permanent,2185000.00,0.5549312829971313,0.832396924495697,0.41295876979827884,1.0,902314.91,True,"generated for hackathon starter kit, not a real portfolio",880464.91,Dandora,4830.3,False
moderate,50.0,NBO-0294,-1.28955,36.779763,informal_iron_sheet,715000.00,0.048136886209249496,0.07220532931387424,0.06354068979620933,1.0,45431.59,True,"generated for hackathon starter kit, not a real portfolio",38281.59,Kileleshwa,1688.0,True
moderate,50.0,NBO-0295,-1.33716,36.794091,permanent_masonry,62920000.00,0.0,0.0,0.0,1.0,0.00,True,"generated for hackathon starter kit, not a real portfolio",0.00,Lang'ata,2075.1,False
moderate,50.0,NBO-0296,-1.278423,36.873103,informal_iron_sheet,1230000.00,0.058508604764938354,0.08776290714740753,0.07723135828971862,1.0,94994.57,True,"generated for hackathon starter kit, not a real portfolio",82694.57,Kiambiu,1159.6,True
moderate,50.0,NBO-0297,-1.213308,36.732977,semi_permanent,4370000.00,0.0,0.0,0.0,1.0,0.00,True,"generated for hackathon starter kit, not a real portfolio",0.00,Kitisuru,5192.0,False
moderate,50.0,NBO-0298,-1.323806,36.853642,semi_permanent,2400000.00,0.0,0.0,0.0,1.0,0.00,True,"generated for hackathon starter kit, not a real portfolio",0.00,Nairobi West,3788.1,False
moderate,50.0,NBO-0299,-1.298429,36.785526,semi_permanent,2280000.00,0.0,0.0,0.0,1.0,0.00,True,"generated for hackathon starter kit, not a real portfolio",0.00,Kibera,1485.9,True
moderate,50.0,NBO-0300,-1.316479,36.875112,permanent_masonry,48805000.00,0.0,0.0,0.0,1.0,0.00,True,"generated for hackathon starter kit, not a real portfolio",0.00,Donholm,2441.0,False
moderate,50.0,NBO-0301,-1.196509,36.858876,permanent_masonry,95790000.00,0.0,0.0,0.0,1.0,0.00,True,"generated for hackathon starter kit, not a real portfolio",0.00,Mathare,7020.1,False
moderate,50.0,NBO-0302,-1.207697,36.777948,semi_permanent,4830000.00,0.0,0.0,0.0,1.0,0.00,True,"generated for hackathon starter kit, not a real portfolio",0.00,Kitisuru,3714.5,False
moderate,50.0,NBO-0303,-1.326648,36.769993,concrete_rcc,305250000.00,0.0,0.0,0.0,1.0,0.00,True,"generated for hackathon starter kit, not a real portfolio",0.00,Lang'ata,2380.4,False
moderate,50.0,NBO-0304,-1.32852,36.797975,permanent_masonry,58110000.00,0.0,0.0,0.0,1.0,0.00,True,"generated for hackathon starter kit, not a real portfolio",0.00,Lang'ata,1386.1,True
moderate,50.0,NBO-0305,-1.310833,36.773989,concrete_rcc,838115000.00,0.0,0.0,0.0,1.0,0.00,True,"generated for hackathon starter kit, not a real portfolio",0.00,Kibera,1669.7,True
moderate,50.0,NBO-0306,-1.220163,36.889739,permanent_masonry,67155000.00,0.013207968324422836,0.019811952486634254,0.008717259094119072,1.0,585407.53,True,"generated for hackathon starter kit, not a real portfolio",0.00,Dandora,3297.2,False
moderate,50.0,NBO-0307,-1.335209,36.897649,informal_iron_sheet,960000.00,0.0,0.0,0.0,1.0,0.00,True,"generated for hackathon starter kit, not a real portfolio",0.00,Fedha,2174.7,False
moderate,50.0,NBO-0308,-1.253911,36.823871,permanent_masonry,56055000.00,0.41018298268318176,0.6152744740247726,0.2568878316879272,1.0,14399847.41,True,"generated for hackathon starter kit, not a real portfolio",13839297.41,Parklands,1789.5,True
moderate,50.0,NBO-0309,-1.230274,36.759232,semi_permanent,6120000.00,0.0,0.0,0.0,1.0,0.00,True,"generated for hackathon starter kit, not a real portfolio",0.00,Kitisuru,1727.0,True
moderate,50.0,NBO-0310,-1.193935,36.823109,permanent_masonry,37675000.00,0.0,0.0,0.0,1.0,0.00,True,"generated for hackathon starter kit, not a real portfolio",0.00,Westlands,7151.9,False
moderate,50.0,NBO-0311,-1.185447,36.889115,concrete_rcc,743690000.00,0.0,0.0,0.0,1.0,0.00,True,"generated for hackathon starter kit, not a real portfolio",0.00,Dandora,6875.5,False
moderate,50.0,NBO-0312,-1.27629,36.836385,semi_permanent,3975000.00,0.0,0.0,0.0,1.0,0.00,True,"generated for hackathon starter kit, not a real portfolio",0.00,Kiambiu,3077.2,False
moderate,50.0,NBO-0313,-1.204866,36.703881,permanent_masonry,49505000.00,0.0,0.0,0.0,1.0,0.00,True,"generated for hackathon starter kit, not a real portfolio",0.00,Kitisuru,8445.0,False
moderate,50.0,NBO-0314,-1.182174,36.721902,permanent_masonry,114670000.00,0.0,0.0,0.0,1.0,0.00,True,"generated for hackathon starter kit, not a real portfolio",0.00,Kitisuru,8468.6,False
moderate,50.0,NBO-0315,-1.181293,36.796118,semi_permanent,3770000.00,0.0,0.0,0.0,1.0,0.00,True,"generated for hackathon starter kit, not a real portfolio",0.00,Kitisuru,7137.5,False
moderate,50.0,NBO-0316,-1.206311,36.910658,concrete_rcc,522650000.00,0.5495619177818298,0.8243428766727448,0.26291516964252176,1.0,137412613.41,True,"generated for hackathon starter kit, not a real portfolio",132186113.41,Mwiki,3868.5,False
moderate,50.0,NBO-0317,-1.245344,36.806905,informal_iron_sheet,2150000.00,0.0,0.0,0.0,1.0,0.00,True,"generated for hackathon starter kit, not a real portfolio",0.00,Parklands,2013.1,False
moderate,50.0,NBO-0318,-1.332425,36.855886,informal_iron_sheet,1335000.00,0.0,0.0,0.0,1.0,0.00,True,"generated for hackathon starter kit, not a real portfolio",0.00,Nairobi West,4499.3,False
moderate,50.0,NBO-0319,-1.256119,36.841093,semi_permanent,6610000.00,0.0,0.0,0.0,1.0,0.00,True,"generated for hackathon starter kit, not a real portfolio",0.00,Mathare,3363.9,False
moderate,50.0,NBO-0320,-1.348242,36.720226,semi_permanent,4105000.00,0.0,0.0,0.0,1.0,0.00,True,"generated for hackathon starter kit, not a real portfolio",0.00,Lang'ata,8409.8,False
moderate,50.0,NBO-0321,-1.214463,36.819394,semi_permanent,3110000.00,0.0,0.0,0.0,1.0,0.00,True,"generated for hackathon starter kit, not a real portfolio",0.00,Westlands,5141.2,False
moderate,50.0,NBO-0322,-1.317859,36.80791,concrete_rcc,394920000.00,0.0,0.0,0.0,1.0,0.00,True,"generated for hackathon starter kit, not a real portfolio",0.00,Madaraka,1425.8,True
moderate,50.0,NBO-0323,-1.269099,36.814491,permanent_masonry,36045000.00,0.0,0.0,0.0,1.0,0.00,True,"generated for hackathon starter kit, not a real portfolio",0.00,Parklands,796.9,True
moderate,50.0,NBO-0324,-1.327675,36.927681,concrete_rcc,310620000.00,0.0,0.0,0.0,1.0,0.00,True,"generated for hackathon starter kit, not a real portfolio",0.00,Fedha,3508.4,False
moderate,50.0,NBO-0325,-1.213059,36.774836,concrete_rcc,1116695000.00,0.0,0.0,0.0,1.0,0.00,True,"generated for hackathon starter kit, not a real portfolio",0.00,Kitisuru,3067.1,False
moderate,50.0,NBO-0326,-1.274304,36.944364,permanent_masonry,66125000.00,0.18562379479408264,0.27843569219112396,0.12251170456409455,1.0,8101086.46,True,"generated for hackathon starter kit, not a real portfolio",7439836.46,Kayole,2903.6,False
moderate,50.0,NBO-0327,-1.285088,36.818006,informal_iron_sheet,1080000.00,0.0,0.0,0.0,1.0,0.00,True,"generated for hackathon starter kit, not a real portfolio",0.00,Chiromo,2045.0,False
moderate,50.0,NBO-0328,-1.341179,36.819429,semi_permanent,5435000.00,0.0,0.0,0.0,1.0,0.00,True,"generated for hackathon starter kit, not a real portfolio",0.00,Nairobi West,3634.2,False
moderate,50.0,NBO-0329,-1.231313,36.878088,permanent_masonry,23595000.00,0.0,0.0,0.0,1.0,0.00,True,"generated for hackathon starter kit, not a real portfolio",0.00,Mathare,3107.6,False
moderate,50.0,NBO-0330,-1.344911,36.819275,permanent_masonry,56410000.00,0.0,0.0,0.0,1.0,0.00,True,"generated for hackathon starter kit, not a real portfolio",0.00,Nairobi West,4048.6,False
moderate,50.0,NBO-0331,-1.299253,36.714793,semi_permanent,3410000.00,0.0,0.0,0.0,1.0,0.00,True,"generated for hackathon starter kit, not a real portfolio",0.00,Kawangware,4703.8,False
moderate,50.0,NBO-0332,-1.210051,36.840545,informal_iron_sheet,975000.00,0.0,0.0,0.0,1.0,0.00,True,"generated for hackathon starter kit, not a real portfolio",0.00,Mathare,6370.6,False
moderate,50.0,NBO-0333,-1.271368,36.72167,informal_iron_sheet,1585000.00,0.0,0.0,0.0,1.0,0.00,True,"generated for hackathon starter kit, not a real portfolio",0.00,Kawangware,3424.2,False
moderate,50.0,NBO-0334,-1.300269,36.932332,semi_permanent,3980000.00,0.0,0.0,0.0,1.0,0.00,True,"generated for hackathon starter kit, not a real portfolio",0.00,Tassia,3824.5,False
moderate,50.0,NBO-0335,-1.204821,36.777835,concrete_rcc,499980000.00,0.0,0.0,0.0,1.0,0.00,True,"generated for hackathon starter kit, not a real portfolio",0.00,Kitisuru,4025.6,False
moderate,50.0,NBO-0336,-1.31156,36.933433,concrete_rcc,425295000.00,0.0,0.0,0.0,1.0,0.00,True,"generated for hackathon starter kit, not a real portfolio",0.00,Tassia,3904.2,False
moderate,50.0,NBO-0337,-1.182634,36.829649,semi_permanent,7645000.00,0.0,0.0,0.0,1.0,0.00,True,"generated for hackathon starter kit, not a real portfolio",0.00,Westlands,8598.9,False
moderate,50.0,NBO-0338,-1.300632,36.895328,semi_permanent,7740000.00,0.015223158523440361,0.02283473778516054,0.013396379500627519,1.0,103687.98,True,"generated for hackathon starter kit, not a real portfolio",26287.98,Donholm,754.4,True
moderate,50.0,NBO-0339,-1.310599,36.826601,concrete_rcc,439535000.00,0.04630954936146736,0.06946432404220104,0.023511001983514197,1.0,10333908.26,True,"generated for hackathon starter kit, not a real portfolio",5938558.26,Nairobi West,442.9,True
moderate,50.0,NBO-0340,-1.1977,36.752666,semi_permanent,8060000.00,0.0,0.0,0.0,1.0,0.00,True,"generated for hackathon starter kit, not a real portfolio",0.00,Kitisuru,5166.2,False
moderate,50.0,NBO-0341,-1.346872,36.949269,semi_permanent,6365000.00,0.0,0.0,0.0,1.0,0.00,True,"generated for hackathon starter kit, not a real portfolio",0.00,Fedha,6625.4,False
moderate,50.0,NBO-0342,-1.200346,36.858594,informal_iron_sheet,1900000.00,0.0,0.0,0.0,1.0,0.00,True,"generated for hackathon starter kit, not a real portfolio",0.00,Mathare,6608.9,False
moderate,50.0,NBO-0343,-1.254997,36.812644,semi_permanent,5850000.00,0.0,0.0,0.0,1.0,0.00,True,"generated for hackathon starter kit, not a real portfolio",0.00,Parklands,924.3,True
moderate,50.0,NBO-0344,-1.213194,36.935062,permanent_masonry,32270000.00,0.016176441684365273,0.02426466252654791,0.01067645151168108,1.0,344529.09,True,"generated for hackathon starter kit, not a real portfolio",21829.09,Mwiki,2184.5,False
moderate,50.0,NBO-0345,-1.278319,36.839113,semi_permanent,6630000.00,0.0,0.0,0.0,1.0,0.00,True,"generated for hackathon starter kit, not a real portfolio",0.00,Kiambiu,2736.6,False
moderate,50.0,NBO-0346,-1.306948,36.801566,informal_iron_sheet,1700000.00,0.0,0.0,0.0,1.0,0.00,True,"generated for hackathon starter kit, not a real portfolio",0.00,Kibera,1479.6,True
moderate,50.0,NBO-0347,-1.274636,36.749664,informal_iron_sheet,960000.00,0.151571586728096,0.227357380092144,0.20007449448108675,1.0,192071.51,True,"generated for hackathon starter kit, not a real portfolio",182471.51,Kawangware,479.1,True
moderate,50.0,NBO-0348,-1.317463,36.783427,concrete_rcc,626905000.00,0.0,0.0,0.0,1.0,0.00,True,"generated for hackathon starter kit, not a real portfolio",0.00,Lang'ata,746.8,True
moderate,50.0,NBO-0349,-1.343824,36.902898,informal_iron_sheet,1540000.00,0.0,0.0,0.0,1.0,0.00,True,"generated for hackathon starter kit, not a real portfolio",0.00,Fedha,3168.7,False
moderate,50.0,NBO-0350,-1.292185,36.740383,concrete_rcc,475860000.00,0.0,0.0,0.0,1.0,0.00,True,"generated for hackathon starter kit, not a real portfolio",0.00,Kawangware,1973.6,True
moderate,50.0,NBO-0351,-1.241881,36.815722,informal_iron_sheet,1350000.00,0.0,0.0,0.0,1.0,0.00,True,"generated for hackathon starter kit, not a real portfolio",0.00,Parklands,2422.3,False
moderate,50.0,NBO-0352,-1.310166,36.860695,semi_permanent,6100000.00,0.0,0.0,0.0,1.0,0.00,True,"generated for hackathon starter kit, not a real portfolio",0.00,Kiambiu,3115.9,False
moderate,50.0,NBO-0353,-1.331766,36.81104,concrete_rcc,393455000.00,0.0,0.0,0.0,1.0,0.00,True,"generated for hackathon starter kit, not a real portfolio",0.00,Lang'ata,2740.7,False
moderate,50.0,NBO-0354,-1.225862,36.799735,permanent_masonry,31610000.00,0.0,0.0,0.0,1.0,0.00,True,"generated for hackathon starter kit, not a real portfolio",0.00,Westlands,2754.3,False
moderate,50.0,NBO-0355,-1.347451,36.709257,informal_iron_sheet,1065000.00,0.0,0.0,0.0,1.0,0.00,True,"generated for hackathon starter kit, not a real portfolio",0.00,Kawangware,9002.7,False
moderate,50.0,NBO-0356,-1.203566,36.90393,informal_iron_sheet,1125000.00,0.37428200244903564,0.5614230036735535,0.4168538022041321,1.0,468960.53,True,"generated for hackathon starter kit, not a real portfolio",457710.53,Mwiki,4601.4,False
moderate,50.0,NBO-0357,-1.347865,36.718488,permanent_masonry,48595000.00,0.0,0.0,0.0,1.0,0.00,True,"generated for hackathon starter kit, not a real portfolio",0.00,Kawangware,8552.1,False
moderate,50.0,NBO-0358,-1.310107,36.808186,permanent_masonry,33745000.00,0.08892456442117691,0.13338684663176537,0.058690212517976764,1.0,1980501.22,True,"generated for hackathon starter kit, not a real portfolio",1643051.22,Madaraka,849.8,True
moderate,50.0,NBO-0359,-1.274801,36.721075,semi_permanent,3600000.00,0.0,0.0,0.0,1.0,0.00,True,"generated for hackathon starter kit, not a real portfolio",0.00,Kawangware,3422.5,False
moderate,50.0,NBO-0360,-1.306434,36.778519,informal_iron_sheet,1340000.00,0.0,0.0,0.0,1.0,0.00,True,"generated for hackathon starter kit, not a real portfolio",0.00,Kibera,1286.2,True
moderate,50.0,NBO-0361,-1.260813,36.895214,informal_iron_sheet,485000.00,0.032488271594047546,0.04873240739107132,0.04288451850414276,1.0,20798.99,True,"generated for hackathon starter kit, not a real portfolio",15948.99,Kariobangi,1490.9,True
moderate,50.0,NBO-0362,-1.218859,36.931263,concrete_rcc,827820000.00,0.14311811327934265,0.21467716991901398,0.07265996520335859,1.0,60149372.39,True,"generated for hackathon starter kit, not a real portfolio",51871172.39,Mwiki,1561.4,True
moderate,50.0,NBO-0363,-1.265965,36.71004,permanent_masonry,41830000.00,0.0,0.0,0.0,1.0,0.00,True,"generated for hackathon starter kit, not a real portfolio",0.00,Kangemi,4703.1,False
moderate,50.0,NBO-0364,-1.270336,36.775293,permanent_masonry,32130000.00,0.0,0.0,0.0,1.0,0.00,True,"generated for hackathon starter kit, not a real portfolio",0.00,Lavington,427.7,True
moderate,50.0,NBO-0365,-1.245682,36.872151,permanent_masonry,74420000.00,0.0,0.0,0.0,1.0,0.00,True,"generated for hackathon starter kit, not a real portfolio",0.00,Mathare,1419.3,True
moderate,50.0,NBO-0366,-1.294328,36.79296,informal_iron_sheet,805000.00,0.0,0.0,0.0,1.0,0.00,True,"generated for hackathon starter kit, not a real portfolio",0.00,Kibera,1941.5,True
moderate,50.0,NBO-0367,-1.279863,36.946799,informal_iron_sheet,1430000.00,0.03304511308670044,0.04956766963005066,0.04361954927444458,1.0,62375.96,True,"generated for hackathon starter kit, not a real portfolio",48075.96,Kayole,3380.8,False
moderate,50.0,NBO-0368,-1.281142,36.73553,permanent_masonry,88130000.00,0.0,0.0,0.0,1.0,0.00,True,"generated for hackathon starter kit, not a real portfolio",0.00,Kawangware,1815.8,True
moderate,50.0,NBO-0369,-1.304822,36.734471,semi_permanent,5615000.00,0.0,0.0,0.0,1.0,0.00,True,"generated for hackathon starter kit, not a real portfolio",0.00,Kawangware,3497.8,False
moderate,50.0,NBO-0370,-1.259124,36.882024,informal_iron_sheet,1300000.00,0.015046956948935986,0.02257043542340398,0.0198619831725955,1.0,25820.58,True,"generated for hackathon starter kit, not a real portfolio",12820.58,Kariobangi,12.7,True
moderate,50.0,NBO-0371,-1.18152,36.87356,permanent_masonry,63800000.00,0.0,0.0,0.0,1.0,0.00,True,"generated for hackathon starter kit, not a real portfolio",0.00,Dandora,7921.6,False
moderate,50.0,NBO-0372,-1.244471,36.934206,semi_permanent,5795000.00,0.20064496994018555,0.3009674549102783,0.17656757354736327,1.0,1023209.09,True,"generated for hackathon starter kit, not a real portfolio",965259.09,Mwiki,1306.7,True
moderate,50.0,NBO-0373,-1.333748,36.718557,permanent_masonry,104225000.00,0.0,0.0,0.0,1.0,0.00,True,"generated for hackathon starter kit, not a real portfolio",0.00,Kawangware,7163.7,False
moderate,50.0,NBO-0374,-1.306874,36.704134,informal_iron_sheet,1175000.00,0.0,0.0,0.0,1.0,0.00,True,"generated for hackathon starter kit, not a real portfolio",0.00,Kawangware,6154.2,False
moderate,50.0,NBO-0375,-1.265587,36.732079,permanent_masonry,53235000.00,0.0,0.0,0.0,1.0,0.00,True,"generated for hackathon starter kit, not a real portfolio",0.00,Kangemi,2263.6,False
moderate,50.0,NBO-0376,-1.330722,36.930502,semi_permanent,8385000.00,0.0,0.0,0.0,1.0,0.00,True,"generated for hackathon starter kit, not a real portfolio",0.00,Fedha,3932.1,False
moderate,50.0,NBO-0377,-1.240753,36.808486,semi_permanent,6520000.00,0.0,0.0,0.0,1.0,0.00,True,"generated for hackathon starter kit, not a real portfolio",0.00,Parklands,2492.0,False
moderate,50.0,NBO-0378,-1.232748,36.807252,semi_permanent,1970000.00,0.0,0.0,0.0,1.0,0.00,True,"generated for hackathon starter kit, not a real portfolio",0.00,Westlands,2808.9,False
moderate,50.0,NBO-0379,-1.244467,36.767451,permanent_masonry,52055000.00,0.0,0.0,0.0,1.0,0.00,True,"generated for hackathon starter kit, not a real portfolio",0.00,Kitisuru,604.1,True
moderate,50.0,NBO-0380,-1.256632,36.748659,permanent_masonry,75325000.00,0.0,0.0,0.0,1.0,0.00,True,"generated for hackathon starter kit, not a real portfolio",0.00,Kangemi,1327.9,True
moderate,50.0,NBO-0381,-1.305364,36.729212,permanent_masonry,49750000.00,0.0,0.0,0.0,1.0,0.00,True,"generated for hackathon starter kit, not a real portfolio",0.00,Kawangware,3894.3,False
moderate,50.0,NBO-0382,-1.287241,36.888335,informal_iron_sheet,1785000.00,0.0,0.0,0.0,1.0,0.00,True,"generated for hackathon starter kit, not a real portfolio",0.00,Donholm,1333.2,True
moderate,50.0,NBO-0383,-1.306754,36.710739,concrete_rcc,941095000.00,0.0,0.0,0.0,1.0,0.00,True,"generated for hackathon starter kit, not a real portfolio",0.00,Kawangware,5529.3,False
moderate,50.0,NBO-0384,-1.266942,36.885308,concrete_rcc,841500000.00,0.11290440708398819,0.16935661062598228,0.057320698981101696,1.0,48235368.19,True,"generated for hackathon starter kit, not a real portfolio",39820368.19,Kariobangi,950.8,True
moderate,50.0,NBO-0385,-1.20217,36.825202,informal_iron_sheet,590000.00,0.0,0.0,0.0,1.0,0.00,True,"generated for hackathon starter kit, not a real portfolio",0.00,Westlands,6576.3,False
moderate,50.0,NBO-0386,-1.290194,36.745156,permanent_masonry,76960000.00,0.0,0.0,0.0,1.0,0.00,True,"generated for hackathon starter kit, not a real portfolio",0.00,Kawangware,1490.5,True
moderate,50.0,NBO-0387,-1.229012,36.757269,semi_permanent,2525000.00,0.0,0.0,0.0,1.0,0.00,True,"generated for hackathon starter kit, not a real portfolio",0.00,Kitisuru,1984.4,True
moderate,50.0,NBO-0388,-1.278278,36.710888,concrete_rcc,430330000.00,0.0968252643942833,0.14523789659142494,0.04915744192325152,1.0,21153921.98,True,"generated for hackathon starter kit, not a real portfolio",16850621.98,Kawangware,4530.7,False
moderate,50.0,NBO-0389,-1.270773,36.910552,semi_permanent,3325000.00,0.0,0.0,0.0,1.0,0.00,True,"generated for hackathon starter kit, not a real portfolio",0.00,Komarock,376.5,True
moderate,50.0,NBO-0390,-1.19186,36.849251,semi_permanent,5340000.00,0.0,0.0,0.0,1.0,0.00,True,"generated for hackathon starter kit, not a real portfolio",0.00,Mathare,7794.8,False
moderate,50.0,NBO-0391,-1.303499,36.883827,permanent_masonry,78850000.00,0.0,0.0,0.0,1.0,0.00,True,"generated for hackathon starter kit, not a real portfolio",0.00,Donholm,719.7,True
moderate,50.0,NBO-0392,-1.199582,36.834712,informal_iron_sheet,730000.00,0.0,0.0,0.0,1.0,0.00,True,"generated for hackathon starter kit, not a real portfolio",0.00,Westlands,7515.6,False
moderate,50.0,NBO-0393,-1.333316,36.714996,semi_permanent,3390000.00,0.0,0.0,0.0,1.0,0.00,True,"generated for hackathon starter kit, not a real portfolio",0.00,Kawangware,7334.8,False
moderate,50.0,NBO-0394,-1.223109,36.877667,informal_iron_sheet,1385000.00,0.0,0.0,0.0,1.0,0.00,True,"generated for hackathon starter kit, not a real portfolio",0.00,Dandora,3981.6,False
moderate,50.0,NBO-0395,-1.288387,36.922284,informal_iron_sheet,925000.00,0.0,0.0,0.0,1.0,0.00,True,"generated for hackathon starter kit, not a real portfolio",0.00,Komarock,2382.2,False
moderate,50.0,NBO-0396,-1.202279,36.766078,informal_iron_sheet,1185000.00,0.0,0.0,0.0,1.0,0.00,True,"generated for hackathon starter kit, not a real portfolio",0.00,Kitisuru,4272.1,False
moderate,50.0,NBO-0397,-1.334262,36.797507,concrete_rcc,950380000.00,0.0,0.0,0.0,1.0,0.00,True,"generated for hackathon starter kit, not a real portfolio",0.00,Lang'ata,1896.6,True
moderate,50.0,NBO-0398,-1.212112,36.947855,semi_permanent,3605000.00,0.10675711184740067,0.160135667771101,0.09394625842571258,1.0,338676.26,True,"generated for hackathon starter kit, not a real portfolio",302626.26,Mwiki,2810.7,False
moderate,50.0,NBO-0399,-1.208904,36.854328,semi_permanent,3425000.00,0.0,0.0,0.0,1.0,0.00,True,"generated for hackathon starter kit, not a real portfolio",0.00,Mathare,5818.5,False
moderate,50.0,NBO-0400,-1.183815,36.732616,permanent_masonry,59920000.00,0.0,0.0,0.0,1.0,0.00,True,"generated for hackathon starter kit, not a real portfolio",0.00,Kitisuru,7602.4,False
moderate,50.0,NBO-0401,-1.225953,36.743443,informal_iron_sheet,885000.00,0.0,0.0,0.0,1.0,0.00,True,"generated for hackathon starter kit, not a real portfolio",0.00,Kitisuru,3461.0,False
moderate,50.0,NBO-0402,-1.317633,36.764405,permanent_masonry,86790000.00,0.0,0.0,0.0,1.0,0.00,True,"generated for hackathon starter kit, not a real portfolio",0.00,Kibera,2822.4,False
moderate,50.0,NBO-0403,-1.231914,36.931956,concrete_rcc,946115000.00,0.0,0.0,0.0,1.0,0.00,True,"generated for hackathon starter kit, not a real portfolio",0.00,Mwiki,173.4,True
moderate,50.0,NBO-0404,-1.297077,36.90215,semi_permanent,4480000.00,0.272045373916626,0.40806806087493896,0.23410903930664062,1.0,1048808.50,True,"generated for hackathon starter kit, not a real portfolio",1004008.50,Tassia,1176.8,True
moderate,50.0,NBO-0405,-1.182548,36.704197,permanent_masonry,86580000.00,0.0,0.0,0.0,1.0,0.00,True,"generated for hackathon starter kit, not a real portfolio",0.00,Kitisuru,9826.2,False
moderate,50.0,NBO-0406,-1.210983,36.840534,semi_permanent,3390000.00,0.0,0.0,0.0,1.0,0.00,True,"generated for hackathon starter kit, not a real portfolio",0.00,Mathare,6284.0,False
moderate,50.0,NBO-0407,-1.253995,36.750024,semi_permanent,3505000.00,0.0,0.0,0.0,1.0,0.00,True,"generated for hackathon starter kit, not a real portfolio",0.00,Kangemi,1578.4,True
moderate,50.0,NBO-0408,-1.334527,36.762454,semi_permanent,3650000.00,0.0,0.0,0.0,1.0,0.00,True,"generated for hackathon starter kit, not a real portfolio",0.00,Lang'ata,3515.4,False
moderate,50.0,NBO-0409,-1.286737,36.831791,semi_permanent,4740000.00,0.0,0.0,0.0,1.0,0.00,True,"generated for hackathon starter kit, not a real portfolio",0.00,Nairobi West,2626.7,False
moderate,50.0,NBO-0410,-1.247716,36.748189,permanent_masonry,67745000.00,0.0,0.0,0.0,1.0,0.00,True,"generated for hackathon starter kit, not a real portfolio",0.00,Kangemi,2302.0,False
moderate,50.0,NBO-0411,-1.189573,36.871599,permanent_masonry,51210000.00,0.0,0.0,0.0,1.0,0.00,True,"generated for hackathon starter kit, not a real portfolio",0.00,Dandora,7249.4,False
moderate,50.0,NBO-0412,-1.323981,36.709497,permanent_masonry,64635000.00,0.0,0.0,0.0,1.0,0.00,True,"generated for hackathon starter kit, not a real portfolio",0.00,Kawangware,6897.0,False
moderate,50.0,NBO-0413,-1.29912,36.707958,semi_permanent,6125000.00,0.0,0.0,0.0,1.0,0.00,True,"generated for hackathon starter kit, not a real portfolio",0.00,Kawangware,5372.1,False
moderate,50.0,NBO-0414,-1.222829,36.772325,concrete_rcc,268000000.00,0.0,0.0,0.0,1.0,0.00,True,"generated for hackathon starter kit, not a real portfolio",0.00,Kitisuru,1956.7,True
moderate,50.0,NBO-0415,-1.182905,36.723088,informal_iron_sheet,635000.00,0.0,0.0,0.0,1.0,0.00,True,"generated for hackathon starter kit, not a real portfolio",0.00,Kitisuru,8321.5,False
moderate,50.0,NBO-0416,-1.181257,36.913667,concrete_rcc,1356500000.00,0.0195400919765234,0.0293101379647851,0.00992035438808111,1.0,13456960.73,True,"generated for hackathon starter kit, not a real portfolio",0.00,Mwiki,6127.1,False
moderate,50.0,NBO-0417,-1.302171,36.892264,permanent_masonry,50905000.00,0.0,0.0,0.0,1.0,0.00,True,"generated for hackathon starter kit, not a real portfolio",0.00,Donholm,515.0,True
moderate,50.0,NBO-0418,-1.225647,36.840018,permanent_masonry,69265000.00,0.0,0.0,0.0,1.0,0.00,True,"generated for hackathon starter kit, not a real portfolio",0.00,Mathare,5034.2,False
moderate,50.0,NBO-0419,-1.322424,36.883627,concrete_rcc,452325000.00,0.0,0.0,0.0,1.0,0.00,True,"generated for hackathon starter kit, not a real portfolio",0.00,Fedha,1815.5,True
moderate,50.0,NBO-0420,-1.339096,36.702452,informal_iron_sheet,1360000.00,0.0,0.0,0.0,1.0,0.00,True,"generated for hackathon starter kit, not a real portfolio",0.00,Kawangware,8680.9,False
moderate,50.0,NBO-0421,-1.245747,36.759842,concrete_rcc,391420000.00,0.1845451444387436,0.2768177166581154,0.09369215025351597,1.0,36672981.45,True,"generated for hackathon starter kit, not a real portfolio",32758781.45,Kitisuru,1379.6,True
moderate,50.0,NBO-0422,-1.281913,36.829603,semi_permanent,5305000.00,0.0,0.0,0.0,1.0,0.00,True,"generated for hackathon starter kit, not a real portfolio",0.00,Chiromo,2860.2,False
moderate,50.0,NBO-0423,-1.249578,36.901111,concrete_rcc,633555000.00,0.0,0.0,0.0,1.0,0.00,True,"generated for hackathon starter kit, not a real portfolio",0.00,Dandora,758.1,True
moderate,50.0,NBO-0424,-1.290479,36.84768,informal_iron_sheet,900000.00,0.0,0.0,0.0,1.0,0.00,True,"generated for hackathon starter kit, not a real portfolio",0.00,Kiambiu,1972.3,True
moderate,50.0,NBO-0425,-1.348616,36.782807,permanent_masonry,81015000.00,0.0,0.0,0.0,1.0,0.00,True,"generated for hackathon starter kit, not a real portfolio",0.00,Lang'ata,3392.9,False
moderate,50.0,NBO-0426,-1.315744,36.762556,concrete_rcc,296295000.00,0.0,0.0,0.0,1.0,0.00,True,"generated for hackathon starter kit, not a real portfolio",0.00,Kibera,2980.3,False
moderate,50.0,NBO-0427,-1.344614,36.914871,informal_iron_sheet,1150000.00,0.0,0.0,0.0,1.0,0.00,True,"generated for hackathon starter kit, not a real portfolio",0.00,Fedha,3697.6,False
moderate,50.0,NBO-0428,-1.211801,36.839118,informal_iron_sheet,1070000.00,0.0,0.0,0.0,1.0,0.00,True,"generated for hackathon starter kit, not a real portfolio",0.00,Mathare,6295.9,False
moderate,50.0,NBO-0429,-1.335739,36.913418,permanent_masonry,50595000.00,0.0,0.0,0.0,1.0,0.00,True,"generated for hackathon starter kit, not a real portfolio",0.00,Fedha,2780.7,False
moderate,50.0,NBO-0430,-1.323625,36.725838,permanent_masonry,45600000.00,0.0,0.0,0.0,1.0,0.00,True,"generated for hackathon starter kit, not a real portfolio",0.00,Kawangware,5783.4,False
moderate,50.0,NBO-0431,-1.339077,36.900695,informal_iron_sheet,560000.00,0.09083228558301926,0.13624842837452888,0.11989861696958543,1.0,67143.23,True,"generated for hackathon starter kit, not a real portfolio",61543.23,Fedha,2614.3,False
moderate,50.0,NBO-0432,-1.211213,36.717387,permanent_masonry,45590000.00,0.0,0.0,0.0,1.0,0.00,True,"generated for hackathon starter kit, not a real portfolio",0.00,Kitisuru,6788.3,False
moderate,50.0,NBO-0433,-1.247364,36.787692,semi_permanent,4320000.00,0.0,0.0,0.0,1.0,0.00,True,"generated for hackathon starter kit, not a real portfolio",0.00,Westlands,202.3,True
moderate,50.0,NBO-0434,-1.317629,36.800261,informal_iron_sheet,910000.00,0.009397466666996479,0.014096200000494719,0.012404656000435353,1.0,11288.24,True,"generated for hackathon starter kit, not a real portfolio",2188.24,Lang'ata,1152.8,True
moderate,50.0,NBO-0435,-1.314949,36.71617,semi_permanent,5220000.00,0.0,0.0,0.0,1.0,0.00,True,"generated for hackathon starter kit, not a real portfolio",0.00,Kawangware,5657.8,False
moderate,50.0,NBO-0436,-1.316654,36.932326,permanent_masonry,37945000.00,0.0,0.0,0.0,1.0,0.00,True,"generated for hackathon starter kit, not a real portfolio",0.00,Fedha,3762.4,False
moderate,50.0,NBO-0437,-1.323597,36.803865,informal_iron_sheet,600000.00,0.0,0.0,0.0,1.0,0.00,True,"generated for hackathon starter kit, not a real portfolio",0.00,Lang'ata,1627.9,True
moderate,50.0,NBO-0438,-1.276598,36.716169,semi_permanent,6225000.00,0.0,0.0,0.0,1.0,0.00,True,"generated for hackathon starter kit, not a real portfolio",0.00,Kawangware,3949.0,False
moderate,50.0,NBO-0439,-1.192567,36.872725,semi_permanent,5215000.00,0.0,0.0,0.0,1.0,0.00,True,"generated for hackathon starter kit, not a real portfolio",0.00,Dandora,6901.0,False
moderate,50.0,NBO-0440,-1.18851,36.783672,semi_permanent,3105000.00,0.0,0.0,0.0,1.0,0.00,True,"generated for hackathon starter kit, not a real portfolio",0.00,Kitisuru,5936.3,False
moderate,50.0,NBO-0441,-1.185484,36.849843,informal_iron_sheet,740000.00,0.0,0.0,0.0,1.0,0.00,True,"generated for hackathon starter kit, not a real portfolio",0.00,Mathare,8452.0,False
moderate,50.0,NBO-0442,-1.33239,36.866631,informal_iron_sheet,1470000.00,0.0,0.0,0.0,1.0,0.00,True,"generated for hackathon starter kit, not a real portfolio",0.00,Fedha,4000.5,False
moderate,50.0,NBO-0443,-1.218721,36.942704,informal_iron_sheet,1445000.00,0.19615721702575684,0.29423582553863525,0.24831092834472657,1.0,358809.29,True,"generated for hackathon starter kit, not a real portfolio",344359.29,Mwiki,1880.5,True
moderate,50.0,NBO-0444,-1.290744,36.843866,concrete_rcc,590960000.00,0.0,0.0,0.0,1.0,0.00,True,"generated for hackathon starter kit, not a real portfolio",0.00,Kiambiu,2367.9,False
moderate,50.0,NBO-0445,-1.259144,36.860661,permanent_masonry,47880000.00,0.012634522281587124,0.018951783422380686,0.008338784705847502,1.0,399261.01,True,"generated for hackathon starter kit, not a real portfolio",0.00,Mathare,1181.6,True
moderate,50.0,NBO-0446,-1.29806,36.939987,informal_iron_sheet,1330000.00,0.0,0.0,0.0,1.0,0.00,True,"generated for hackathon starter kit, not a real portfolio",0.00,Kayole,4168.9,False
moderate,50.0,NBO-0447,-1.232566,36.780822,informal_iron_sheet,885000.00,0.0,0.0,0.0,1.0,0.00,True,"generated for hackathon starter kit, not a real portfolio",0.00,Kitisuru,1392.7,True
moderate,50.0,NBO-0448,-1.294373,36.783096,semi_permanent,3375000.00,0.0,0.0,0.0,1.0,0.00,True,"generated for hackathon starter kit, not a real portfolio",0.00,Kibera,1996.8,True
moderate,50.0,NBO-0449,-1.200878,36.877885,permanent_masonry,35640000.00,0.12664833664894104,0.18997250497341156,0.08358790218830109,1.0,2979072.83,True,"generated for hackathon starter kit, not a real portfolio",2622672.83,Dandora,5813.4,False
moderate,50.0,NBO-0450,-1.313857,36.861033,semi_permanent,7390000.00,0.06809632480144501,0.10214448720216751,0.059924765825271606,1.0,442844.02,True,"generated for hackathon starter kit, not a real portfolio",368944.02,Donholm,3478.3,False
moderate,50.0,NBO-0451,-1.286896,36.782238,informal_iron_sheet,850000.00,0.029651159420609474,0.04447673913091421,0.0391395304352045,1.0,33268.60,True,"generated for hackathon starter kit, not a real portfolio",24768.60,Kileleshwa,1293.5,True
moderate,50.0,NBO-0452,-1.222582,36.9336,concrete_rcc,380470000.00,0.5284810662269592,0.7927215993404388,0.25513147060687724,1.0,97069870.62,True,"generated for hackathon starter kit, not a real portfolio",93265170.62,Mwiki,1132.0,True
moderate,50.0,NBO-0453,-1.329951,36.944419,informal_iron_sheet,935000.00,0.3320854604244232,0.4981281906366348,0.37880204200744627,1.0,354179.91,True,"generated for hackathon starter kit, not a real portfolio",344829.91,Fedha,5346.4,False
moderate,50.0,NBO-0454,-1.339888,36.948654,permanent_masonry,74880000.00,0.0,0.0,0.0,1.0,0.00,True,"generated for hackathon starter kit, not a real portfolio",0.00,Fedha,6192.2,False
moderate,50.0,NBO-0455,-1.33227,36.874249,concrete_rcc,381775000.00,0.0,0.0,0.0,1.0,0.00,True,"generated for hackathon starter kit, not a real portfolio",0.00,Fedha,3266.8,False
moderate,50.0,NBO-0456,-1.232817,36.907698,permanent_masonry,73600000.00,0.10038753598928452,0.15058130398392677,0.06625577375292778,1.0,4876424.95,True,"generated for hackathon starter kit, not a real portfolio",4140424.95,Dandora,1356.5,True
moderate,50.0,NBO-0457,-1.186498,36.925161,permanent_masonry,28450000.00,0.0,0.0,0.0,1.0,0.00,True,"generated for hackathon starter kit, not a real portfolio",0.00,Mwiki,5222.2,False
moderate,50.0,NBO-0458,-1.271154,36.849901,semi_permanent,4480000.00,0.0,0.0,0.0,1.0,0.00,True,"generated for hackathon starter kit, not a real portfolio",0.00,Kiambiu,1945.4,True
moderate,50.0,NBO-0459,-1.276579,36.926282,semi_permanent,4475000.00,0.008976130746304989,0.013464196119457483,0.00789899505674839,1.0,35348.00,True,"generated for hackathon starter kit, not a real portfolio",0.00,Kayole,1336.7,True
moderate,50.0,NBO-0460,-1.33452,36.837781,semi_permanent,3150000.00,0.0,0.0,0.0,1.0,0.00,True,"generated for hackathon starter kit, not a real portfolio",0.00,Nairobi West,3302.4,False
moderate,50.0,NBO-0461,-1.332897,36.781192,informal_iron_sheet,1080000.00,0.0,0.0,0.0,1.0,0.00,True,"generated for hackathon starter kit, not a real portfolio",0.00,Lang'ata,1832.0,True
moderate,50.0,NBO-0462,-1.315129,36.829882,informal_iron_sheet,910000.00,0.0,0.0,0.0,1.0,0.00,True,"generated for hackathon starter kit, not a real portfolio",0.00,Nairobi West,1039.0,True
moderate,50.0,NBO-0463,-1.263233,36.740277,permanent_masonry,64740000.00,0.0,0.0,0.0,1.0,0.00,True,"generated for hackathon starter kit, not a real portfolio",0.00,Kangemi,1437.8,True
moderate,50.0,NBO-0464,-1.29875,36.943049,informal_iron_sheet,610000.00,0.0,0.0,0.0,1.0,0.00,True,"generated for hackathon starter kit, not a real portfolio",0.00,Kayole,4426.8,False
moderate,50.0,NBO-0465,-1.291747,36.740285,semi_permanent,3200000.00,0.0,0.0,0.0,1.0,0.00,True,"generated for hackathon starter kit, not a real portfolio",0.00,Kawangware,1943.2,True
moderate,50.0,NBO-0466,-1.248392,36.783232,concrete_rcc,526250000.00,0.2165347933769226,0.3248021900653839,0.10993304894520685,1.0,57852267.01,True,"generated for hackathon starter kit, not a real portfolio",52589767.01,Westlands,378.0,True
moderate,50.0,NBO-0467,-1.198678,36.731266,concrete_rcc,1592010000.00,0.0,0.0,0.0,1.0,0.00,True,"generated for hackathon starter kit, not a real portfolio",0.00,Kitisuru,6406.4,False
moderate,50.0,NBO-0468,-1.333948,36.907328,concrete_rcc,914905000.00,0.11739768087863922,0.17609652131795883,0.05960189952300145,1.0,54530075.88,True,"generated for hackathon starter kit, not a real portfolio",45381025.88,Fedha,2257.2,False
moderate,50.0,NBO-0469,-1.32826,36.885924,semi_permanent,8010000.00,0.0,0.0,0.0,1.0,0.00,True,"generated for hackathon starter kit, not a real portfolio",0.00,Fedha,1978.1,True
moderate,50.0,NBO-0470,-1.317417,36.911355,semi_permanent,3905000.00,0.0,0.0,0.0,1.0,0.00,True,"generated for hackathon starter kit, not a real portfolio",0.00,Fedha,1442.7,True
moderate,50.0,NBO-0471,-1.210378,36.930778,semi_permanent,4990000.00,0.0,0.0,0.0,1.0,0.00,True,"generated for hackathon starter kit, not a real portfolio",0.00,Mwiki,2503.8,False
moderate,50.0,NBO-0472,-1.280935,36.89564,semi_permanent,5280000.00,0.0,0.0,0.0,1.0,0.00,True,"generated for hackathon starter kit, not a real portfolio",0.00,Komarock,1629.7,True
moderate,50.0,NBO-0473,-1.204539,36.850227,semi_permanent,5015000.00,0.0,0.0,0.0,1.0,0.00,True,"generated for hackathon starter kit, not a real portfolio",0.00,Mathare,6431.1,False
moderate,50.0,NBO-0474,-1.265397,36.874234,informal_iron_sheet,1190000.00,0.0,0.0,0.0,1.0,0.00,True,"generated for hackathon starter kit, not a real portfolio",0.00,Mathare,843.6,True
moderate,50.0,NBO-0475,-1.321852,36.912497,informal_iron_sheet,580000.00,0.0,0.0,0.0,1.0,0.00,True,"generated for hackathon starter kit, not a real portfolio",0.00,Fedha,1701.6,True
moderate,50.0,NBO-0476,-1.239714,36.739798,informal_iron_sheet,560000.00,0.0,0.0,0.0,1.0,0.00,True,"generated for hackathon starter kit, not a real portfolio",0.00,Kangemi,3439.2,False
moderate,50.0,NBO-0477,-1.319008,36.757525,permanent_masonry,45370000.00,0.0,0.0,0.0,1.0,0.00,True,"generated for hackathon starter kit, not a real portfolio",0.00,Kibera,3601.5,False
moderate,50.0,NBO-0478,-1.2108,36.844853,permanent_masonry,101200000.00,0.0,0.0,0.0,1.0,0.00,True,"generated for hackathon starter kit, not a real portfolio",0.00,Mathare,6054.2,False
moderate,50.0,NBO-0479,-1.319025,36.818722,informal_iron_sheet,790000.00,0.0,0.0,0.0,1.0,0.00,True,"generated for hackathon starter kit, not a real portfolio",0.00,Nairobi West,1246.7,True
moderate,50.0,NBO-0480,-1.313874,36.93348,semi_permanent,5855000.00,0.0,0.0,0.0,1.0,0.00,True,"generated for hackathon starter kit, not a real portfolio",0.00,Fedha,3894.2,False
moderate,50.0,NBO-0481,-1.206344,36.782704,informal_iron_sheet,1170000.00,0.0,0.0,0.0,1.0,0.00,True,"generated for hackathon starter kit, not a real portfolio",0.00,Kitisuru,4000.8,False
moderate,50.0,NBO-0482,-1.211464,36.717203,permanent_masonry,35925000.00,0.0,0.0,0.0,1.0,0.00,True,"generated for hackathon starter kit, not a real portfolio",0.00,Kitisuru,6793.0,False
moderate,50.0,NBO-0483,-1.24542,36.771289,semi_permanent,5375000.00,0.0,0.0,0.0,1.0,0.00,True,"generated for hackathon starter kit, not a real portfolio",0.00,Kitisuru,561.3,True
moderate,50.0,NBO-0484,-1.271068,36.744576,concrete_rcc,641870000.00,0.0,0.0,0.0,1.0,0.00,True,"generated for hackathon starter kit, not a real portfolio",0.00,Kangemi,923.3,True
moderate,50.0,NBO-0485,-1.233919,36.806192,informal_iron_sheet,715000.00,0.0,0.0,0.0,1.0,0.00,True,"generated for hackathon starter kit, not a real portfolio",0.00,Westlands,2639.5,False
moderate,50.0,NBO-0486,-1.309357,36.726474,informal_iron_sheet,945000.00,0.0,0.0,0.0,1.0,0.00,True,"generated for hackathon starter kit, not a real portfolio",0.00,Kawangware,4430.5,False
moderate,50.0,NBO-0487,-1.344056,36.855521,permanent_masonry,116700000.00,0.10444319248199463,0.15666478872299194,0.06893250703811646,1.0,8044423.57,True,"generated for hackathon starter kit, not a real portfolio",6877423.57,Nairobi West,5333.4,False
moderate,50.0,NBO-0488,-1.289708,36.796945,semi_permanent,5085000.00,0.0,0.0,0.0,1.0,0.00,True,"generated for hackathon starter kit, not a real portfolio",0.00,Kileleshwa,1758.4,True
moderate,50.0,NBO-0489,-1.244082,36.757179,permanent_masonry,33945000.00,0.0,0.0,0.0,1.0,0.00,True,"generated for hackathon starter kit, not a real portfolio",0.00,Kitisuru,1593.9,True
moderate,50.0,NBO-0490,-1.317731,36.92187,permanent_masonry,72865000.00,0.0,0.0,0.0,1.0,0.00,True,"generated for hackathon starter kit, not a real portfolio",0.00,Fedha,2608.6,False
moderate,50.0,NBO-0491,-1.22655,36.947095,permanent_masonry,43385000.00,0.6144583225250244,0.9216874837875366,0.3549399948120117,1.0,15399071.67,True,"generated for hackathon starter kit, not a real portfolio",14965221.67,Mwiki,1685.0,True
moderate,50.0,NBO-0492,-1.20285,36.871324,permanent_masonry,36180000.00,0.6197513937950134,0.9296270906925201,0.35748066902160647,1.0,12933650.61,True,"generated for hackathon starter kit, not a real portfolio",12571850.61,Dandora,6066.3,False
moderate,50.0,NBO-0493,-1.28459,36.726722,concrete_rcc,935855000.00,0.0,0.0,0.0,1.0,0.00,True,"generated for hackathon starter kit, not a real portfolio",0.00,Kawangware,2852.9,False
moderate,50.0,NBO-0494,-1.291975,36.831562,informal_iron_sheet,2070000.00,0.0,0.0,0.0,1.0,0.00,True,"generated for hackathon starter kit, not a real portfolio",0.00,Nairobi West,2084.5,False
moderate,50.0,NBO-0495,-1.328919,36.874954,semi_permanent,6580000.00,0.0,0.0,0.0,1.0,0.00,True,"generated for hackathon starter kit, not a real portfolio",0.00,Fedha,3003.2,False
moderate,50.0,NBO-0496,-1.212958,36.816976,informal_iron_sheet,1650000.00,0.0,0.0,0.0,1.0,0.00,True,"generated for hackathon starter kit, not a real portfolio",0.00,Westlands,5072.9,False
moderate,50.0,NBO-0497,-1.285034,36.742151,informal_iron_sheet,855000.00,0.0,0.0,0.0,1.0,0.00,True,"generated for hackathon starter kit, not a real portfolio",0.00,Kawangware,1283.5,True
moderate,50.0,NBO-0498,-1.185994,36.786739,informal_iron_sheet,935000.00,0.0,0.0,0.0,1.0,0.00,True,"generated for hackathon starter kit, not a real portfolio",0.00,Kitisuru,6294.4,False
moderate,50.0,NBO-0499,-1.269108,36.923782,informal_iron_sheet,1175000.00,0.16753137111663818,0.2512970566749573,0.22083011627197266,1.0,259475.39,True,"generated for hackathon starter kit, not a real portfolio",247725.39,Kayole,557.0,True
moderate,50.0,NBO-0500,-1.25312,36.710253,informal_iron_sheet,1275000.00,0.0,0.0,0.0,1.0,0.00,True,"generated for hackathon starter kit, not a real portfolio",0.00,Kangemi,4958.4,False
moderate,50.0,NBO-0501,-1.295026,36.712918,concrete_rcc,476605000.00,0.0,0.0,0.0,1.0,0.00,True,"generated for hackathon starter kit, not a real portfolio",0.00,Kawangware,4682.4,False
moderate,50.0,NBO-0502,-1.261483,36.874398,permanent_masonry,32125000.00,0.0,0.0,0.0,1.0,0.00,True,"generated for hackathon starter kit, not a real portfolio",0.00,Mathare,487.5,True
moderate,50.0,NBO-0503,-1.225395,36.907248,semi_permanent,4345000.00,0.1745261251926422,0.2617891877889633,0.15358299016952515,1.0,667318.09,True,"generated for hackathon starter kit, not a real portfolio",623868.09,Dandora,2173.7,False
moderate,50.0,NBO-0504,-1.305311,36.854259,concrete_rcc,871025000.00,0.0,0.0,0.0,1.0,0.00,True,"generated for hackathon starter kit, not a real portfolio",0.00,Kiambiu,2756.0,False
moderate,50.0,NBO-0505,-1.244107,36.925259,permanent_masonry,37065000.00,0.10316144675016403,0.15474217012524605,0.06808655485510826,1.0,2523628.16,True,"generated for hackathon starter kit, not a real portfolio",2152978.16,Mwiki,1544.5,True
moderate,50.0,NBO-0506,-1.182312,36.828437,informal_iron_sheet,720000.00,0.0,0.0,0.0,1.0,0.00,True,"generated for hackathon starter kit, not a real portfolio",0.00,Westlands,8553.6,False
moderate,50.0,NBO-0507,-1.286124,36.862558,semi_permanent,2575000.00,0.0,0.0,0.0,1.0,0.00,True,"generated for hackathon starter kit, not a real portfolio",0.00,Kiambiu,438.3,True
moderate,50.0,NBO-0508,-1.319233,36.80786,semi_permanent,4750000.00,0.0,0.0,0.0,1.0,0.00,True,"generated for hackathon starter kit, not a real portfolio",0.00,Madaraka,1555.9,True
moderate,50.0,NBO-0509,-1.193795,36.897925,permanent_masonry,44085000.00,0.2238771766424179,0.33581576496362686,0.14775893658399583,1.0,6513952.72,True,"generated for hackathon starter kit, not a real portfolio",6073102.72,Dandora,5755.4,False
moderate,50.0,NBO-0510,-1.336823,36.70879,informal_iron_sheet,890000.00,0.0,0.0,0.0,1.0,0.00,True,"generated for hackathon starter kit, not a real portfolio",0.00,Kawangware,8050.2,False
moderate,50.0,NBO-0511,-1.184776,36.797872,informal_iron_sheet,720000.00,0.0,0.0,0.0,1.0,0.00,True,"generated for hackathon starter kit, not a real portfolio",0.00,Kitisuru,6865.2,False
moderate,50.0,NBO-0512,-1.188377,36.790529,informal_iron_sheet,1020000.00,0.0,0.0,0.0,1.0,0.00,True,"generated for hackathon starter kit, not a real portfolio",0.00,Kitisuru,6175.3,False
moderate,50.0,NBO-0513,-1.290784,36.727271,concrete_rcc,451570000.00,0.0,0.0,0.0,1.0,0.00,True,"generated for hackathon starter kit, not a real portfolio",0.00,Kawangware,3036.1,False
moderate,50.0,NBO-0514,-1.265043,36.819492,semi_permanent,4725000.00,0.08942195028066635,0.13413292542099953,0.07869131624698639,1.0,371816.47,True,"generated for hackathon starter kit, not a real portfolio",324566.47,Parklands,1009.6,True
moderate,50.0,NBO-0515,-1.325057,36.886173,informal_iron_sheet,625000.00,0.0,0.0,0.0,1.0,0.00,True,"generated for hackathon starter kit, not a real portfolio",0.00,Fedha,1722.2,True
moderate,50.0,NBO-0516,-1.249747,36.737112,permanent_masonry,43265000.00,0.0,0.0,0.0,1.0,0.00,True,"generated for hackathon starter kit, not a real portfolio",0.00,Kangemi,2640.5,False
moderate,50.0,NBO-0517,-1.34537,36.948643,semi_permanent,3700000.00,0.0,0.0,0.0,1.0,0.00,True,"generated for hackathon starter kit, not a real portfolio",0.00,Fedha,6479.5,False
moderate,50.0,NBO-0518,-1.207065,36.750001,permanent_masonry,58300000.00,0.0,0.0,0.0,1.0,0.00,True,"generated for hackathon starter kit, not a real portfolio",0.00,Kitisuru,4380.3,False
moderate,50.0,NBO-0519,-1.331527,36.92513,permanent_masonry,44655000.00,0.0,0.0,0.0,1.0,0.00,True,"generated for hackathon starter kit, not a real portfolio",0.00,Fedha,3446.1,False
moderate,50.0,NBO-0520,-1.193567,36.704825,informal_iron_sheet,610000.00,0.0,0.0,0.0,1.0,0.00,True,"generated for hackathon starter kit, not a real portfolio",0.00,Kitisuru,9014.7,False
moderate,50.0,NBO-0521,-1.311918,36.827583,informal_iron_sheet,1680000.00,0.026632163673639297,0.039948245510458946,0.03515445604920387,1.0,59059.49,True,"generated for hackathon starter kit, not a real portfolio",42259.49,Nairobi West,613.6,True
moderate,50.0,NBO-0522,-1.288577,36.715379,informal_iron_sheet,1080000.00,0.0,0.0,0.0,1.0,0.00,True,"generated for hackathon starter kit, not a real portfolio",0.00,Kawangware,4185.3,False
moderate,50.0,NBO-0523,-1.345307,36.773551,informal_iron_sheet,1165000.00,0.0,0.0,0.0,1.0,0.00,True,"generated for hackathon starter kit, not a real portfolio",0.00,Lang'ata,3452.4,False
moderate,50.0,NBO-0524,-1.285827,36.901408,informal_iron_sheet,655000.00,0.0,0.0,0.0,1.0,0.00,True,"generated for hackathon starter kit, not a real portfolio",0.00,Komarock,1624.8,True
moderate,50.0,NBO-0525,-1.339053,36.852392,informal_iron_sheet,1140000.00,0.0,0.0,0.0,1.0,0.00,True,"generated for hackathon starter kit, not a real portfolio",0.00,Nairobi West,4689.9,False
moderate,50.0,NBO-0526,-1.192388,36.92264,semi_permanent,6355000.00,0.03889010474085808,0.05833515711128712,0.03422329217195511,1.0,217489.02,True,"generated for hackathon starter kit, not a real portfolio",153939.02,Mwiki,4641.8,False
moderate,50.0,NBO-0527,-1.210956,36.822111,informal_iron_sheet,1120000.00,0.0,0.0,0.0,1.0,0.00,True,"generated for hackathon starter kit, not a real portfolio",0.00,Westlands,5629.7,False
moderate,50.0,NBO-0528,-1.183892,36.727219,informal_iron_sheet,1655000.00,0.0,0.0,0.0,1.0,0.00,True,"generated for hackathon starter kit, not a real portfolio",0.00,Kitisuru,7948.1,False
moderate,50.0,NBO-0529,-1.27367,36.719198,semi_permanent,3100000.00,0.0,0.0,0.0,1.0,0.00,True,"generated for hackathon starter kit, not a real portfolio",0.00,Kawangware,3646.0,False
moderate,50.0,NBO-0530,-1.243356,36.83222,informal_iron_sheet,1710000.00,0.0,0.0,0.0,1.0,0.00,True,"generated for hackathon starter kit, not a real portfolio",0.00,Parklands,3250.0,False
moderate,50.0,NBO-0531,-1.262821,36.929629,permanent_masonry,33350000.00,0.08006508648395538,0.12009762972593307,0.05284295707941055,1.0,1762312.62,True,"generated for hackathon starter kit, not a real portfolio",1428812.62,Kayole,1222.0,True
moderate,50.0,NBO-0532,-1.184216,36.946388,informal_iron_sheet,1245000.00,0.0,0.0,0.0,1.0,0.00,True,"generated for hackathon starter kit, not a real portfolio",0.00,Mwiki,5591.2,False
moderate,50.0,NBO-0533,-1.256164,36.887888,concrete_rcc,485690000.00,0.22421503067016602,0.336322546005249,0.11383224634023813,1.0,55287183.72,True,"generated for hackathon starter kit, not a real portfolio",50430283.72,Kariobangi,739.8,True
moderate,50.0,NBO-0534,-1.214277,36.717458,concrete_rcc,1036940000.00,0.0,0.0,0.0,1.0,0.00,True,"generated for hackathon starter kit, not a real portfolio",0.00,Kitisuru,6625.2,False
moderate,50.0,NBO-0535,-1.295993,36.743629,semi_permanent,2675000.00,0.0,0.0,0.0,1.0,0.00,True,"generated for hackathon starter kit, not a real portfolio",0.00,Kawangware,2143.2,False
moderate,50.0,NBO-0536,-1.225209,36.858199,informal_iron_sheet,2490000.00,0.0,0.0,0.0,1.0,0.00,True,"generated for hackathon starter kit, not a real portfolio",0.00,Mathare,3967.8,False
moderate,50.0,NBO-0537,-1.22413,36.847103,informal_iron_sheet,1275000.00,0.0,0.0,0.0,1.0,0.00,True,"generated for hackathon starter kit, not a real portfolio",0.00,Mathare,4663.6,False
moderate,50.0,NBO-0538,-1.27839,36.927619,semi_permanent,5200000.00,0.0,0.0,0.0,1.0,0.00,True,"generated for hackathon starter kit, not a real portfolio",0.00,Kayole,1587.0,True
moderate,50.0,NBO-0539,-1.312574,36.820574,informal_iron_sheet,490000.00,0.0,0.0,0.0,1.0,0.00,True,"generated for hackathon starter kit, not a real portfolio",0.00,Nairobi West,513.9,True
moderate,50.0,NBO-0540,-1.324529,36.76911,semi_permanent,7295000.00,0.0,0.0,0.0,1.0,0.00,True,"generated for hackathon starter kit, not a real portfolio",0.00,Lang'ata,2400.9,False
moderate,50.0,NBO-0541,-1.212603,36.730007,informal_iron_sheet,980000.00,0.0,0.0,0.0,1.0,0.00,True,"generated for hackathon starter kit, not a real portfolio",0.00,Kitisuru,5507.9,False
moderate,50.0,NBO-0542,-1.189111,36.888,permanent_masonry,22450000.00,0.031770575791597366,0.04765586368739605,0.02096858002245426,1.0,470744.62,True,"generated for hackathon starter kit, not a real portfolio",246244.62,Dandora,6521.8,False
moderate,50.0,NBO-0543,-1.315547,36.926666,informal_iron_sheet,925000.00,0.0,0.0,0.0,1.0,0.00,True,"generated for hackathon starter kit, not a real portfolio",0.00,Fedha,3131.7,False
moderate,50.0,NBO-0544,-1.257331,36.882131,permanent_masonry,76430000.00,0.0,0.0,0.0,1.0,0.00,True,"generated for hackathon starter kit, not a real portfolio",0.00,Kariobangi,197.5,True
moderate,50.0,NBO-0545,-1.242225,36.740313,permanent_masonry,39810000.00,0.0,0.0,0.0,1.0,0.00,True,"generated for hackathon starter kit, not a real portfolio",0.00,Kangemi,3161.3,False
moderate,50.0,NBO-0546,-1.330179,36.854297,informal_iron_sheet,925000.00,0.0,0.0,0.0,1.0,0.00,True,"generated for hackathon starter kit, not a real portfolio",0.00,Nairobi West,4211.0,False
moderate,50.0,NBO-0547,-1.200929,36.924815,informal_iron_sheet,1475000.00,0.35888832807540894,0.5383324921131134,0.40299949526786805,1.0,594424.26,True,"generated for hackathon starter kit, not a real portfolio",579674.26,Mwiki,3661.8,False
moderate,50.0,NBO-0548,-1.316532,36.819529,informal_iron_sheet,945000.00,0.0,0.0,0.0,1.0,0.00,True,"generated for hackathon starter kit, not a real portfolio",0.00,Nairobi West,956.8,True
moderate,50.0,NBO-0549,-1.237462,36.709771,semi_permanent,5080000.00,0.0,0.0,0.0,1.0,0.00,True,"generated for hackathon starter kit, not a real portfolio",0.00,Kangemi,5821.1,False
moderate,50.0,NBO-0550,-1.259167,36.767873,permanent_masonry,34820000.00,0.0,0.0,0.0,1.0,0.00,True,"generated for hackathon starter kit, not a real portfolio",0.00,Lavington,1899.4,True
moderate,50.0,NBO-0551,-1.229688,36.86457,permanent_masonry,42840000.00,0.0,0.0,0.0,1.0,0.00,True,"generated for hackathon starter kit, not a real portfolio",0.00,Mathare,3279.9,False
moderate,50.0,NBO-0552,-1.250584,36.731432,informal_iron_sheet,1455000.00,0.0,0.0,0.0,1.0,0.00,True,"generated for hackathon starter kit, not a real portfolio",0.00,Kangemi,3022.2,False
moderate,50.0,NBO-0553,-1.323114,36.787484,semi_permanent,3040000.00,0.0,0.0,0.0,1.0,0.00,True,"generated for hackathon starter kit, not a real portfolio",0.00,Lang'ata,538.9,True
moderate,50.0,NBO-0554,-1.340246,36.945013,semi_permanent,5180000.00,0.0,0.0,0.0,1.0,0.00,True,"generated for hackathon starter kit, not a real portfolio",0.00,Fedha,5848.8,False
moderate,50.0,NBO-0555,-1.234729,36.732582,permanent_masonry,28945000.00,0.0,0.0,0.0,1.0,0.00,True,"generated for hackathon starter kit, not a real portfolio",0.00,Kangemi,4300.7,False
moderate,50.0,NBO-0556,-1.196393,36.809098,concrete_rcc,521240000.00,0.0,0.0,0.0,1.0,0.00,True,"generated for hackathon starter kit, not a real portfolio",0.00,Westlands,6134.2,False
moderate,50.0,NBO-0557,-1.267599,36.862228,concrete_rcc,195090000.00,0.0,0.0,0.0,1.0,0.00,True,"generated for hackathon starter kit, not a real portfolio",0.00,Mathare,1432.5,True
moderate,50.0,NBO-0558,-1.196781,36.753065,permanent_masonry,35710000.00,0.0,0.0,0.0,1.0,0.00,True,"generated for hackathon starter kit, not a real portfolio",0.00,Kitisuru,5243.1,False
moderate,50.0,NBO-0559,-1.180076,36.902401,semi_permanent,4615000.00,0.05832955613732338,0.08749433420598507,0.051330009400844576,1.0,236887.99,True,"generated for hackathon starter kit, not a real portfolio",190737.99,Mwiki,6789.0,False
moderate,50.0,NBO-0560,-1.255496,36.743072,semi_permanent,5635000.00,0.0,0.0,0.0,1.0,0.00,True,"generated for hackathon starter kit, not a real portfolio",0.00,Kangemi,1728.3,True
moderate,50.0,NBO-0561,-1.295388,36.849583,concrete_rcc,432790000.00,0.0,0.0,0.0,1.0,0.00,True,"generated for hackathon starter kit, not a real portfolio",0.00,Kiambiu,2118.6,False
moderate,50.0,NBO-0562,-1.315337,36.709384,informal_iron_sheet,520000.00,0.0,0.0,0.0,1.0,0.00,True,"generated for hackathon starter kit, not a real portfolio",0.00,Kawangware,6235.4,False
moderate,50.0,NBO-0563,-1.25133,36.949922,informal_iron_sheet,1345000.00,0.0759783610701561,0.11396754160523415,0.10029143661260605,1.0,134891.98,True,"generated for hackathon starter kit, not a real portfolio",121441.98,Mwiki,2773.6,False
moderate,50.0,NBO-0564,-1.19492,36.831777,permanent_masonry,74785000.00,0.0,0.0,0.0,1.0,0.00,True,"generated for hackathon starter kit, not a real portfolio",0.00,Westlands,7664.4,False
moderate,50.0,NBO-0565,-1.343686,36.759716,informal_iron_sheet,410000.00,0.0,0.0,0.0,1.0,0.00,True,"generated for hackathon starter kit, not a real portfolio",0.00,Lang'ata,4344.8,False
moderate,50.0,NBO-0566,-1.263318,36.733818,semi_permanent,5305000.00,0.0,0.0,0.0,1.0,0.00,True,"generated for hackathon starter kit, not a real portfolio",0.00,Kangemi,2119.4,False
moderate,50.0,NBO-0567,-1.182158,36.710157,informal_iron_sheet,2375000.00,0.0,0.0,0.0,1.0,0.00,True,"generated for hackathon starter kit, not a real portfolio",0.00,Kitisuru,9365.2,False
moderate,50.0,NBO-0568,-1.215505,36.766714,informal_iron_sheet,1325000.00,0.0,0.0,0.0,1.0,0.00,True,"generated for hackathon starter kit, not a real portfolio",0.00,Kitisuru,2807.1,False
moderate,50.0,NBO-0569,-1.227372,36.910585,permanent_masonry,51120000.00,0.30811524391174316,0.46217286586761475,0.2033560609817505,1.0,10395561.84,True,"generated for hackathon starter kit, not a real portfolio",9884361.84,Dandora,2013.2,False
moderate,50.0,NBO-0570,-1.301884,36.762107,permanent_masonry,59055000.00,0.0,0.0,0.0,1.0,0.00,True,"generated for hackathon starter kit, not a real portfolio",0.00,Kawangware,2852.3,False
moderate,50.0,NBO-0571,-1.343186,36.934871,concrete_rcc,404475000.00,0.0,0.0,0.0,1.0,0.00,True,"generated for hackathon starter kit, not a real portfolio",0.00,Fedha,5070.8,False
moderate,50.0,NBO-0572,-1.218469,36.948093,concrete_rcc,831600000.00,0.09029842913150787,0.1354476436972618,0.045843817866765536,1.0,38123718.94,True,"generated for hackathon starter kit, not a real portfolio",29807718.94,Mwiki,2289.2,False
moderate,50.0,NBO-0573,-1.209108,36.843527,informal_iron_sheet,705000.00,0.0,0.0,0.0,1.0,0.00,True,"generated for hackathon starter kit, not a real portfolio",0.00,Mathare,6290.4,False
moderate,50.0,NBO-0574,-1.328134,36.729186,semi_permanent,6125000.00,0.0,0.0,0.0,1.0,0.00,True,"generated for hackathon starter kit, not a real portfolio",0.00,Kawangware,6061.2,False
moderate,50.0,NBO-0575,-1.330035,36.785141,permanent_masonry,56840000.00,0.0,0.0,0.0,1.0,0.00,True,"generated for hackathon starter kit, not a real portfolio",0.00,Lang'ata,1344.0,True
moderate,50.0,NBO-0576,-1.32098,36.87598,semi_permanent,4980000.00,0.0,0.0,0.0,1.0,0.00,True,"generated for hackathon starter kit, not a real portfolio",0.00,Fedha,2571.6,False
moderate,50.0,NBO-0577,-1.254205,36.793286,permanent_masonry,81530000.00,0.0,0.0,0.0,1.0,0.00,True,"generated for hackathon starter kit, not a real portfolio",0.00,Westlands,1171.0,True
moderate,50.0,NBO-0578,-1.255227,36.862573,concrete_rcc,219745000.00,0.0,0.0,0.0,1.0,0.00,True,"generated for hackathon starter kit, not a real portfolio",0.00,Mathare,1029.3,True
moderate,50.0,NBO-0579,-1.284944,36.872587,informal_iron_sheet,1100000.00,0.0,0.0,0.0,1.0,0.00,True,"generated for hackathon starter kit, not a real portfolio",0.00,Kiambiu,1062.4,True
moderate,50.0,NBO-0580,-1.184273,36.742328,informal_iron_sheet,1260000.00,0.0,0.0,0.0,1.0,0.00,True,"generated for hackathon starter kit, not a real portfolio",0.00,Kitisuru,7007.3,False
moderate,50.0,NBO-0581,-1.223779,36.773558,informal_iron_sheet,855000.00,0.0,0.0,0.0,1.0,0.00,True,"generated for hackathon starter kit, not a real portfolio",0.00,Kitisuru,1867.1,True
moderate,50.0,NBO-0582,-1.260893,36.864061,informal_iron_sheet,2070000.00,0.0,0.0,0.0,1.0,0.00,True,"generated for hackathon starter kit, not a real portfolio",0.00,Mathare,847.0,True
moderate,50.0,NBO-0583,-1.318733,36.827757,informal_iron_sheet,815000.00,0.0,0.0,0.0,1.0,0.00,True,"generated for hackathon starter kit, not a real portfolio",0.00,Nairobi West,1229.8,True
moderate,50.0,NBO-0584,-1.337643,36.82649,informal_iron_sheet,1585000.00,0.0,0.0,0.0,1.0,0.00,True,"generated for hackathon starter kit, not a real portfolio",0.00,Nairobi West,3240.1,False
moderate,50.0,NBO-0585,-1.267538,36.730176,permanent_masonry,57585000.00,0.0,0.0,0.0,1.0,0.00,True,"generated for hackathon starter kit, not a real portfolio",0.00,Kangemi,2459.7,False
moderate,50.0,NBO-0586,-1.196646,36.92581,permanent_masonry,37075000.00,0.05769972875714302,0.08654959313571453,0.038081820979714395,1.0,1411883.51,True,"generated for hackathon starter kit, not a real portfolio",1041133.51,Mwiki,4100.1,False
moderate,50.0,NBO-0587,-1.230529,36.707301,semi_permanent,3810000.00,0.0,0.0,0.0,1.0,0.00,True,"generated for hackathon starter kit, not a real portfolio",0.00,Kangemi,6510.6,False
moderate,50.0,NBO-0588,-1.194468,36.887787,permanent_masonry,92395000.00,0.2668320834636688,0.40024812519550323,0.17610917508602142,1.0,16271607.23,True,"generated for hackathon starter kit, not a real portfolio",15347657.23,Dandora,5966.0,False
moderate,50.0,NBO-0589,-1.303936,36.77295,concrete_rcc,767380000.00,0.0,0.0,0.0,1.0,0.00,True,"generated for hackathon starter kit, not a real portfolio",0.00,Kibera,1964.7,True
moderate,50.0,NBO-0590,-1.284527,36.892554,permanent_masonry,50695000.00,0.0,0.0,0.0,1.0,0.00,True,"generated for hackathon starter kit, not a real portfolio",0.00,Donholm,1689.9,True
moderate,50.0,NBO-0591,-1.268694,36.778328,semi_permanent,5395000.00,0.0,0.0,0.0,1.0,0.00,True,"generated for hackathon starter kit, not a real portfolio",0.00,Lavington,641.6,True
moderate,50.0,NBO-0592,-1.311754,36.901046,permanent_masonry,62610000.00,0.0,0.0,0.0,1.0,0.00,True,"generated for hackathon starter kit, not a real portfolio",0.00,Fedha,519.6,True
moderate,50.0,NBO-0593,-1.243736,36.854758,semi_permanent,2520000.00,0.0,0.0,0.0,1.0,0.00,True,"generated for hackathon starter kit, not a real portfolio",0.00,Mathare,2456.0,False
moderate,50.0,NBO-0594,-1.325088,36.940654,informal_iron_sheet,1090000.00,0.0,0.0,0.0,1.0,0.00,True,"generated for hackathon starter kit, not a real portfolio",0.00,Fedha,4802.2,False
moderate,50.0,NBO-0595,-1.259297,36.878847,permanent_masonry,40365000.00,0.0,0.0,0.0,1.0,0.00,True,"generated for hackathon starter kit, not a real portfolio",0.00,Kariobangi,341.6,True
moderate,50.0,NBO-0596,-1.268638,36.924316,informal_iron_sheet,640000.00,0.26652491092681885,0.39978736639022827,0.3158639144897461,1.0,202152.91,True,"generated for hackathon starter kit, not a real portfolio",195752.91,Kayole,589.5,True
moderate,50.0,NBO-0597,-1.296252,36.788082,informal_iron_sheet,780000.00,0.0,0.0,0.0,1.0,0.00,True,"generated for hackathon starter kit, not a real portfolio",0.00,Kibera,1680.1,True
moderate,50.0,NBO-0598,-1.340629,36.87552,semi_permanent,6200000.00,0.0,0.0,0.0,1.0,0.00,True,"generated for hackathon starter kit, not a real portfolio",0.00,Fedha,3771.7,False
moderate,50.0,NBO-0599,-1.298736,36.871765,concrete_rcc,704215000.00,0.0,0.0,0.0,1.0,0.00,True,"generated for hackathon starter kit, not a real portfolio",0.00,Donholm,1882.1,True
occasional,100.0,NBO-0000,-1.314897,36.935883,semi_permanent,5170000.00,0.0,0.0,0.0,1.0,0.00,True,"generated for hackathon starter kit, not a real portfolio",0.00,Fedha,4157.1,False
occasional,100.0,NBO-0001,-1.219963,36.789855,informal_iron_sheet,625000.00,0.0,0.0,0.0,1.0,0.00,True,"generated for hackathon starter kit, not a real portfolio",0.00,Westlands,2983.6,False
occasional,100.0,NBO-0002,-1.257597,36.896201,semi_permanent,3300000.00,0.4072972238063812,0.6109458357095718,0.32067022323608396,1.0,1058211.74,True,"generated for hackathon starter kit, not a real portfolio",1025211.74,Kariobangi,1597.0,True
occasional,100.0,NBO-0003,-1.194103,36.84782,semi_permanent,7945000.00,0.03035104088485241,0.045526561327278614,0.02670891597867012,1.0,212202.34,True,"generated for hackathon starter kit, not a real portfolio",132752.34,Mathare,7611.4,False
occasional,100.0,NBO-0004,-1.263191,36.773582,semi_permanent,12400000.00,0.0595238171517849,0.08928572572767735,0.05238095909357071,1.0,649523.89,True,"generated for hackathon starter kit, not a real portfolio",525523.89,Lavington,1244.7,True
occasional,100.0,NBO-0005,-1.202301,36.930681,informal_iron_sheet,1570000.00,0.6386087536811829,0.9579131305217743,0.6214817774295807,1.0,975726.39,True,"generated for hackathon starter kit, not a real portfolio",960026.39,Mwiki,3398.8,False
occasional,100.0,NBO-0006,-1.297331,36.917333,informal_iron_sheet,625000.00,0.050565678626298904,0.07584851793944836,0.06674669578671455,1.0,41716.68,True,"generated for hackathon starter kit, not a real portfolio",35466.68,Tassia,2345.8,False
occasional,100.0,NBO-0007,-1.29008,36.791035,informal_iron_sheet,660000.00,0.0,0.0,0.0,1.0,0.00,True,"generated for hackathon starter kit, not a real portfolio",0.00,Kileleshwa,1524.4,True
occasional,100.0,NBO-0008,-1.255438,36.943294,semi_permanent,4620000.00,0.15287992358207703,0.22931988537311554,0.1345343327522278,1.0,621548.62,True,"generated for hackathon starter kit, not a real portfolio",575348.62,Mwiki,2757.3,False
occasional,100.0,NBO-0009,-1.337945,36.756131,permanent_masonry,42965000.00,0.0,0.0,0.0,1.0,0.00,True,"generated for hackathon starter kit, not a real portfolio",0.00,Lang'ata,4314.4,False
occasional,100.0,NBO-0010,-1.275674,36.901374,semi_permanent,3960000.00,0.0,0.0,0.0,1.0,0.00,True,"generated for hackathon starter kit, not a real portfolio",0.00,Komarock,783.0,True
occasional,100.0,NBO-0011,-1.198387,36.870224,informal_iron_sheet,1405000.00,0.0,0.0,0.0,1.0,0.00,True,"generated for hackathon starter kit, not a real portfolio",0.00,Dandora,6530.6,False
occasional,100.0,NBO-0012,-1.238124,36.817765,permanent_masonry,35135000.00,0.03100229613482952,0.04650344420224428,0.020461515448987486,1.0,718915.35,True,"generated for hackathon starter kit, not a real portfolio",367565.35,Parklands,2884.2,False
occasional,100.0,NBO-0013,-1.191036,36.707701,informal_iron_sheet,520000.00,0.0,0.0,0.0,1.0,0.00,True,"generated for hackathon starter kit, not a real portfolio",0.00,Kitisuru,8925.8,False
occasional,100.0,NBO-0014,-1.193437,36.9237,semi_permanent,5425000.00,0.2507671117782593,0.3761506676673889,0.22049095153808593,1.0,1196163.41,True,"generated for hackathon starter kit, not a real portfolio",1141913.41,Mwiki,4499.7,False
occasional,100.0,NBO-0015,-1.332391,36.843408,permanent_masonry,35180000.00,0.0,0.0,0.0,1.0,0.00,True,"generated for hackathon starter kit, not a real portfolio",0.00,Nairobi West,3469.3,False
occasional,100.0,NBO-0016,-1.306308,36.797577,semi_permanent,5030000.00,0.0,0.0,0.0,1.0,0.00,True,"generated for hackathon starter kit, not a real portfolio",0.00,Kibera,1105.1,True
occasional,100.0,NBO-0017,-1.224443,36.78867,semi_permanent,5185000.00,0.0,0.0,0.0,1.0,0.00,True,"generated for hackathon starter kit, not a real portfolio",0.00,Westlands,2472.6,False
occasional,100.0,NBO-0018,-1.274224,36.862993,informal_iron_sheet,715000.00,0.0,0.0,0.0,1.0,0.00,True,"generated for hackathon starter kit, not a real portfolio",0.00,Kiambiu,896.5,True
occasional,100.0,NBO-0019,-1.215378,36.786757,semi_permanent,2160000.00,0.0,0.0,0.0,1.0,0.00,True,"generated for hackathon starter kit, not a real portfolio",0.00,Kitisuru,3284.0,False
occasional,100.0,NBO-0020,-1.268428,36.826895,concrete_rcc,579255000.00,0.0,0.0,0.0,1.0,0.00,True,"generated for hackathon starter kit, not a real portfolio",0.00,Parklands,1904.2,True
occasional,100.0,NBO-0021,-1.31688,36.792734,semi_permanent,4265000.00,0.0,0.0,0.0,1.0,0.00,True,"generated for hackathon starter kit, not a real portfolio",0.00,Lang'ata,383.8,True
occasional,100.0,NBO-0022,-1.30153,36.713801,permanent_masonry,48815000.00,0.0,0.0,0.0,1.0,0.00,True,"generated for hackathon starter kit, not a real portfolio",0.00,Kawangware,4927.1,False
occasional,100.0,NBO-0023,-1.255021,36.762602,informal_iron_sheet,885000.00,0.0,0.0,0.0,1.0,0.00,True,"generated for hackathon starter kit, not a real portfolio",0.00,Kangemi,1843.3,True
occasional,100.0,NBO-0024,-1.198924,36.910241,concrete_rcc,229970000.00,0.30907684564590454,0.4636152684688568,0.15691593702022844,1.0,36085958.04,True,"generated for hackathon starter kit, not a real portfolio",33786258.04,Mwiki,4550.4,False
occasional,100.0,NBO-0025,-1.346206,36.904539,semi_permanent,3935000.00,0.0,0.0,0.0,1.0,0.00,True,"generated for hackathon starter kit, not a real portfolio",0.00,Fedha,3461.3,False
occasional,100.0,NBO-0026,-1.263277,36.866831,permanent_masonry,44030000.00,0.0,0.0,0.0,1.0,0.00,True,"generated for hackathon starter kit, not a real portfolio",0.00,Mathare,731.6,True
occasional,100.0,NBO-0027,-1.255159,36.817647,concrete_rcc,239875000.00,0.0,0.0,0.0,1.0,0.00,True,"generated for hackathon starter kit, not a real portfolio",0.00,Parklands,1175.1,True
occasional,100.0,NBO-0028,-1.194738,36.942461,semi_permanent,3275000.00,0.22449558973312378,0.33674338459968567,0.19755611896514894,1.0,646996.29,True,"generated for hackathon starter kit, not a real portfolio",614246.29,Mwiki,4349.3,False
occasional,100.0,NBO-0029,-1.341011,36.910065,concrete_rcc,398200000.00,0.004750027321279049,0.007125040981918573,0.002411552332341671,1.0,960280.14,True,"generated for hackathon starter kit, not a real portfolio",0.00,Fedha,3097.5,False
occasional,100.0,NBO-0030,-1.281853,36.761267,informal_iron_sheet,755000.00,0.0,0.0,0.0,1.0,0.00,True,"generated for hackathon starter kit, not a real portfolio",0.00,Kawangware,1134.3,True
occasional,100.0,NBO-0031,-1.229115,36.841887,permanent_masonry,23060000.00,0.0614468939602375,0.09217034094035625,0.04055495001375675,1.0,935197.15,True,"generated for hackathon starter kit, not a real portfolio",704597.15,Mathare,4613.2,False
occasional,100.0,NBO-0032,-1.315429,36.938988,informal_iron_sheet,670000.00,0.0,0.0,0.0,1.0,0.00,True,"generated for hackathon starter kit, not a real portfolio",0.00,Fedha,4501.5,False
occasional,100.0,NBO-0033,-1.237085,36.896404,informal_iron_sheet,1165000.00,0.5102450847625732,0.7653676271438599,0.5367617559432983,1.0,625327.45,True,"generated for hackathon starter kit, not a real portfolio",613677.45,Dandora,1383.4,True
occasional,100.0,NBO-0034,-1.306502,36.792338,semi_permanent,5695000.00,0.04258924722671509,0.06388387084007263,0.03747853755950928,1.0,213440.27,True,"generated for hackathon starter kit, not a real portfolio",156490.27,Kibera,652.9,True
occasional,100.0,NBO-0035,-1.259929,36.817481,semi_permanent,3940000.00,0.0,0.0,0.0,1.0,0.00,True,"generated for hackathon starter kit, not a real portfolio",0.00,Parklands,837.6,True
occasional,100.0,NBO-0036,-1.256369,36.829457,permanent_masonry,31480000.00,0.2842552661895752,0.4263828992843628,0.18760847568511962,1.0,5905914.81,True,"generated for hackathon starter kit, not a real portfolio",5591114.81,Parklands,2221.5,False
occasional,100.0,NBO-0037,-1.331936,36.925473,informal_iron_sheet,780000.00,0.0,0.0,0.0,1.0,0.00,True,"generated for hackathon starter kit, not a real portfolio",0.00,Fedha,3502.2,False
occasional,100.0,NBO-0038,-1.257297,36.878574,permanent_masonry,57240000.00,0.0,0.0,0.0,1.0,0.00,True,"generated for hackathon starter kit, not a real portfolio",0.00,Kariobangi,421.6,True
occasional,100.0,NBO-0039,-1.265985,36.799534,informal_iron_sheet,1500000.00,0.0,0.0,0.0,1.0,0.00,True,"generated for hackathon starter kit, not a real portfolio",0.00,Chiromo,933.0,True
occasional,100.0,NBO-0040,-1.313586,36.81551,concrete_rcc,341070000.00,0.056981977075338364,0.08547296561300755,0.028929311438248704,1.0,9866920.25,True,"generated for hackathon starter kit, not a real portfolio",6456220.25,Madaraka,687.7,True
occasional,100.0,NBO-0041,-1.347614,36.723077,concrete_rcc,263095000.00,0.0,0.0,0.0,1.0,0.00,True,"generated for hackathon starter kit, not a real portfolio",0.00,Lang'ata,8090.8,False
occasional,100.0,NBO-0042,-1.216402,36.823009,semi_permanent,3535000.00,0.0,0.0,0.0,1.0,0.00,True,"generated for hackathon starter kit, not a real portfolio",0.00,Westlands,5299.0,False
occasional,100.0,NBO-0043,-1.272502,36.757256,semi_permanent,3605000.00,0.0,0.0,0.0,1.0,0.00,True,"generated for hackathon starter kit, not a real portfolio",0.00,Kangemi,744.1,True
occasional,100.0,NBO-0044,-1.266109,36.723283,semi_permanent,3690000.00,0.0,0.0,0.0,1.0,0.00,True,"generated for hackathon starter kit, not a real portfolio",0.00,Kangemi,3232.3,False
occasional,100.0,NBO-0045,-1.286932,36.722819,concrete_rcc,427250000.00,0.04893627390265465,0.07340441085398197,0.02484456982750159,1.0,10614842.46,True,"generated for hackathon starter kit, not a real portfolio",6342342.46,Kawangware,3339.8,False
occasional,100.0,NBO-0046,-1.288172,36.753956,permanent_masonry,76160000.00,0.0,0.0,0.0,1.0,0.00,True,"generated for hackathon starter kit, not a real portfolio",0.00,Kawangware,1109.8,True
occasional,100.0,NBO-0047,-1.253496,36.874782,permanent_masonry,34465000.00,0.16938520967960358,0.25407781451940536,0.11179423838853836,1.0,3852988.43,True,"generated for hackathon starter kit, not a real portfolio",3508338.43,Mathare,672.3,True
occasional,100.0,NBO-0048,-1.255831,36.744796,permanent_masonry,43405000.00,0.0,0.0,0.0,1.0,0.00,True,"generated for hackathon starter kit, not a real portfolio",0.00,Kangemi,1590.1,True
occasional,100.0,NBO-0049,-1.289351,36.842097,concrete_rcc,716255000.00,0.017422517761588097,0.026133776642382145,0.008845278248190879,1.0,6335474.77,True,"generated for hackathon starter kit, not a real portfolio",0.00,Kiambiu,2496.5,False
occasional,100.0,NBO-0050,-1.251175,36.850655,informal_iron_sheet,795000.00,0.0,0.0,0.0,1.0,0.00,True,"generated for hackathon starter kit, not a real portfolio",0.00,Mathare,2428.5,False
occasional,100.0,NBO-0051,-1.288834,36.941566,concrete_rcc,706790000.00,0.1786741316318512,0.2680111974477768,0.09071148221309369,1.0,64113968.51,True,"generated for hackathon starter kit, not a real portfolio",57046068.51,Kayole,3482.0,False
occasional,100.0,NBO-0052,-1.274863,36.81455,semi_permanent,4795000.00,0.0,0.0,0.0,1.0,0.00,True,"generated for hackathon starter kit, not a real portfolio",0.00,Chiromo,1012.4,True
occasional,100.0,NBO-0053,-1.288657,36.893632,informal_iron_sheet,805000.00,0.0,0.0,0.0,1.0,0.00,True,"generated for hackathon starter kit, not a real portfolio",0.00,Donholm,1297.3,True
occasional,100.0,NBO-0054,-1.345737,36.708724,informal_iron_sheet,1860000.00,0.0,0.0,0.0,1.0,0.00,True,"generated for hackathon starter kit, not a real portfolio",0.00,Kawangware,8872.5,False
occasional,100.0,NBO-0055,-1.338598,36.861152,informal_iron_sheet,695000.00,0.025353793054819107,0.03803068958222866,0.03346700683236122,1.0,23259.57,True,"generated for hackathon starter kit, not a real portfolio",16309.57,Fedha,4871.7,False
occasional,100.0,NBO-0056,-1.195179,36.945076,permanent_masonry,45575000.00,0.20028655230998993,0.3004298284649849,0.13218912452459336,1.0,6024519.35,True,"generated for hackathon starter kit, not a real portfolio",5568769.35,Mwiki,4379.9,False
occasional,100.0,NBO-0057,-1.269395,36.711846,permanent_masonry,88405000.00,0.0,0.0,0.0,1.0,0.00,True,"generated for hackathon starter kit, not a real portfolio",0.00,Kangemi,4499.5,False
occasional,100.0,NBO-0058,-1.326314,36.926912,semi_permanent,4960000.00,0.0,0.0,0.0,1.0,0.00,True,"generated for hackathon starter kit, not a real portfolio",0.00,Fedha,3373.4,False
occasional,100.0,NBO-0059,-1.242227,36.738945,permanent_masonry,31905000.00,0.0,0.0,0.0,1.0,0.00,True,"generated for hackathon starter kit, not a real portfolio",0.00,Kangemi,3228.1,False
occasional,100.0,NBO-0060,-1.207116,36.868812,semi_permanent,6050000.00,0.0,0.0,0.0,1.0,0.00,True,"generated for hackathon starter kit, not a real portfolio",0.00,Mathare,5710.7,False
occasional,100.0,NBO-0061,-1.290067,36.706319,semi_permanent,5495000.00,0.0,0.0,0.0,1.0,0.00,True,"generated for hackathon starter kit, not a real portfolio",0.00,Kawangware,5201.1,False
occasional,100.0,NBO-0062,-1.278869,36.715366,semi_permanent,6215000.00,0.0,0.0,0.0,1.0,0.00,True,"generated for hackathon starter kit, not a real portfolio",0.00,Kawangware,4033.1,False
occasional,100.0,NBO-0063,-1.194166,36.733674,semi_permanent,2720000.00,0.0,0.0,0.0,1.0,0.00,True,"generated for hackathon starter kit, not a real portfolio",0.00,Kitisuru,6606.9,False
occasional,100.0,NBO-0064,-1.192382,36.925331,informal_iron_sheet,1520000.00,0.008186398074030876,0.012279597111046314,0.010806045457720757,1.0,16425.19,True,"generated for hackathon starter kit, not a real portfolio",1225.19,Mwiki,4575.4,False
occasional,100.0,NBO-0065,-1.209508,36.895722,permanent_masonry,107485000.00,0.05349870026111603,0.08024805039167404,0.03530914217233658,1.0,3795203.15,True,"generated for hackathon starter kit, not a real portfolio",2720353.15,Dandora,4101.3,False
occasional,100.0,NBO-0066,-1.272078,36.865447,informal_iron_sheet,1120000.00,0.0,0.0,0.0,1.0,0.00,True,"generated for hackathon starter kit, not a real portfolio",0.00,Kiambiu,1156.3,True
occasional,100.0,NBO-0067,-1.290213,36.862364,informal_iron_sheet,1155000.00,0.0,0.0,0.0,1.0,0.00,True,"generated for hackathon starter kit, not a real portfolio",0.00,Kiambiu,890.2,True
occasional,100.0,NBO-0068,-1.339728,36.77344,informal_iron_sheet,1240000.00,0.0,0.0,0.0,1.0,0.00,True,"generated for hackathon starter kit, not a real portfolio",0.00,Lang'ata,2951.9,False
occasional,100.0,NBO-0069,-1.22829,36.832026,semi_permanent,5025000.00,0.0,0.0,0.0,1.0,0.00,True,"generated for hackathon starter kit, not a real portfolio",0.00,Parklands,4539.5,False
occasional,100.0,NBO-0070,-1.316407,36.820467,permanent_masonry,34970000.00,0.0,0.0,0.0,1.0,0.00,True,"generated for hackathon starter kit, not a real portfolio",0.00,Nairobi West,905.3,True
occasional,100.0,NBO-0071,-1.220708,36.937779,semi_permanent,3840000.00,0.3427172303199768,0.5140758454799652,0.27933902740478517,1.0,1072661.87,True,"generated for hackathon starter kit, not a real portfolio",1034261.87,Mwiki,1430.6,True
occasional,100.0,NBO-0072,-1.203775,36.813551,concrete_rcc,1196260000.00,0.0,0.0,0.0,1.0,0.00,True,"generated for hackathon starter kit, not a real portfolio",0.00,Westlands,5650.6,False
occasional,100.0,NBO-0073,-1.265598,36.886731,semi_permanent,3550000.00,0.24081149697303772,0.3612172454595566,0.2119141173362732,1.0,752295.12,True,"generated for hackathon starter kit, not a real portfolio",716795.12,Kariobangi,899.9,True
occasional,100.0,NBO-0074,-1.246897,36.789663,semi_permanent,3200000.00,0.0,0.0,0.0,1.0,0.00,True,"generated for hackathon starter kit, not a real portfolio",0.00,Westlands,400.9,True
occasional,100.0,NBO-0075,-1.242933,36.931356,concrete_rcc,161250000.00,0.34625449776649475,0.5193817466497421,0.1757907450199127,1.0,28346257.63,True,"generated for hackathon starter kit, not a real portfolio",26733757.63,Mwiki,1151.3,True
occasional,100.0,NBO-0076,-1.305358,36.913093,informal_iron_sheet,995000.00,0.0,0.0,0.0,1.0,0.00,True,"generated for hackathon starter kit, not a real portfolio",0.00,Tassia,1621.7,True
occasional,100.0,NBO-0077,-1.298235,36.947971,informal_iron_sheet,510000.00,0.015775088220834732,0.023662632331252098,0.020823116451501845,1.0,10619.79,True,"generated for hackathon starter kit, not a real portfolio",5519.79,Kayole,4730.1,False
occasional,100.0,NBO-0078,-1.297084,36.756761,permanent_masonry,71955000.00,0.0,0.0,0.0,1.0,0.00,True,"generated for hackathon starter kit, not a real portfolio",0.00,Kawangware,2147.3,False
occasional,100.0,NBO-0079,-1.240748,36.917596,semi_permanent,3200000.00,0.4866415858268738,0.7299623787403107,0.37145061492919923,1.0,1188641.97,True,"generated for hackathon starter kit, not a real portfolio",1156641.97,Dandora,1361.2,True
occasional,100.0,NBO-0080,-1.204947,36.819248,concrete_rcc,534130000.00,0.0,0.0,0.0,1.0,0.00,True,"generated for hackathon starter kit, not a real portfolio",0.00,Westlands,5914.1,False
occasional,100.0,NBO-0081,-1.223301,36.827346,informal_iron_sheet,1670000.00,0.0,0.0,0.0,1.0,0.00,True,"generated for hackathon starter kit, not a real portfolio",0.00,Parklands,4795.9,False
occasional,100.0,NBO-0082,-1.245203,36.83545,informal_iron_sheet,1090000.00,0.0,0.0,0.0,1.0,0.00,True,"generated for hackathon starter kit, not a real portfolio",0.00,Parklands,3399.6,False
occasional,100.0,NBO-0083,-1.334989,36.72296,semi_permanent,3375000.00,0.0,0.0,0.0,1.0,0.00,True,"generated for hackathon starter kit, not a real portfolio",0.00,Kawangware,7047.9,False
occasional,100.0,NBO-0084,-1.286346,36.920269,permanent_masonry,66900000.00,0.09247928112745285,0.13871892169117928,0.061036325544118884,1.0,4083330.18,True,"generated for hackathon starter kit, not a real portfolio",3414330.18,Komarock,2063.6,False
occasional,100.0,NBO-0085,-1.273428,36.851099,concrete_rcc,491280000.00,0.0,0.0,0.0,1.0,0.00,True,"generated for hackathon starter kit, not a real portfolio",0.00,Kiambiu,1685.5,True
occasional,100.0,NBO-0086,-1.232924,36.726327,informal_iron_sheet,1010000.00,0.0,0.0,0.0,1.0,0.00,True,"generated for hackathon starter kit, not a real portfolio",0.00,Kangemi,4853.2,False
occasional,100.0,NBO-0087,-1.210741,36.884764,semi_permanent,3110000.00,0.0,0.0,0.0,1.0,0.00,True,"generated for hackathon starter kit, not a real portfolio",0.00,Dandora,4477.7,False
occasional,100.0,NBO-0088,-1.269745,36.728359,permanent_masonry,69520000.00,0.0,0.0,0.0,1.0,0.00,True,"generated for hackathon starter kit, not a real portfolio",0.00,Kangemi,2668.1,False
occasional,100.0,NBO-0089,-1.212553,36.795312,permanent_masonry,32095000.00,0.16683614253997803,0.25025421380996704,0.1101118540763855,1.0,3534039.96,True,"generated for hackathon starter kit, not a real portfolio",3213089.96,Westlands,3914.9,False
occasional,100.0,NBO-0090,-1.272165,36.867382,semi_permanent,3080000.00,0.0,0.0,0.0,1.0,0.00,True,"generated for hackathon starter kit, not a real portfolio",0.00,Kiambiu,1207.9,True
occasional,100.0,NBO-0091,-1.308021,36.816316,permanent_masonry,37840000.00,0.0,0.0,0.0,1.0,0.00,True,"generated for hackathon starter kit, not a real portfolio",0.00,Madaraka,128.7,True
occasional,100.0,NBO-0092,-1.333203,36.716242,semi_permanent,4880000.00,0.0,0.0,0.0,1.0,0.00,True,"generated for hackathon starter kit, not a real portfolio",0.00,Kawangware,7248.2,False
occasional,100.0,NBO-0093,-1.299334,36.855565,informal_iron_sheet,1040000.00,0.0,0.0,0.0,1.0,0.00,True,"generated for hackathon starter kit, not a real portfolio",0.00,Kiambiu,2087.7,False
occasional,100.0,NBO-0094,-1.271576,36.791682,informal_iron_sheet,695000.00,0.06366720795631409,0.09550081193447113,0.0840407145023346,1.0,58408.30,True,"generated for hackathon starter kit, not a real portfolio",51458.30,Kileleshwa,711.0,True
occasional,100.0,NBO-0095,-1.224116,36.795335,semi_permanent,4705000.00,0.07863877713680267,0.11795816570520401,0.06920212388038635,1.0,325595.99,True,"generated for hackathon starter kit, not a real portfolio",278545.99,Westlands,2696.3,False
occasional,100.0,NBO-0096,-1.201989,36.740738,informal_iron_sheet,1010000.00,0.0,0.0,0.0,1.0,0.00,True,"generated for hackathon starter kit, not a real portfolio",0.00,Kitisuru,5437.2,False
occasional,100.0,NBO-0097,-1.279198,36.745978,semi_permanent,5565000.00,0.0,0.0,0.0,1.0,0.00,True,"generated for hackathon starter kit, not a real portfolio",0.00,Kawangware,635.0,True
occasional,100.0,NBO-0098,-1.29751,36.948272,semi_permanent,5545000.00,0.0,0.0,0.0,1.0,0.00,True,"generated for hackathon starter kit, not a real portfolio",0.00,Kayole,4693.5,False
occasional,100.0,NBO-0099,-1.260843,36.851111,concrete_rcc,543755000.00,0.08797502517700195,0.13196253776550293,0.044664243551400994,1.0,24286405.75,True,"generated for hackathon starter kit, not a real portfolio",18848855.75,Mathare,2256.7,False
occasional,100.0,NBO-0100,-1.286345,36.846856,semi_permanent,7865000.00,0.08654790371656418,0.12982185557484627,0.07616215527057647,1.0,599015.35,True,"generated for hackathon starter kit, not a real portfolio",520365.35,Kiambiu,1895.1,True
occasional,100.0,NBO-0101,-1.30844,36.895244,informal_iron_sheet,1235000.00,0.07774680107831955,0.11662020161747932,0.1026257774233818,1.0,126742.84,True,"generated for hackathon starter kit, not a real portfolio",114392.84,Tassia,404.2,True
occasional,100.0,NBO-0102,-1.222723,36.795885,semi_permanent,2150000.00,0.0,0.0,0.0,1.0,0.00,True,"generated for hackathon starter kit, not a real portfolio",0.00,Westlands,2862.8,False
occasional,100.0,NBO-0103,-1.306432,36.73854,semi_permanent,2925000.00,0.0,0.0,0.0,1.0,0.00,True,"generated for hackathon starter kit, not a real portfolio",0.00,Kawangware,3434.2,False
occasional,100.0,NBO-0104,-1.226248,36.851791,permanent_masonry,36035000.00,0.0,0.0,0.0,1.0,0.00,True,"generated for hackathon starter kit, not a real portfolio",0.00,Mathare,4181.0,False
occasional,100.0,NBO-0105,-1.23934,36.801209,permanent_masonry,43850000.00,0.0,0.0,0.0,1.0,0.00,True,"generated for hackathon starter kit, not a real portfolio",0.00,Westlands,1862.5,True
occasional,100.0,NBO-0106,-1.296068,36.800864,semi_permanent,3435000.00,0.0,0.0,0.0,1.0,0.00,True,"generated for hackathon starter kit, not a real portfolio",0.00,Madaraka,2043.8,False
occasional,100.0,NBO-0107,-1.213736,36.721958,permanent_masonry,55225000.00,0.0,0.0,0.0,1.0,0.00,True,"generated for hackathon starter kit, not a real portfolio",0.00,Kitisuru,6207.8,False
occasional,100.0,NBO-0108,-1.295765,36.805226,semi_permanent,4520000.00,0.0,0.0,0.0,1.0,0.00,True,"generated for hackathon starter kit, not a real portfolio",0.00,Madaraka,1714.1,True
occasional,100.0,NBO-0109,-1.207673,36.712984,informal_iron_sheet,1090000.00,0.0,0.0,0.0,1.0,0.00,True,"generated for hackathon starter kit, not a real portfolio",0.00,Kitisuru,7407.2,False
occasional,100.0,NBO-0110,-1.238154,36.925489,semi_permanent,7450000.00,0.17175805568695068,0.257637083530426,0.1511470890045166,1.0,1126045.81,True,"generated for hackathon starter kit, not a real portfolio",1051545.81,Mwiki,1052.6,True
occasional,100.0,NBO-0111,-1.334044,36.793712,informal_iron_sheet,1090000.00,0.0,0.0,0.0,1.0,0.00,True,"generated for hackathon starter kit, not a real portfolio",0.00,Lang'ata,1728.2,True
occasional,100.0,NBO-0112,-1.271695,36.878829,permanent_masonry,27190000.00,0.06520932912826538,0.09781399369239807,0.04303815722465515,1.0,1170207.49,True,"generated for hackathon starter kit, not a real portfolio",898307.49,Kariobangi,1442.5,True
occasional,100.0,NBO-0113,-1.317103,36.847082,permanent_masonry,78030000.00,0.012746472842991352,0.019119709264487028,0.008412672076374292,1.0,656440.80,True,"generated for hackathon starter kit, not a real portfolio",0.00,Nairobi West,2825.2,False
occasional,100.0,NBO-0114,-1.268416,36.810036,permanent_masonry,72885000.00,0.0,0.0,0.0,1.0,0.00,True,"generated for hackathon starter kit, not a real portfolio",0.00,Chiromo,486.7,True
occasional,100.0,NBO-0115,-1.340624,36.784613,semi_permanent,5820000.00,0.0,0.0,0.0,1.0,0.00,True,"generated for hackathon starter kit, not a real portfolio",0.00,Lang'ata,2481.9,False
occasional,100.0,NBO-0116,-1.335686,36.707985,informal_iron_sheet,970000.00,0.0,0.0,0.0,1.0,0.00,True,"generated for hackathon starter kit, not a real portfolio",0.00,Kawangware,8002.6,False
occasional,100.0,NBO-0117,-1.258956,36.863648,informal_iron_sheet,1470000.00,0.09907685220241547,0.1486152783036232,0.1307814449071884,1.0,192248.72,True,"generated for hackathon starter kit, not a real portfolio",177548.72,Mathare,848.9,True
occasional,100.0,NBO-0118,-1.228914,36.724864,semi_permanent,6680000.00,0.0,0.0,0.0,1.0,0.00,True,"generated for hackathon starter kit, not a real portfolio",0.00,Kitisuru,5288.2,False
occasional,100.0,NBO-0119,-1.321806,36.758701,semi_permanent,3215000.00,0.0,0.0,0.0,1.0,0.00,True,"generated for hackathon starter kit, not a real portfolio",0.00,Lang'ata,3491.1,False
occasional,100.0,NBO-0120,-1.255807,36.939727,informal_iron_sheet,1230000.00,0.09245053678750992,0.13867580518126488,0.1220347085595131,1.0,150102.69,True,"generated for hackathon starter kit, not a real portfolio",137802.69,Kayole,2570.1,False
occasional,100.0,NBO-0121,-1.229133,36.79396,permanent_masonry,38180000.00,0.0,0.0,0.0,1.0,0.00,True,"generated for hackathon starter kit, not a real portfolio",0.00,Westlands,2123.6,False
occasional,100.0,NBO-0122,-1.207446,36.790624,semi_permanent,3745000.00,0.0,0.0,0.0,1.0,0.00,True,"generated for hackathon starter kit, not a real portfolio",0.00,Kitisuru,4260.8,False
occasional,100.0,NBO-0123,-1.275351,36.872473,informal_iron_sheet,720000.00,0.5109553337097168,0.7664330005645752,0.5372305202484131,1.0,386805.97,True,"generated for hackathon starter kit, not a real portfolio",379605.97,Kiambiu,1268.1,True
occasional,100.0,NBO-0124,-1.181446,36.767437,informal_iron_sheet,930000.00,0.0,0.0,0.0,1.0,0.00,True,"generated for hackathon starter kit, not a real portfolio",0.00,Kitisuru,6565.2,False
occasional,100.0,NBO-0125,-1.183533,36.792047,informal_iron_sheet,900000.00,0.0,0.0,0.0,1.0,0.00,True,"generated for hackathon starter kit, not a real portfolio",0.00,Kitisuru,6739.0,False
occasional,100.0,NBO-0126,-1.210898,36.776869,informal_iron_sheet,925000.00,0.21166661381721497,0.31749992072582245,0.2631999492645264,1.0,243459.95,True,"generated for hackathon starter kit, not a real portfolio",234209.95,Kitisuru,3341.8,False
occasional,100.0,NBO-0127,-1.290697,36.873831,semi_permanent,3180000.00,0.0,0.0,0.0,1.0,0.00,True,"generated for hackathon starter kit, not a real portfolio",0.00,Kiambiu,1489.6,True
occasional,100.0,NBO-0128,-1.321205,36.719321,informal_iron_sheet,910000.00,0.0,0.0,0.0,1.0,0.00,True,"generated for hackathon starter kit, not a real portfolio",0.00,Kawangware,5958.1,False
occasional,100.0,NBO-0129,-1.316017,36.795227,informal_iron_sheet,1550000.00,0.0,0.0,0.0,1.0,0.00,True,"generated for hackathon starter kit, not a real portfolio",0.00,Lang'ata,669.0,True
occasional,100.0,NBO-0130,-1.194198,36.949316,concrete_rcc,958965000.00,0.22517724335193634,0.3377658650279045,0.11432075431713691,1.0,109629602.16,True,"generated for hackathon starter kit, not a real portfolio",100039952.16,Mwiki,4644.0,False
occasional,100.0,NBO-0131,-1.340893,36.860238,permanent_masonry,83420000.00,0.0369950607419014,0.0554925911128521,0.02441674008965492,1.0,2036844.46,True,"generated for hackathon starter kit, not a real portfolio",1202644.46,Fedha,5094.4,False
occasional,100.0,NBO-0132,-1.27855,36.818788,semi_permanent,5665000.00,0.0,0.0,0.0,1.0,0.00,True,"generated for hackathon starter kit, not a real portfolio",0.00,Chiromo,1624.1,True
occasional,100.0,NBO-0133,-1.207541,36.772299,permanent_masonry,25915000.00,0.0,0.0,0.0,1.0,0.00,True,"generated for hackathon starter kit, not a real portfolio",0.00,Kitisuru,3654.1,False
occasional,100.0,NBO-0134,-1.313321,36.705669,permanent_masonry,53635000.00,0.0,0.0,0.0,1.0,0.00,True,"generated for hackathon starter kit, not a real portfolio",0.00,Kawangware,6414.3,False
occasional,100.0,NBO-0135,-1.328732,36.927373,semi_permanent,4760000.00,0.04529912769794464,0.06794869154691696,0.03986323237419129,1.0,189748.99,True,"generated for hackathon starter kit, not a real portfolio",142148.99,Fedha,3523.5,False
occasional,100.0,NBO-0136,-1.308288,36.930201,informal_iron_sheet,1520000.00,0.0034878726582974195,0.005231808987446129,0.004603991908952594,1.0,6998.07,True,"generated for hackathon starter kit, not a real portfolio",0.00,Tassia,3515.3,False
occasional,100.0,NBO-0137,-1.229656,36.944629,semi_permanent,3300000.00,0.22300000488758087,0.3345000073313713,0.19624000430107116,1.0,647592.01,True,"generated for hackathon starter kit, not a real portfolio",614592.01,Mwiki,1309.2,True
occasional,100.0,NBO-0138,-1.243781,36.81987,semi_permanent,4115000.00,0.0,0.0,0.0,1.0,0.00,True,"generated for hackathon starter kit, not a real portfolio",0.00,Parklands,2377.3,False
occasional,100.0,NBO-0139,-1.33467,36.848323,permanent_masonry,67680000.00,0.0,0.0,0.0,1.0,0.00,True,"generated for hackathon starter kit, not a real portfolio",0.00,Nairobi West,4025.1,False
occasional,100.0,NBO-0140,-1.324226,36.772249,permanent_masonry,49900000.00,0.0,0.0,0.0,1.0,0.00,True,"generated for hackathon starter kit, not a real portfolio",0.00,Lang'ata,2055.9,False
occasional,100.0,NBO-0141,-1.249756,36.907099,permanent_masonry,46335000.00,0.3480801582336426,0.5221202373504639,0.22707847595214845,1.0,10521681.18,True,"generated for hackathon starter kit, not a real portfolio",10058331.18,Dandora,550.8,True
occasional,100.0,NBO-0142,-1.257697,36.845664,semi_permanent,4885000.00,0.0,0.0,0.0,1.0,0.00,True,"generated for hackathon starter kit, not a real portfolio",0.00,Mathare,2847.2,False
occasional,100.0,NBO-0143,-1.227186,36.774168,informal_iron_sheet,1100000.00,0.0,0.0,0.0,1.0,0.00,True,"generated for hackathon starter kit, not a real portfolio",0.00,Kitisuru,1507.9,True
occasional,100.0,NBO-0144,-1.310914,36.773765,concrete_rcc,760755000.00,0.0,0.0,0.0,1.0,0.00,True,"generated for hackathon starter kit, not a real portfolio",0.00,Kibera,1694.3,True
occasional,100.0,NBO-0145,-1.25898,36.789057,semi_permanent,3425000.00,0.0,0.0,0.0,1.0,0.00,True,"generated for hackathon starter kit, not a real portfolio",0.00,Westlands,1423.7,True
occasional,100.0,NBO-0146,-1.209838,36.867674,concrete_rcc,266365000.00,0.0,0.0,0.0,1.0,0.00,True,"generated for hackathon starter kit, not a real portfolio",0.00,Mathare,5416.3,False
occasional,100.0,NBO-0147,-1.186506,36.892392,informal_iron_sheet,2210000.00,0.09762496501207352,0.14643744751811028,0.12886495381593704,1.0,284791.55,True,"generated for hackathon starter kit, not a real portfolio",262691.55,Dandora,6670.0,False
occasional,100.0,NBO-0148,-1.221177,36.725933,informal_iron_sheet,925000.00,0.0,0.0,0.0,1.0,0.00,True,"generated for hackathon starter kit, not a real portfolio",0.00,Kitisuru,5449.1,False
occasional,100.0,NBO-0149,-1.201048,36.932221,permanent_masonry,43470000.00,0.6529446244239807,0.9794169366359711,0.3734134197235107,1.0,16232281.36,True,"generated for hackathon starter kit, not a real portfolio",15797581.36,Mwiki,3527.8,False
occasional,100.0,NBO-0150,-1.315498,36.888282,informal_iron_sheet,635000.00,0.0,0.0,0.0,1.0,0.00,True,"generated for hackathon starter kit, not a real portfolio",0.00,Fedha,1135.5,True
occasional,100.0,NBO-0151,-1.26734,36.901219,concrete_rcc,1108710000.00,0.0,0.0,0.0,1.0,0.00,True,"generated for hackathon starter kit, not a real portfolio",0.00,Komarock,935.1,True
occasional,100.0,NBO-0152,-1.184332,36.749384,informal_iron_sheet,1110000.00,0.0,0.0,0.0,1.0,0.00,True,"generated for hackathon starter kit, not a real portfolio",0.00,Kitisuru,6680.6,False
occasional,100.0,NBO-0153,-1.245369,36.735718,permanent_masonry,64995000.00,0.0,0.0,0.0,1.0,0.00,True,"generated for hackathon starter kit, not a real portfolio",0.00,Kangemi,3119.8,False
occasional,100.0,NBO-0154,-1.324387,36.883553,permanent_masonry,40495000.00,0.0,0.0,0.0,1.0,0.00,True,"generated for hackathon starter kit, not a real portfolio",0.00,Fedha,1923.2,True
occasional,100.0,NBO-0155,-1.284631,36.934741,permanent_masonry,72965000.00,0.09657204151153564,0.14485806226730347,0.06373754739761353,1.0,4650610.15,True,"generated for hackathon starter kit, not a real portfolio",3920960.15,Kayole,2622.4,False
occasional,100.0,NBO-0156,-1.31803,36.786682,semi_permanent,4130000.00,0.0,0.0,0.0,1.0,0.00,True,"generated for hackathon starter kit, not a real portfolio",0.00,Lang'ata,380.4,True
occasional,100.0,NBO-0157,-1.209491,36.725,permanent_masonry,36455000.00,0.0,0.0,0.0,1.0,0.00,True,"generated for hackathon starter kit, not a real portfolio",0.00,Kitisuru,6162.9,False
occasional,100.0,NBO-0158,-1.323821,36.781637,concrete_rcc,376910000.00,0.0,0.0,0.0,1.0,0.00,True,"generated for hackathon starter kit, not a real portfolio",0.00,Lang'ata,1073.3,True
occasional,100.0,NBO-0159,-1.2755,36.909436,concrete_rcc,523215000.00,0.0,0.0,0.0,1.0,0.00,True,"generated for hackathon starter kit, not a real portfolio",0.00,Komarock,368.4,True
occasional,100.0,NBO-0160,-1.267116,36.905938,semi_permanent,5905000.00,0.0,0.0,0.0,1.0,0.00,True,"generated for hackathon starter kit, not a real portfolio",0.00,Komarock,647.6,True
occasional,100.0,NBO-0161,-1.264529,36.758589,informal_iron_sheet,1240000.00,0.0,0.0,0.0,1.0,0.00,True,"generated for hackathon starter kit, not a real portfolio",0.00,Kangemi,799.3,True
occasional,100.0,NBO-0162,-1.207852,36.738724,permanent_masonry,33235000.00,0.0,0.0,0.0,1.0,0.00,True,"generated for hackathon starter kit, not a real portfolio",0.00,Kitisuru,5097.0,False
occasional,100.0,NBO-0163,-1.342246,36.823872,informal_iron_sheet,900000.00,0.0,0.0,0.0,1.0,0.00,True,"generated for hackathon starter kit, not a real portfolio",0.00,Nairobi West,3730.9,False
occasional,100.0,NBO-0164,-1.318571,36.780133,semi_permanent,4000000.00,0.0,0.0,0.0,1.0,0.00,True,"generated for hackathon starter kit, not a real portfolio",0.00,Lang'ata,1095.1,True
occasional,100.0,NBO-0165,-1.315888,36.912665,informal_iron_sheet,1320000.00,0.0,0.0,0.0,1.0,0.00,True,"generated for hackathon starter kit, not a real portfolio",0.00,Fedha,1575.4,True
occasional,100.0,NBO-0166,-1.273681,36.816244,informal_iron_sheet,630000.00,0.0,0.0,0.0,1.0,0.00,True,"generated for hackathon starter kit, not a real portfolio",0.00,Chiromo,1140.9,True
occasional,100.0,NBO-0167,-1.194379,36.756692,informal_iron_sheet,1245000.00,0.0,0.0,0.0,1.0,0.00,True,"generated for hackathon starter kit, not a real portfolio",0.00,Kitisuru,5357.5,False
occasional,100.0,NBO-0168,-1.226041,36.807618,permanent_masonry,56855000.00,0.0,0.0,0.0,1.0,0.00,True,"generated for hackathon starter kit, not a real portfolio",0.00,Westlands,3305.3,False
occasional,100.0,NBO-0169,-1.274509,36.755653,semi_permanent,3735000.00,0.0,0.0,0.0,1.0,0.00,True,"generated for hackathon starter kit, not a real portfolio",0.00,Kawangware,626.1,True
occasional,100.0,NBO-0170,-1.292702,36.875973,informal_iron_sheet,1245000.00,0.0,0.0,0.0,1.0,0.00,True,"generated for hackathon starter kit, not a real portfolio",0.00,Donholm,1588.8,True
occasional,100.0,NBO-0171,-1.212602,36.943006,permanent_masonry,136925000.00,0.16495978832244873,0.2474396824836731,0.10887346029281617,1.0,14907498.55,True,"generated for hackathon starter kit, not a real portfolio",13538248.55,Mwiki,2488.9,False
occasional,100.0,NBO-0172,-1.240316,36.852111,permanent_masonry,93240000.00,0.0,0.0,0.0,1.0,0.00,True,"generated for hackathon starter kit, not a real portfolio",0.00,Mathare,2929.9,False
occasional,100.0,NBO-0173,-1.230335,36.759392,permanent_masonry,53255000.00,0.0,0.0,0.0,1.0,0.00,True,"generated for hackathon starter kit, not a real portfolio",0.00,Kitisuru,1709.1,True
occasional,100.0,NBO-0174,-1.198222,36.903014,semi_permanent,4610000.00,0.10432116687297821,0.15648175030946732,0.09180262684822083,1.0,423210.11,True,"generated for hackathon starter kit, not a real portfolio",377110.11,Mwiki,5104.8,False
occasional,100.0,NBO-0175,-1.341161,36.791211,concrete_rcc,457070000.00,0.0,0.0,0.0,1.0,0.00,True,"generated for hackathon starter kit, not a real portfolio",0.00,Lang'ata,2472.8,False
occasional,100.0,NBO-0176,-1.212321,36.722038,informal_iron_sheet,1370000.00,0.0,0.0,0.0,1.0,0.00,True,"generated for hackathon starter kit, not a real portfolio",0.00,Kitisuru,6276.7,False
occasional,100.0,NBO-0177,-1.182082,36.738428,permanent_masonry,102100000.00,0.0,0.0,0.0,1.0,0.00,True,"generated for hackathon starter kit, not a real portfolio",0.00,Kitisuru,7426.7,False
occasional,100.0,NBO-0178,-1.265205,36.79272,permanent_masonry,19485000.00,0.0,0.0,0.0,1.0,0.00,True,"generated for hackathon starter kit, not a real portfolio",0.00,Kileleshwa,1389.4,True
occasional,100.0,NBO-0179,-1.337228,36.908714,semi_permanent,4500000.00,0.06474265456199646,0.09711398184299469,0.05697353601455688,1.0,256380.91,True,"generated for hackathon starter kit, not a real portfolio",211380.91,Fedha,2652.7,False
occasional,100.0,NBO-0180,-1.333631,36.756666,semi_permanent,5520000.00,0.0,0.0,0.0,1.0,0.00,True,"generated for hackathon starter kit, not a real portfolio",0.00,Lang'ata,4046.5,False
occasional,100.0,NBO-0181,-1.195501,36.89562,informal_iron_sheet,865000.00,0.07863029092550278,0.11794543638825417,0.10379198402166366,1.0,89780.07,True,"generated for hackathon starter kit, not a real portfolio",81130.07,Dandora,5615.6,False
occasional,100.0,NBO-0182,-1.319569,36.720591,informal_iron_sheet,1360000.00,0.0,0.0,0.0,1.0,0.00,True,"generated for hackathon starter kit, not a real portfolio",0.00,Kawangware,5727.8,False
occasional,100.0,NBO-0183,-1.218746,36.909908,semi_permanent,4535000.00,0.11456242203712463,0.17184363305568695,0.10081493139266968,1.0,457195.71,True,"generated for hackathon starter kit, not a real portfolio",411845.71,Dandora,2940.1,False
occasional,100.0,NBO-0184,-1.221434,36.878747,permanent_masonry,36975000.00,0.0,0.0,0.0,1.0,0.00,True,"generated for hackathon starter kit, not a real portfolio",0.00,Dandora,4005.8,False
occasional,100.0,NBO-0185,-1.28124,36.722067,semi_permanent,4485000.00,0.0,0.0,0.0,1.0,0.00,True,"generated for hackathon starter kit, not a real portfolio",0.00,Kawangware,3302.4,False
occasional,100.0,NBO-0186,-1.311268,36.710595,concrete_rcc,993560000.00,0.0,0.0,0.0,1.0,0.00,True,"generated for hackathon starter kit, not a real portfolio",0.00,Kawangware,5842.0,False
occasional,100.0,NBO-0187,-1.330025,36.762867,informal_iron_sheet,805000.00,0.0,0.0,0.0,1.0,0.00,True,"generated for hackathon starter kit, not a real portfolio",0.00,Lang'ata,3255.2,False
occasional,100.0,NBO-0188,-1.301215,36.744807,semi_permanent,3595000.00,0.0,0.0,0.0,1.0,0.00,True,"generated for hackathon starter kit, not a real portfolio",0.00,Kawangware,2641.6,False
occasional,100.0,NBO-0189,-1.241874,36.861843,informal_iron_sheet,900000.00,0.0,0.0,0.0,1.0,0.00,True,"generated for hackathon starter kit, not a real portfolio",0.00,Mathare,2116.6,False
occasional,100.0,NBO-0190,-1.20887,36.81776,concrete_rcc,464040000.00,0.0,0.0,0.0,1.0,0.00,True,"generated for hackathon starter kit, not a real portfolio",0.00,Westlands,5471.8,False
occasional,100.0,NBO-0191,-1.267964,36.843265,informal_iron_sheet,1045000.00,0.0,0.0,0.0,1.0,0.00,True,"generated for hackathon starter kit, not a real portfolio",0.00,Kiambiu,2747.3,False
occasional,100.0,NBO-0192,-1.329844,36.771296,semi_permanent,4215000.00,0.0,0.0,0.0,1.0,0.00,True,"generated for hackathon starter kit, not a real portfolio",0.00,Lang'ata,2403.7,False
occasional,100.0,NBO-0193,-1.210185,36.944592,permanent_masonry,88580000.00,0.20096233487129211,0.30144350230693817,0.1326351410150528,1.0,11748820.79,True,"generated for hackathon starter kit, not a real portfolio",10863020.79,Mwiki,2808.0,False
occasional,100.0,NBO-0194,-1.264517,36.725531,concrete_rcc,395825000.00,0.0,0.0,0.0,1.0,0.00,True,"generated for hackathon starter kit, not a real portfolio",0.00,Kangemi,3000.7,False
occasional,100.0,NBO-0195,-1.27448,36.865735,concrete_rcc,1055700000.00,0.0,0.0,0.0,1.0,0.00,True,"generated for hackathon starter kit, not a real portfolio",0.00,Kiambiu,904.6,True
occasional,100.0,NBO-0196,-1.224155,36.832879,semi_permanent,4445000.00,0.0,0.0,0.0,1.0,0.00,True,"generated for hackathon starter kit, not a real portfolio",0.00,Parklands,4983.4,False
occasional,100.0,NBO-0197,-1.343618,36.947469,informal_iron_sheet,2575000.00,0.0,0.0,0.0,1.0,0.00,True,"generated for hackathon starter kit, not a real portfolio",0.00,Fedha,6268.7,False
occasional,100.0,NBO-0198,-1.319233,36.938714,concrete_rcc,1029420000.00,0.0,0.0,0.0,1.0,0.00,True,"generated for hackathon starter kit, not a real portfolio",0.00,Fedha,4488.5,False
occasional,100.0,NBO-0199,-1.344312,36.819906,permanent_masonry,32725000.00,0.0,0.0,0.0,1.0,0.00,True,"generated for hackathon starter kit, not a real portfolio",0.00,Nairobi West,3975.5,False
occasional,100.0,NBO-0200,-1.306727,36.812002,concrete_rcc,789520000.00,0.0,0.0,0.0,1.0,0.00,True,"generated for hackathon starter kit, not a real portfolio",0.00,Madaraka,378.2,True
occasional,100.0,NBO-0201,-1.270885,36.789166,informal_iron_sheet,1175000.00,0.0,0.0,0.0,1.0,0.00,True,"generated for hackathon starter kit, not a real portfolio",0.00,Kileleshwa,665.4,True
occasional,100.0,NBO-0202,-1.318579,36.742962,permanent_masonry,31350000.00,0.0,0.0,0.0,1.0,0.00,True,"generated for hackathon starter kit, not a real portfolio",0.00,Kawangware,4563.9,False
occasional,100.0,NBO-0203,-1.344032,36.870461,permanent_masonry,70840000.00,0.3308708667755127,0.49630630016326904,0.2183747720718384,1.0,15469668.85,True,"generated for hackathon starter kit, not a real portfolio",14761268.85,Fedha,4433.8,False
occasional,100.0,NBO-0204,-1.336469,36.921711,concrete_rcc,563530000.00,0.0,0.0,0.0,1.0,0.00,True,"generated for hackathon starter kit, not a real portfolio",0.00,Fedha,3465.5,False
occasional,100.0,NBO-0205,-1.289884,36.819049,semi_permanent,3240000.00,0.13195236027240753,0.1979285404086113,0.11611807703971863,1.0,376222.57,True,"generated for hackathon starter kit, not a real portfolio",343822.57,Madaraka,1991.4,True
occasional,100.0,NBO-0206,-1.274787,36.929401,semi_permanent,8345000.00,0.08181185275316238,0.12271777912974358,0.0719944304227829,1.0,600793.52,True,"generated for hackathon starter kit, not a real portfolio",517343.52,Kayole,1429.9,True
occasional,100.0,NBO-0207,-1.319881,36.761287,permanent_masonry,32605000.00,0.0,0.0,0.0,1.0,0.00,True,"generated for hackathon starter kit, not a real portfolio",0.00,Lang'ata,3190.9,False
occasional,100.0,NBO-0208,-1.266865,36.76677,informal_iron_sheet,1980000.00,0.0,0.0,0.0,1.0,0.00,True,"generated for hackathon starter kit, not a real portfolio",0.00,Lavington,1321.6,True
occasional,100.0,NBO-0209,-1.241941,36.938785,permanent_masonry,24420000.00,0.6532766819000244,0.9799150228500366,0.3735728073120117,1.0,9122647.95,True,"generated for hackathon starter kit, not a real portfolio",8878447.95,Mwiki,1191.2,True
occasional,100.0,NBO-0210,-1.291279,36.929862,concrete_rcc,283520000.00,0.087627112865448,0.131440669298172,0.0444876111470736,1.0,12613127.51,True,"generated for hackathon starter kit, not a real portfolio",9777927.51,Kayole,2967.0,False
occasional,100.0,NBO-0211,-1.261427,36.828096,semi_permanent,2760000.00,0.0,0.0,0.0,1.0,0.00,True,"generated for hackathon starter kit, not a real portfolio",0.00,Parklands,1950.3,True
occasional,100.0,NBO-0212,-1.317846,36.837696,semi_permanent,3325000.00,0.0,0.0,0.0,1.0,0.00,True,"generated for hackathon starter kit, not a real portfolio",0.00,Nairobi West,1915.1,True
occasional,100.0,NBO-0213,-1.287925,36.788302,informal_iron_sheet,1440000.00,0.0,0.0,0.0,1.0,0.00,True,"generated for hackathon starter kit, not a real portfolio",0.00,Kileleshwa,1245.2,True
occasional,100.0,NBO-0214,-1.285278,36.707129,informal_iron_sheet,695000.00,0.0,0.0,0.0,1.0,0.00,True,"generated for hackathon starter kit, not a real portfolio",0.00,Kawangware,5006.2,False
occasional,100.0,NBO-0215,-1.235394,36.793707,informal_iron_sheet,925000.00,0.0,0.0,0.0,1.0,0.00,True,"generated for hackathon starter kit, not a real portfolio",0.00,Westlands,1500.8,True
occasional,100.0,NBO-0216,-1.217864,36.946273,semi_permanent,4005000.00,0.2190975844860077,0.32864637672901154,0.19280587434768676,1.0,772187.53,True,"generated for hackathon starter kit, not a real portfolio",732137.53,Mwiki,2198.4,False
occasional,100.0,NBO-0217,-1.295741,36.827042,permanent_masonry,42040000.00,0.0,0.0,0.0,1.0,0.00,True,"generated for hackathon starter kit, not a real portfolio",0.00,Nairobi West,1506.5,True
occasional,100.0,NBO-0218,-1.235727,36.901794,permanent_masonry,58185000.00,0.5600747466087341,0.8401121199131012,0.3288358783721924,1.0,19133315.58,True,"generated for hackathon starter kit, not a real portfolio",18551465.58,Dandora,1126.6,True
occasional,100.0,NBO-0219,-1.307356,36.740224,informal_iron_sheet,1245000.00,0.0,0.0,0.0,1.0,0.00,True,"generated for hackathon starter kit, not a real portfolio",0.00,Kawangware,3454.4,False
occasional,100.0,NBO-0220,-1.200512,36.883541,semi_permanent,3360000.00,0.13630563020706177,0.20445844531059265,0.11994895458221436,1.0,403028.49,True,"generated for hackathon starter kit, not a real portfolio",369428.49,Dandora,5536.1,False
occasional,100.0,NBO-0221,-1.328457,36.847573,concrete_rcc,1129100000.00,0.0,0.0,0.0,1.0,0.00,True,"generated for hackathon starter kit, not a real portfolio",0.00,Nairobi West,3496.9,False
occasional,100.0,NBO-0222,-1.24835,36.946666,semi_permanent,6000000.00,0.5487551093101501,0.8231326639652252,0.4092530655860901,1.0,2455518.39,True,"generated for hackathon starter kit, not a real portfolio",2395518.39,Mwiki,2285.8,False
occasional,100.0,NBO-0223,-1.310199,36.777964,semi_permanent,2850000.00,0.0,0.0,0.0,1.0,0.00,True,"generated for hackathon starter kit, not a real portfolio",0.00,Kibera,1233.3,True
occasional,100.0,NBO-0224,-1.295518,36.816631,concrete_rcc,1394785000.00,0.0,0.0,0.0,1.0,0.00,True,"generated for hackathon starter kit, not a real portfolio",0.00,Madaraka,1329.5,True
occasional,100.0,NBO-0225,-1.285168,36.767894,permanent_masonry,49225000.00,0.0,0.0,0.0,1.0,0.00,True,"generated for hackathon starter kit, not a real portfolio",0.00,Lavington,1543.2,True
occasional,100.0,NBO-0226,-1.317641,36.884345,semi_permanent,6855000.00,0.0,0.0,0.0,1.0,0.00,True,"generated for hackathon starter kit, not a real portfolio",0.00,Fedha,1588.2,True
occasional,100.0,NBO-0227,-1.26086,36.717133,permanent_masonry,68610000.00,0.0,0.0,0.0,1.0,0.00,True,"generated for hackathon starter kit, not a real portfolio",0.00,Kangemi,3989.0,False
occasional,100.0,NBO-0228,-1.197482,36.882829,semi_permanent,4865000.00,0.2075095772743225,0.31126436591148376,0.1826084280014038,1.0,888390.00,True,"generated for hackathon starter kit, not a real portfolio",839740.00,Dandora,5873.0,False
occasional,100.0,NBO-0229,-1.184356,36.908604,informal_iron_sheet,570000.00,0.1660275012254715,0.24904125183820724,0.21915630161762237,1.0,124919.09,True,"generated for hackathon starter kit, not a real portfolio",119219.09,Mwiki,6040.2,False
occasional,100.0,NBO-0230,-1.332177,36.762032,informal_iron_sheet,1055000.00,0.0,0.0,0.0,1.0,0.00,True,"generated for hackathon starter kit, not a real portfolio",0.00,Lang'ata,3436.7,False
occasional,100.0,NBO-0231,-1.33616,36.789645,concrete_rcc,1455240000.00,0.0,0.0,0.0,1.0,0.00,True,"generated for hackathon starter kit, not a real portfolio",0.00,Lang'ata,1913.3,True
occasional,100.0,NBO-0232,-1.284456,36.786377,informal_iron_sheet,680000.00,0.13672742247581482,0.20509113371372223,0.18048019766807558,1.0,122726.53,True,"generated for hackathon starter kit, not a real portfolio",115926.53,Kileleshwa,875.2,True
occasional,100.0,NBO-0233,-1.188452,36.919106,permanent_masonry,130825000.00,0.09896213561296463,0.14844320341944695,0.06531500950455665,1.0,8544836.12,True,"generated for hackathon starter kit, not a real portfolio",7236586.12,Mwiki,5172.0,False
occasional,100.0,NBO-0234,-1.226429,36.738966,semi_permanent,7695000.00,0.0,0.0,0.0,1.0,0.00,True,"generated for hackathon starter kit, not a real portfolio",0.00,Kitisuru,3887.4,False
occasional,100.0,NBO-0235,-1.290382,36.928578,informal_iron_sheet,675000.00,0.02821119874715805,0.042316798120737076,0.037238782346248625,1.0,25136.18,True,"generated for hackathon starter kit, not a real portfolio",18386.18,Kayole,2820.7,False
occasional,100.0,NBO-0236,-1.187621,36.72315,semi_permanent,9120000.00,0.0,0.0,0.0,1.0,0.00,True,"generated for hackathon starter kit, not a real portfolio",0.00,Kitisuru,7921.3,False
occasional,100.0,NBO-0237,-1.199153,36.70927,concrete_rcc,697740000.00,0.0,0.0,0.0,1.0,0.00,True,"generated for hackathon starter kit, not a real portfolio",0.00,Kitisuru,8255.5,False
occasional,100.0,NBO-0238,-1.281576,36.902948,permanent_masonry,31835000.00,0.0,0.0,0.0,1.0,0.00,True,"generated for hackathon starter kit, not a real portfolio",0.00,Komarock,1125.8,True
occasional,100.0,NBO-0239,-1.188579,36.716339,permanent_masonry,37440000.00,0.0,0.0,0.0,1.0,0.00,True,"generated for hackathon starter kit, not a real portfolio",0.00,Kitisuru,8375.1,False
occasional,100.0,NBO-0240,-1.211563,36.84204,permanent_masonry,18665000.00,0.0,0.0,0.0,1.0,0.00,True,"generated for hackathon starter kit, not a real portfolio",0.00,Mathare,6139.8,False
occasional,100.0,NBO-0241,-1.230749,36.829461,permanent_masonry,37825000.00,0.0,0.0,0.0,1.0,0.00,True,"generated for hackathon starter kit, not a real portfolio",0.00,Parklands,4158.4,False
occasional,100.0,NBO-0242,-1.219856,36.921451,semi_permanent,5850000.00,0.3348427712917328,0.5022641569375992,0.274299373626709,1.0,1604651.34,True,"generated for hackathon starter kit, not a real portfolio",1546151.34,Mwiki,1945.2,True
occasional,100.0,NBO-0243,-1.190807,36.86859,semi_permanent,4500000.00,0.0,0.0,0.0,1.0,0.00,True,"generated for hackathon starter kit, not a real portfolio",0.00,Dandora,7318.5,False
occasional,100.0,NBO-0244,-1.227495,36.945525,informal_iron_sheet,865000.00,0.46577388048171997,0.69866082072258,0.499196492433548,1.0,431804.97,True,"generated for hackathon starter kit, not a real portfolio",423154.97,Mwiki,1483.0,True
occasional,100.0,NBO-0245,-1.236395,36.870383,informal_iron_sheet,1470000.00,0.0979572981595993,0.14693594723939896,0.1293036335706711,1.0,190076.34,True,"generated for hackathon starter kit, not a real portfolio",175376.34,Mathare,2450.5,False
occasional,100.0,NBO-0246,-1.271319,36.783572,semi_permanent,2350000.00,0.0,0.0,0.0,1.0,0.00,True,"generated for hackathon starter kit, not a real portfolio",0.00,Kileleshwa,770.8,True
occasional,100.0,NBO-0247,-1.186897,36.934355,informal_iron_sheet,1930000.00,0.178033247590065,0.2670498713850975,0.2309119176864624,1.0,445660.00,True,"generated for hackathon starter kit, not a real portfolio",426360.00,Mwiki,5100.9,False
occasional,100.0,NBO-0248,-1.303397,36.719771,permanent_masonry,67115000.00,0.0,0.0,0.0,1.0,0.00,True,"generated for hackathon starter kit, not a real portfolio",0.00,Kawangware,4498.9,False
occasional,100.0,NBO-0249,-1.201491,36.870552,semi_permanent,2705000.00,0.17551156878471375,0.2632673531770706,0.1544501805305481,1.0,417787.74,True,"generated for hackathon starter kit, not a real portfolio",390737.74,Dandora,6237.6,False
occasional,100.0,NBO-0250,-1.309464,36.727057,concrete_rcc,346390000.00,0.0,0.0,0.0,1.0,0.00,True,"generated for hackathon starter kit, not a real portfolio",0.00,Kawangware,4399.2,False
occasional,100.0,NBO-0251,-1.310908,36.74482,semi_permanent,3695000.00,0.0,0.0,0.0,1.0,0.00,True,"generated for hackathon starter kit, not a real portfolio",0.00,Kawangware,3686.6,False
occasional,100.0,NBO-0252,-1.311595,36.796579,permanent_masonry,36755000.00,0.0,0.0,0.0,1.0,0.00,True,"generated for hackathon starter kit, not a real portfolio",0.00,Kibera,843.0,True
occasional,100.0,NBO-0253,-1.197507,36.82492,semi_permanent,5710000.00,0.0,0.0,0.0,1.0,0.00,True,"generated for hackathon starter kit, not a real portfolio",0.00,Westlands,6954.1,False
occasional,100.0,NBO-0254,-1.225363,36.713396,informal_iron_sheet,1930000.00,0.0,0.0,0.0,1.0,0.00,True,"generated for hackathon starter kit, not a real portfolio",0.00,Kangemi,6417.7,False
occasional,100.0,NBO-0255,-1.306528,36.801425,permanent_masonry,59540000.00,0.0,0.0,0.0,1.0,0.00,True,"generated for hackathon starter kit, not a real portfolio",0.00,Kibera,1481.0,True
occasional,100.0,NBO-0256,-1.32265,36.834249,semi_permanent,3650000.00,0.0,0.0,0.0,1.0,0.00,True,"generated for hackathon starter kit, not a real portfolio",0.00,Nairobi West,1985.5,True
occasional,100.0,NBO-0257,-1.23058,36.769731,concrete_rcc,1181605000.00,0.0,0.0,0.0,1.0,0.00,True,"generated for hackathon starter kit, not a real portfolio",0.00,Kitisuru,1099.1,True
occasional,100.0,NBO-0258,-1.325808,36.801523,permanent_masonry,36655000.00,0.0,0.0,0.0,1.0,0.00,True,"generated for hackathon starter kit, not a real portfolio",0.00,Lang'ata,1492.6,True
occasional,100.0,NBO-0259,-1.194012,36.894882,permanent_masonry,30340000.00,0.31611204147338867,0.474168062210083,0.2086339473724365,1.0,6329953.96,True,"generated for hackathon starter kit, not a real portfolio",6026553.96,Dandora,5794.7,False
occasional,100.0,NBO-0260,-1.328899,36.747618,semi_permanent,10010000.00,0.0,0.0,0.0,1.0,0.00,True,"generated for hackathon starter kit, not a real portfolio",0.00,Lang'ata,4836.8,False
occasional,100.0,NBO-0261,-1.23631,36.777251,concrete_rcc,823910000.00,0.0,0.0,0.0,1.0,0.00,True,"generated for hackathon starter kit, not a real portfolio",0.00,Kitisuru,826.4,True
occasional,100.0,NBO-0262,-1.313656,36.769023,informal_iron_sheet,495000.00,0.0,0.0,0.0,1.0,0.00,True,"generated for hackathon starter kit, not a real portfolio",0.00,Kibera,2235.7,False
occasional,100.0,NBO-0263,-1.240543,36.762234,semi_permanent,3240000.00,0.0,0.0,0.0,1.0,0.00,True,"generated for hackathon starter kit, not a real portfolio",0.00,Kitisuru,978.0,True
occasional,100.0,NBO-0264,-1.194188,36.709318,concrete_rcc,850565000.00,0.0,0.0,0.0,1.0,0.00,True,"generated for hackathon starter kit, not a real portfolio",0.00,Kitisuru,8570.1,False
occasional,100.0,NBO-0265,-1.20795,36.939186,informal_iron_sheet,1650000.00,0.16045710444450378,0.24068565666675568,0.211803377866745,1.0,349475.57,True,"generated for hackathon starter kit, not a real portfolio",332975.57,Mwiki,2835.8,False
occasional,100.0,NBO-0266,-1.245469,36.827153,semi_permanent,3960000.00,0.0,0.0,0.0,1.0,0.00,True,"generated for hackathon starter kit, not a real portfolio",0.00,Parklands,2683.5,False
occasional,100.0,NBO-0267,-1.265873,36.781748,permanent_masonry,28335000.00,0.14514003694057465,0.21771005541086197,0.09579242438077927,1.0,2714278.34,True,"generated for hackathon starter kit, not a real portfolio",2430928.34,Lavington,1098.7,True
occasional,100.0,NBO-0268,-1.277204,36.92012,informal_iron_sheet,875000.00,0.45147505402565,0.677212581038475,0.486327548623085,1.0,425536.61,True,"generated for hackathon starter kit, not a real portfolio",416786.61,Kayole,1165.8,True
occasional,100.0,NBO-0269,-1.230379,36.705483,semi_permanent,3310000.00,0.0,0.0,0.0,1.0,0.00,True,"generated for hackathon starter kit, not a real portfolio",0.00,Kangemi,6677.6,False
occasional,100.0,NBO-0270,-1.22036,36.726497,permanent_masonry,106590000.00,0.0,0.0,0.0,1.0,0.00,True,"generated for hackathon starter kit, not a real portfolio",0.00,Kitisuru,5428.1,False
occasional,100.0,NBO-0271,-1.238975,36.704695,semi_permanent,3125000.00,0.0,0.0,0.0,1.0,0.00,True,"generated for hackathon starter kit, not a real portfolio",0.00,Kangemi,6198.8,False
occasional,100.0,NBO-0272,-1.268976,36.707647,permanent_masonry,84745000.00,0.0,0.0,0.0,1.0,0.00,True,"generated for hackathon starter kit, not a real portfolio",0.00,Kangemi,4964.8,False
occasional,100.0,NBO-0273,-1.224272,36.70066,semi_permanent,3775000.00,0.0,0.0,0.0,1.0,0.00,True,"generated for hackathon starter kit, not a real portfolio",0.00,Kangemi,7523.4,False
occasional,100.0,NBO-0274,-1.290944,36.852137,permanent_masonry,38080000.00,0.03720681741833687,0.0558102261275053,0.024556499496102332,1.0,935111.50,True,"generated for hackathon starter kit, not a real portfolio",554311.50,Kiambiu,1581.0,True
occasional,100.0,NBO-0275,-1.305913,36.879391,semi_permanent,4445000.00,0.0,0.0,0.0,1.0,0.00,True,"generated for hackathon starter kit, not a real portfolio",0.00,Donholm,1273.3,True
occasional,100.0,NBO-0276,-1.341675,36.788527,informal_iron_sheet,2025000.00,0.0,0.0,0.0,1.0,0.00,True,"generated for hackathon starter kit, not a real portfolio",0.00,Lang'ata,2531.3,False
occasional,100.0,NBO-0277,-1.316557,36.932,semi_permanent,3990000.00,0.0,0.0,0.0,1.0,0.00,True,"generated for hackathon starter kit, not a real portfolio",0.00,Fedha,3725.9,False
occasional,100.0,NBO-0278,-1.184995,36.888914,semi_permanent,3950000.00,0.09074367582798004,0.13611551374197006,0.07985443472862244,1.0,315425.02,True,"generated for hackathon starter kit, not a real portfolio",275925.02,Dandora,6930.0,False
occasional,100.0,NBO-0279,-1.242356,36.946982,semi_permanent,3240000.00,0.4370008111000061,0.6555012166500092,0.3396805191040039,1.0,1100564.88,True,"generated for hackathon starter kit, not a real portfolio",1068164.88,Mwiki,1861.1,True
occasional,100.0,NBO-0280,-1.286231,36.892072,concrete_rcc,609445000.00,0.0,0.0,0.0,1.0,0.00,True,"generated for hackathon starter kit, not a real portfolio",0.00,Donholm,1493.1,True
occasional,100.0,NBO-0281,-1.187574,36.830611,permanent_masonry,24840000.00,0.0,0.0,0.0,1.0,0.00,True,"generated for hackathon starter kit, not a real portfolio",0.00,Westlands,8215.0,False
occasional,100.0,NBO-0282,-1.338431,36.714023,permanent_masonry,46565000.00,0.0,0.0,0.0,1.0,0.00,True,"generated for hackathon starter kit, not a real portfolio",0.00,Kawangware,7871.1,False
occasional,100.0,NBO-0283,-1.295195,36.729934,informal_iron_sheet,850000.00,0.0,0.0,0.0,1.0,0.00,True,"generated for hackathon starter kit, not a real portfolio",0.00,Kawangware,3047.2,False
occasional,100.0,NBO-0284,-1.27871,36.781699,semi_permanent,11015000.00,0.0,0.0,0.0,1.0,0.00,True,"generated for hackathon starter kit, not a real portfolio",0.00,Kileleshwa,723.6,True
occasional,100.0,NBO-0285,-1.308304,36.733992,semi_permanent,3770000.00,0.0,0.0,0.0,1.0,0.00,True,"generated for hackathon starter kit, not a real portfolio",0.00,Kawangware,3854.9,False
occasional,100.0,NBO-0286,-1.211654,36.859362,permanent_masonry,27450000.00,0.0,0.0,0.0,1.0,0.00,True,"generated for hackathon starter kit, not a real portfolio",0.00,Mathare,5365.3,False
occasional,100.0,NBO-0287,-1.305027,36.717376,informal_iron_sheet,700000.00,0.0,0.0,0.0,1.0,0.00,True,"generated for hackathon starter kit, not a real portfolio",0.00,Kawangware,4820.4,False
occasional,100.0,NBO-0288,-1.267276,36.835611,semi_permanent,5600000.00,0.0,0.0,0.0,1.0,0.00,True,"generated for hackathon starter kit, not a real portfolio",0.00,Parklands,2816.5,False
occasional,100.0,NBO-0289,-1.185153,36.790811,semi_permanent,3625000.00,0.0,0.0,0.0,1.0,0.00,True,"generated for hackathon starter kit, not a real portfolio",0.00,Kitisuru,6522.7,False
occasional,100.0,NBO-0290,-1.266469,36.795974,semi_permanent,3005000.00,0.0,0.0,0.0,1.0,0.00,True,"generated for hackathon starter kit, not a real portfolio",0.00,Chiromo,1254.9,True
occasional,100.0,NBO-0291,-1.309713,36.71976,permanent_masonry,25425000.00,0.0,0.0,0.0,1.0,0.00,True,"generated for hackathon starter kit, not a real portfolio",0.00,Kawangware,4963.5,False
occasional,100.0,NBO-0292,-1.248732,36.879753,informal_iron_sheet,865000.00,0.3982618451118469,0.5973927676677704,0.43843566060066225,1.0,379246.85,True,"generated for hackathon starter kit, not a real portfolio",370596.85,Kariobangi,1177.0,True
occasional,100.0,NBO-0293,-1.204167,36.891005,semi_permanent,2185000.00,0.5971358418464661,0.8957037627696991,0.43828150510787967,1.0,957645.09,True,"generated for hackathon starter kit, not a real portfolio",935795.09,Dandora,4830.3,False
occasional,100.0,NBO-0294,-1.28955,36.779763,informal_iron_sheet,715000.00,0.13839933276176453,0.2075989991426468,0.1826871192455292,1.0,130621.29,True,"generated for hackathon starter kit, not a real portfolio",123471.29,Kileleshwa,1688.0,True
occasional,100.0,NBO-0295,-1.33716,36.794091,permanent_masonry,62920000.00,0.0,0.0,0.0,1.0,0.00,True,"generated for hackathon starter kit, not a real portfolio",0.00,Lang'ata,2075.1,False
occasional,100.0,NBO-0296,-1.278423,36.873103,informal_iron_sheet,1230000.00,0.14778754115104675,0.22168131172657013,0.1950795543193817,1.0,239947.85,True,"generated for hackathon starter kit, not a real portfolio",227647.85,Kiambiu,1159.6,True
occasional,100.0,NBO-0297,-1.213308,36.732977,semi_permanent,4370000.00,0.0,0.0,0.0,1.0,0.00,True,"generated for hackathon starter kit, not a real portfolio",0.00,Kitisuru,5192.0,False
occasional,100.0,NBO-0298,-1.323806,36.853642,semi_permanent,2400000.00,0.0,0.0,0.0,1.0,0.00,True,"generated for hackathon starter kit, not a real portfolio",0.00,Nairobi West,3788.1,False
occasional,100.0,NBO-0299,-1.298429,36.785526,semi_permanent,2280000.00,0.0,0.0,0.0,1.0,0.00,True,"generated for hackathon starter kit, not a real portfolio",0.00,Kibera,1485.9,True
occasional,100.0,NBO-0300,-1.316479,36.875112,permanent_masonry,48805000.00,0.06114261597394943,0.09171392396092415,0.04035412654280662,1.0,1969483.15,True,"generated for hackathon starter kit, not a real portfolio",1481433.15,Donholm,2441.0,False
occasional,100.0,NBO-0301,-1.196509,36.858876,permanent_masonry,95790000.00,0.0,0.0,0.0,1.0,0.00,True,"generated for hackathon starter kit, not a real portfolio",0.00,Mathare,7020.1,False
occasional,100.0,NBO-0302,-1.207697,36.777948,semi_permanent,4830000.00,0.0,0.0,0.0,1.0,0.00,True,"generated for hackathon starter kit, not a real portfolio",0.00,Kitisuru,3714.5,False
occasional,100.0,NBO-0303,-1.326648,36.769993,concrete_rcc,305250000.00,0.0,0.0,0.0,1.0,0.00,True,"generated for hackathon starter kit, not a real portfolio",0.00,Lang'ata,2380.4,False
occasional,100.0,NBO-0304,-1.32852,36.797975,permanent_masonry,58110000.00,0.0,0.0,0.0,1.0,0.00,True,"generated for hackathon starter kit, not a real portfolio",0.00,Lang'ata,1386.1,True
occasional,100.0,NBO-0305,-1.310833,36.773989,concrete_rcc,838115000.00,0.0,0.0,0.0,1.0,0.00,True,"generated for hackathon starter kit, not a real portfolio",0.00,Kibera,1669.7,True
occasional,100.0,NBO-0306,-1.220163,36.889739,permanent_masonry,67155000.00,0.10678263008594513,0.1601739451289177,0.07047653585672378,1.0,4732851.77,True,"generated for hackathon starter kit, not a real portfolio",4061301.77,Dandora,3297.2,False
occasional,100.0,NBO-0307,-1.335209,36.897649,informal_iron_sheet,960000.00,0.020610887557268143,0.030916331335902214,0.027206371575593948,1.0,26118.12,True,"generated for hackathon starter kit, not a real portfolio",16518.12,Fedha,2174.7,False
occasional,100.0,NBO-0308,-1.253911,36.823871,permanent_masonry,56055000.00,0.4661136567592621,0.6991704851388931,0.2837345552444458,1.0,15904740.49,True,"generated for hackathon starter kit, not a real portfolio",15344190.49,Parklands,1789.5,True
occasional,100.0,NBO-0309,-1.230274,36.759232,semi_permanent,6120000.00,0.0,0.0,0.0,1.0,0.00,True,"generated for hackathon starter kit, not a real portfolio",0.00,Kitisuru,1727.0,True
occasional,100.0,NBO-0310,-1.193935,36.823109,permanent_masonry,37675000.00,0.0,0.0,0.0,1.0,0.00,True,"generated for hackathon starter kit, not a real portfolio",0.00,Westlands,7151.9,False
occasional,100.0,NBO-0311,-1.185447,36.889115,concrete_rcc,743690000.00,0.03294113650918007,0.0494117047637701,0.016723961612352956,1.0,12437443.01,True,"generated for hackathon starter kit, not a real portfolio",5000543.01,Dandora,6875.5,False
occasional,100.0,NBO-0312,-1.27629,36.836385,semi_permanent,3975000.00,0.0,0.0,0.0,1.0,0.00,True,"generated for hackathon starter kit, not a real portfolio",0.00,Kiambiu,3077.2,False
occasional,100.0,NBO-0313,-1.204866,36.703881,permanent_masonry,49505000.00,0.0,0.0,0.0,1.0,0.00,True,"generated for hackathon starter kit, not a real portfolio",0.00,Kitisuru,8445.0,False
occasional,100.0,NBO-0314,-1.182174,36.721902,permanent_masonry,114670000.00,0.0,0.0,0.0,1.0,0.00,True,"generated for hackathon starter kit, not a real portfolio",0.00,Kitisuru,8468.6,False
occasional,100.0,NBO-0315,-1.181293,36.796118,semi_permanent,3770000.00,0.0,0.0,0.0,1.0,0.00,True,"generated for hackathon starter kit, not a real portfolio",0.00,Kitisuru,7137.5,False
occasional,100.0,NBO-0316,-1.206311,36.910658,concrete_rcc,522650000.00,0.5922756791114807,0.8884135186672211,0.27868640459500826,1.0,145655449.36,True,"generated for hackathon starter kit, not a real portfolio",140428949.36,Mwiki,3868.5,False
occasional,100.0,NBO-0317,-1.245344,36.806905,informal_iron_sheet,2150000.00,0.0,0.0,0.0,1.0,0.00,True,"generated for hackathon starter kit, not a real portfolio",0.00,Parklands,2013.1,False
occasional,100.0,NBO-0318,-1.332425,36.855886,informal_iron_sheet,1335000.00,0.0,0.0,0.0,1.0,0.00,True,"generated for hackathon starter kit, not a real portfolio",0.00,Nairobi West,4499.3,False
occasional,100.0,NBO-0319,-1.256119,36.841093,semi_permanent,6610000.00,0.0,0.0,0.0,1.0,0.00,True,"generated for hackathon starter kit, not a real portfolio",0.00,Mathare,3363.9,False
occasional,100.0,NBO-0320,-1.348242,36.720226,semi_permanent,4105000.00,0.0,0.0,0.0,1.0,0.00,True,"generated for hackathon starter kit, not a real portfolio",0.00,Lang'ata,8409.8,False
occasional,100.0,NBO-0321,-1.214463,36.819394,semi_permanent,3110000.00,0.0,0.0,0.0,1.0,0.00,True,"generated for hackathon starter kit, not a real portfolio",0.00,Westlands,5141.2,False
occasional,100.0,NBO-0322,-1.317859,36.80791,concrete_rcc,394920000.00,0.009734307415783405,0.014601461123675108,0.004942032995705422,1.0,1951707.67,True,"generated for hackathon starter kit, not a real portfolio",0.00,Madaraka,1425.8,True
occasional,100.0,NBO-0323,-1.269099,36.814491,permanent_masonry,36045000.00,0.0,0.0,0.0,1.0,0.00,True,"generated for hackathon starter kit, not a real portfolio",0.00,Parklands,796.9,True
occasional,100.0,NBO-0324,-1.327675,36.927681,concrete_rcc,310620000.00,0.02753903716802597,0.041308555752038956,0.01398135733145934,1.0,4342889.21,True,"generated for hackathon starter kit, not a real portfolio",1236689.21,Fedha,3508.4,False
occasional,100.0,NBO-0325,-1.213059,36.774836,concrete_rcc,1116695000.00,0.0,0.0,0.0,1.0,0.00,True,"generated for hackathon starter kit, not a real portfolio",0.00,Kitisuru,3067.1,False
occasional,100.0,NBO-0326,-1.274304,36.944364,permanent_masonry,66125000.00,0.26284876465797424,0.39427314698696136,0.173480184674263,1.0,11471377.21,True,"generated for hackathon starter kit, not a real portfolio",10810127.21,Kayole,2903.6,False
occasional,100.0,NBO-0327,-1.285088,36.818006,informal_iron_sheet,1080000.00,0.0,0.0,0.0,1.0,0.00,True,"generated for hackathon starter kit, not a real portfolio",0.00,Chiromo,2045.0,False
occasional,100.0,NBO-0328,-1.341179,36.819429,semi_permanent,5435000.00,0.0,0.0,0.0,1.0,0.00,True,"generated for hackathon starter kit, not a real portfolio",0.00,Nairobi West,3634.2,False
occasional,100.0,NBO-0329,-1.231313,36.878088,permanent_masonry,23595000.00,0.0,0.0,0.0,1.0,0.00,True,"generated for hackathon starter kit, not a real portfolio",0.00,Mathare,3107.6,False
occasional,100.0,NBO-0330,-1.344911,36.819275,permanent_masonry,56410000.00,0.0,0.0,0.0,1.0,0.00,True,"generated for hackathon starter kit, not a real portfolio",0.00,Nairobi West,4048.6,False
occasional,100.0,NBO-0331,-1.299253,36.714793,semi_permanent,3410000.00,0.0,0.0,0.0,1.0,0.00,True,"generated for hackathon starter kit, not a real portfolio",0.00,Kawangware,4703.8,False
occasional,100.0,NBO-0332,-1.210051,36.840545,informal_iron_sheet,975000.00,0.0,0.0,0.0,1.0,0.00,True,"generated for hackathon starter kit, not a real portfolio",0.00,Mathare,6370.6,False
occasional,100.0,NBO-0333,-1.271368,36.72167,informal_iron_sheet,1585000.00,0.0,0.0,0.0,1.0,0.00,True,"generated for hackathon starter kit, not a real portfolio",0.00,Kawangware,3424.2,False
occasional,100.0,NBO-0334,-1.300269,36.932332,semi_permanent,3980000.00,0.07070320099592209,0.10605480149388313,0.06221881687641144,1.0,247630.89,True,"generated for hackathon starter kit, not a real portfolio",207830.89,Tassia,3824.5,False
occasional,100.0,NBO-0335,-1.204821,36.777835,concrete_rcc,499980000.00,0.0,0.0,0.0,1.0,0.00,True,"generated for hackathon starter kit, not a real portfolio",0.00,Kitisuru,4025.6,False
occasional,100.0,NBO-0336,-1.31156,36.933433,concrete_rcc,425295000.00,0.0,0.0,0.0,1.0,0.00,True,"generated for hackathon starter kit, not a real portfolio",0.00,Tassia,3904.2,False
occasional,100.0,NBO-0337,-1.182634,36.829649,semi_permanent,7645000.00,0.0,0.0,0.0,1.0,0.00,True,"generated for hackathon starter kit, not a real portfolio",0.00,Westlands,8598.9,False
occasional,100.0,NBO-0338,-1.300632,36.895328,semi_permanent,7740000.00,0.1086067259311676,0.1629100888967514,0.09557391881942749,1.0,739742.13,True,"generated for hackathon starter kit, not a real portfolio",662342.13,Donholm,754.4,True
occasional,100.0,NBO-0339,-1.310599,36.826601,concrete_rcc,439535000.00,0.13674528896808624,0.20511793345212936,0.06942453132225916,1.0,30514511.37,True,"generated for hackathon starter kit, not a real portfolio",26119161.37,Nairobi West,442.9,True
occasional,100.0,NBO-0340,-1.1977,36.752666,semi_permanent,8060000.00,0.0,0.0,0.0,1.0,0.00,True,"generated for hackathon starter kit, not a real portfolio",0.00,Kitisuru,5166.2,False
occasional,100.0,NBO-0341,-1.346872,36.949269,semi_permanent,6365000.00,0.0,0.0,0.0,1.0,0.00,True,"generated for hackathon starter kit, not a real portfolio",0.00,Fedha,6625.4,False
occasional,100.0,NBO-0342,-1.200346,36.858594,informal_iron_sheet,1900000.00,0.002514793537557125,0.0037721903063356876,0.003319527469575405,1.0,6307.10,True,"generated for hackathon starter kit, not a real portfolio",0.00,Mathare,6608.9,False
occasional,100.0,NBO-0343,-1.254997,36.812644,semi_permanent,5850000.00,0.0,0.0,0.0,1.0,0.00,True,"generated for hackathon starter kit, not a real portfolio",0.00,Parklands,924.3,True
occasional,100.0,NBO-0344,-1.213194,36.935062,permanent_masonry,32270000.00,0.10946960747241974,0.1642044112086296,0.07224994093179703,1.0,2331505.59,True,"generated for hackathon starter kit, not a real portfolio",2008805.59,Mwiki,2184.5,False
occasional,100.0,NBO-0345,-1.278319,36.839113,semi_permanent,6630000.00,0.0,0.0,0.0,1.0,0.00,True,"generated for hackathon starter kit, not a real portfolio",0.00,Kiambiu,2736.6,False
occasional,100.0,NBO-0346,-1.306948,36.801566,informal_iron_sheet,1700000.00,0.0,0.0,0.0,1.0,0.00,True,"generated for hackathon starter kit, not a real portfolio",0.00,Kibera,1479.6,True
occasional,100.0,NBO-0347,-1.274636,36.749664,informal_iron_sheet,960000.00,0.2320256233215332,0.3480384349822998,0.2827445983886719,1.0,271434.81,True,"generated for hackathon starter kit, not a real portfolio",261834.81,Kawangware,479.1,True
occasional,100.0,NBO-0348,-1.317463,36.783427,concrete_rcc,626905000.00,0.07027114927768707,0.10540672391653061,0.035676121940979584,1.0,22365539.23,True,"generated for hackathon starter kit, not a real portfolio",16096489.23,Lang'ata,746.8,True
occasional,100.0,NBO-0349,-1.343824,36.902898,informal_iron_sheet,1540000.00,0.0,0.0,0.0,1.0,0.00,True,"generated for hackathon starter kit, not a real portfolio",0.00,Fedha,3168.7,False
occasional,100.0,NBO-0350,-1.292185,36.740383,concrete_rcc,475860000.00,0.0,0.0,0.0,1.0,0.00,True,"generated for hackathon starter kit, not a real portfolio",0.00,Kawangware,1973.6,True
occasional,100.0,NBO-0351,-1.241881,36.815722,informal_iron_sheet,1350000.00,0.0,0.0,0.0,1.0,0.00,True,"generated for hackathon starter kit, not a real portfolio",0.00,Parklands,2422.3,False
occasional,100.0,NBO-0352,-1.310166,36.860695,semi_permanent,6100000.00,0.0,0.0,0.0,1.0,0.00,True,"generated for hackathon starter kit, not a real portfolio",0.00,Kiambiu,3115.9,False
occasional,100.0,NBO-0353,-1.331766,36.81104,concrete_rcc,393455000.00,0.0,0.0,0.0,1.0,0.00,True,"generated for hackathon starter kit, not a real portfolio",0.00,Lang'ata,2740.7,False
occasional,100.0,NBO-0354,-1.225862,36.799735,permanent_masonry,31610000.00,0.0,0.0,0.0,1.0,0.00,True,"generated for hackathon starter kit, not a real portfolio",0.00,Westlands,2754.3,False
occasional,100.0,NBO-0355,-1.347451,36.709257,informal_iron_sheet,1065000.00,0.0,0.0,0.0,1.0,0.00,True,"generated for hackathon starter kit, not a real portfolio",0.00,Kawangware,9002.7,False
occasional,100.0,NBO-0356,-1.203566,36.90393,informal_iron_sheet,1125000.00,0.4336170554161072,0.6504255831241608,0.47025534987449646,1.0,529037.27,True,"generated for hackathon starter kit, not a real portfolio",517787.27,Mwiki,4601.4,False
occasional,100.0,NBO-0357,-1.347865,36.718488,permanent_masonry,48595000.00,0.0,0.0,0.0,1.0,0.00,True,"generated for hackathon starter kit, not a real portfolio",0.00,Kawangware,8552.1,False
occasional,100.0,NBO-0358,-1.310107,36.808186,permanent_masonry,33745000.00,0.17531923949718475,0.26297885924577713,0.11571069806814194,1.0,3904657.51,True,"generated for hackathon starter kit, not a real portfolio",3567207.51,Madaraka,849.8,True
occasional,100.0,NBO-0359,-1.274801,36.721075,semi_permanent,3600000.00,0.0,0.0,0.0,1.0,0.00,True,"generated for hackathon starter kit, not a real portfolio",0.00,Kawangware,3422.5,False
occasional,100.0,NBO-0360,-1.306434,36.778519,informal_iron_sheet,1340000.00,0.0,0.0,0.0,1.0,0.00,True,"generated for hackathon starter kit, not a real portfolio",0.00,Kibera,1286.2,True
occasional,100.0,NBO-0361,-1.260813,36.895214,informal_iron_sheet,485000.00,0.124234639108181,0.1863519586622715,0.16398972362279893,1.0,79535.02,True,"generated for hackathon starter kit, not a real portfolio",74685.02,Kariobangi,1490.9,True
occasional,100.0,NBO-0362,-1.218859,36.931263,concrete_rcc,827820000.00,0.22437377274036407,0.3365606591105461,0.11391283846818484,1.0,94299325.94,True,"generated for hackathon starter kit, not a real portfolio",86021125.94,Mwiki,1561.4,True
occasional,100.0,NBO-0363,-1.265965,36.71004,permanent_masonry,41830000.00,0.07786789536476135,0.11680184304714203,0.051392810940742495,1.0,2149761.28,True,"generated for hackathon starter kit, not a real portfolio",1731461.28,Kangemi,4703.1,False
occasional,100.0,NBO-0364,-1.270336,36.775293,permanent_masonry,32130000.00,0.0,0.0,0.0,1.0,0.00,True,"generated for hackathon starter kit, not a real portfolio",0.00,Lavington,427.7,True
occasional,100.0,NBO-0365,-1.245682,36.872151,permanent_masonry,74420000.00,0.0,0.0,0.0,1.0,0.00,True,"generated for hackathon starter kit, not a real portfolio",0.00,Mathare,1419.3,True
occasional,100.0,NBO-0366,-1.294328,36.79296,informal_iron_sheet,805000.00,0.0,0.0,0.0,1.0,0.00,True,"generated for hackathon starter kit, not a real portfolio",0.00,Kibera,1941.5,True
occasional,100.0,NBO-0367,-1.279863,36.946799,informal_iron_sheet,1430000.00,0.1247386783361435,0.18710801750421524,0.16465505540370942,1.0,235456.73,True,"generated for hackathon starter kit, not a real portfolio",221156.73,Kayole,3380.8,False
occasional,100.0,NBO-0368,-1.281142,36.73553,permanent_masonry,88130000.00,0.0,0.0,0.0,1.0,0.00,True,"generated for hackathon starter kit, not a real portfolio",0.00,Kawangware,1815.8,True
occasional,100.0,NBO-0369,-1.304822,36.734471,semi_permanent,5615000.00,0.0,0.0,0.0,1.0,0.00,True,"generated for hackathon starter kit, not a real portfolio",0.00,Kawangware,3497.8,False
occasional,100.0,NBO-0370,-1.259124,36.882024,informal_iron_sheet,1300000.00,0.10844723135232925,0.16267084702849388,0.14315034538507462,1.0,186095.45,True,"generated for hackathon starter kit, not a real portfolio",173095.45,Kariobangi,12.7,True
occasional,100.0,NBO-0371,-1.18152,36.87356,permanent_masonry,63800000.00,0.0,0.0,0.0,1.0,0.00,True,"generated for hackathon starter kit, not a real portfolio",0.00,Dandora,7921.6,False
occasional,100.0,NBO-0372,-1.244471,36.934206,semi_permanent,5795000.00,0.27644550800323486,0.4146682620048523,0.2369251251220703,1.0,1372981.10,True,"generated for hackathon starter kit, not a real portfolio",1315031.10,Mwiki,1306.7,True
occasional,100.0,NBO-0373,-1.333748,36.718557,permanent_masonry,104225000.00,0.0,0.0,0.0,1.0,0.00,True,"generated for hackathon starter kit, not a real portfolio",0.00,Kawangware,7163.7,False
occasional,100.0,NBO-0374,-1.306874,36.704134,informal_iron_sheet,1175000.00,0.0,0.0,0.0,1.0,0.00,True,"generated for hackathon starter kit, not a real portfolio",0.00,Kawangware,6154.2,False
occasional,100.0,NBO-0375,-1.265587,36.732079,permanent_masonry,53235000.00,0.0,0.0,0.0,1.0,0.00,True,"generated for hackathon starter kit, not a real portfolio",0.00,Kangemi,2263.6,False
occasional,100.0,NBO-0376,-1.330722,36.930502,semi_permanent,8385000.00,0.0,0.0,0.0,1.0,0.00,True,"generated for hackathon starter kit, not a real portfolio",0.00,Fedha,3932.1,False
occasional,100.0,NBO-0377,-1.240753,36.808486,semi_permanent,6520000.00,0.002102094469591975,0.003153141704387963,0.0018498431332409381,1.0,12060.98,True,"generated for hackathon starter kit, not a real portfolio",0.00,Parklands,2492.0,False
occasional,100.0,NBO-0378,-1.232748,36.807252,semi_permanent,1970000.00,0.0,0.0,0.0,1.0,0.00,True,"generated for hackathon starter kit, not a real portfolio",0.00,Westlands,2808.9,False
occasional,100.0,NBO-0379,-1.244467,36.767451,permanent_masonry,52055000.00,0.0,0.0,0.0,1.0,0.00,True,"generated for hackathon starter kit, not a real portfolio",0.00,Kitisuru,604.1,True
occasional,100.0,NBO-0380,-1.256632,36.748659,permanent_masonry,75325000.00,0.0,0.0,0.0,1.0,0.00,True,"generated for hackathon starter kit, not a real portfolio",0.00,Kangemi,1327.9,True
occasional,100.0,NBO-0381,-1.305364,36.729212,permanent_masonry,49750000.00,0.0,0.0,0.0,1.0,0.00,True,"generated for hackathon starter kit, not a real portfolio",0.00,Kawangware,3894.3,False
occasional,100.0,NBO-0382,-1.287241,36.888335,informal_iron_sheet,1785000.00,0.0,0.0,0.0,1.0,0.00,True,"generated for hackathon starter kit, not a real portfolio",0.00,Donholm,1333.2,True
occasional,100.0,NBO-0383,-1.306754,36.710739,concrete_rcc,941095000.00,0.0,0.0,0.0,1.0,0.00,True,"generated for hackathon starter kit, not a real portfolio",0.00,Kawangware,5529.3,False
occasional,100.0,NBO-0384,-1.266942,36.885308,concrete_rcc,841500000.00,0.1970251351594925,0.29553770273923874,0.10002814554251158,1.0,84173684.47,True,"generated for hackathon starter kit, not a real portfolio",75758684.47,Kariobangi,950.8,True
occasional,100.0,NBO-0385,-1.20217,36.825202,informal_iron_sheet,590000.00,0.0,0.0,0.0,1.0,0.00,True,"generated for hackathon starter kit, not a real portfolio",0.00,Westlands,6576.3,False
occasional,100.0,NBO-0386,-1.290194,36.745156,permanent_masonry,76960000.00,0.0,0.0,0.0,1.0,0.00,True,"generated for hackathon starter kit, not a real portfolio",0.00,Kawangware,1490.5,True
occasional,100.0,NBO-0387,-1.229012,36.757269,semi_permanent,2525000.00,0.0,0.0,0.0,1.0,0.00,True,"generated for hackathon starter kit, not a real portfolio",0.00,Kitisuru,1984.4,True
occasional,100.0,NBO-0388,-1.278278,36.710888,concrete_rcc,430330000.00,0.18247073888778687,0.2737061083316803,0.09263899051226103,1.0,39865336.79,True,"generated for hackathon starter kit, not a real portfolio",35562036.79,Kawangware,4530.7,False
occasional,100.0,NBO-0389,-1.270773,36.910552,semi_permanent,3325000.00,0.0,0.0,0.0,1.0,0.00,True,"generated for hackathon starter kit, not a real portfolio",0.00,Komarock,376.5,True
occasional,100.0,NBO-0390,-1.19186,36.849251,semi_permanent,5340000.00,0.0,0.0,0.0,1.0,0.00,True,"generated for hackathon starter kit, not a real portfolio",0.00,Mathare,7794.8,False
occasional,100.0,NBO-0391,-1.303499,36.883827,permanent_masonry,78850000.00,0.0,0.0,0.0,1.0,0.00,True,"generated for hackathon starter kit, not a real portfolio",0.00,Donholm,719.7,True
occasional,100.0,NBO-0392,-1.199582,36.834712,informal_iron_sheet,730000.00,0.0,0.0,0.0,1.0,0.00,True,"generated for hackathon starter kit, not a real portfolio",0.00,Westlands,7515.6,False
occasional,100.0,NBO-0393,-1.333316,36.714996,semi_permanent,3390000.00,0.0,0.0,0.0,1.0,0.00,True,"generated for hackathon starter kit, not a real portfolio",0.00,Kawangware,7334.8,False
occasional,100.0,NBO-0394,-1.223109,36.877667,informal_iron_sheet,1385000.00,0.0,0.0,0.0,1.0,0.00,True,"generated for hackathon starter kit, not a real portfolio",0.00,Dandora,3981.6,False
occasional,100.0,NBO-0395,-1.288387,36.922284,informal_iron_sheet,925000.00,0.03782757744193077,0.056741366162896156,0.04993240222334862,1.0,46187.47,True,"generated for hackathon starter kit, not a real portfolio",36937.47,Komarock,2382.2,False
occasional,100.0,NBO-0396,-1.202279,36.766078,informal_iron_sheet,1185000.00,0.0,0.0,0.0,1.0,0.00,True,"generated for hackathon starter kit, not a real portfolio",0.00,Kitisuru,4272.1,False
occasional,100.0,NBO-0397,-1.334262,36.797507,concrete_rcc,950380000.00,0.0,0.0,0.0,1.0,0.00,True,"generated for hackathon starter kit, not a real portfolio",0.00,Lang'ata,1896.6,True
occasional,100.0,NBO-0398,-1.212112,36.947855,semi_permanent,3605000.00,0.1914607733488083,0.28719116002321243,0.16848548054695128,1.0,607390.16,True,"generated for hackathon starter kit, not a real portfolio",571340.16,Mwiki,2810.7,False
occasional,100.0,NBO-0399,-1.208904,36.854328,semi_permanent,3425000.00,0.0,0.0,0.0,1.0,0.00,True,"generated for hackathon starter kit, not a real portfolio",0.00,Mathare,5818.5,False
occasional,100.0,NBO-0400,-1.183815,36.732616,permanent_masonry,59920000.00,0.0,0.0,0.0,1.0,0.00,True,"generated for hackathon starter kit, not a real portfolio",0.00,Kitisuru,7602.4,False
occasional,100.0,NBO-0401,-1.225953,36.743443,informal_iron_sheet,885000.00,0.0,0.0,0.0,1.0,0.00,True,"generated for hackathon starter kit, not a real portfolio",0.00,Kitisuru,3461.0,False
occasional,100.0,NBO-0402,-1.317633,36.764405,permanent_masonry,86790000.00,0.0,0.0,0.0,1.0,0.00,True,"generated for hackathon starter kit, not a real portfolio",0.00,Kibera,2822.4,False
occasional,100.0,NBO-0403,-1.231914,36.931956,concrete_rcc,946115000.00,0.060175150632858276,0.09026272594928741,0.030550461090528048,1.0,28904249.49,True,"generated for hackathon starter kit, not a real portfolio",19443099.49,Mwiki,173.4,True
occasional,100.0,NBO-0404,-1.297077,36.90215,semi_permanent,4480000.00,0.34107524156570435,0.5116128623485565,0.2782881546020508,1.0,1246730.93,True,"generated for hackathon starter kit, not a real portfolio",1201930.93,Tassia,1176.8,True
occasional,100.0,NBO-0405,-1.182548,36.704197,permanent_masonry,86580000.00,0.0,0.0,0.0,1.0,0.00,True,"generated for hackathon starter kit, not a real portfolio",0.00,Kitisuru,9826.2,False
occasional,100.0,NBO-0406,-1.210983,36.840534,semi_permanent,3390000.00,0.0,0.0,0.0,1.0,0.00,True,"generated for hackathon starter kit, not a real portfolio",0.00,Mathare,6284.0,False
occasional,100.0,NBO-0407,-1.253995,36.750024,semi_permanent,3505000.00,0.0,0.0,0.0,1.0,0.00,True,"generated for hackathon starter kit, not a real portfolio",0.00,Kangemi,1578.4,True
occasional,100.0,NBO-0408,-1.334527,36.762454,semi_permanent,3650000.00,0.0,0.0,0.0,1.0,0.00,True,"generated for hackathon starter kit, not a real portfolio",0.00,Lang'ata,3515.4,False
occasional,100.0,NBO-0409,-1.286737,36.831791,semi_permanent,4740000.00,0.0,0.0,0.0,1.0,0.00,True,"generated for hackathon starter kit, not a real portfolio",0.00,Nairobi West,2626.7,False
occasional,100.0,NBO-0410,-1.247716,36.748189,permanent_masonry,67745000.00,0.0,0.0,0.0,1.0,0.00,True,"generated for hackathon starter kit, not a real portfolio",0.00,Kangemi,2302.0,False
occasional,100.0,NBO-0411,-1.189573,36.871599,permanent_masonry,51210000.00,0.0,0.0,0.0,1.0,0.00,True,"generated for hackathon starter kit, not a real portfolio",0.00,Dandora,7249.4,False
occasional,100.0,NBO-0412,-1.323981,36.709497,permanent_masonry,64635000.00,0.0,0.0,0.0,1.0,0.00,True,"generated for hackathon starter kit, not a real portfolio",0.00,Kawangware,6897.0,False
occasional,100.0,NBO-0413,-1.29912,36.707958,semi_permanent,6125000.00,0.0,0.0,0.0,1.0,0.00,True,"generated for hackathon starter kit, not a real portfolio",0.00,Kawangware,5372.1,False
occasional,100.0,NBO-0414,-1.222829,36.772325,concrete_rcc,268000000.00,0.0,0.0,0.0,1.0,0.00,True,"generated for hackathon starter kit, not a real portfolio",0.00,Kitisuru,1956.7,True
occasional,100.0,NBO-0415,-1.182905,36.723088,informal_iron_sheet,635000.00,0.0,0.0,0.0,1.0,0.00,True,"generated for hackathon starter kit, not a real portfolio",0.00,Kitisuru,8321.5,False
occasional,100.0,NBO-0416,-1.181257,36.913667,concrete_rcc,1356500000.00,0.11251429468393326,0.1687714420258999,0.057122641916458425,1.0,77486863.76,True,"generated for hackathon starter kit, not a real portfolio",63921863.76,Mwiki,6127.1,False
occasional,100.0,NBO-0417,-1.302171,36.892264,permanent_masonry,50905000.00,0.0,0.0,0.0,1.0,0.00,True,"generated for hackathon starter kit, not a real portfolio",0.00,Donholm,515.0,True
occasional,100.0,NBO-0418,-1.225647,36.840018,permanent_masonry,69265000.00,0.0,0.0,0.0,1.0,0.00,True,"generated for hackathon starter kit, not a real portfolio",0.00,Mathare,5034.2,False
occasional,100.0,NBO-0419,-1.322424,36.883627,concrete_rcc,452325000.00,0.0,0.0,0.0,1.0,0.00,True,"generated for hackathon starter kit, not a real portfolio",0.00,Fedha,1815.5,True
occasional,100.0,NBO-0420,-1.339096,36.702452,informal_iron_sheet,1360000.00,0.0,0.0,0.0,1.0,0.00,True,"generated for hackathon starter kit, not a real portfolio",0.00,Kawangware,8680.9,False
occasional,100.0,NBO-0421,-1.245747,36.759842,concrete_rcc,391420000.00,0.26187238097190857,0.39280857145786285,0.13295059341650742,1.0,52039521.28,True,"generated for hackathon starter kit, not a real portfolio",48125321.28,Kitisuru,1379.6,True
occasional,100.0,NBO-0422,-1.281913,36.829603,semi_permanent,5305000.00,0.02346699871122837,0.035200498066842556,0.020650958865880965,1.0,109553.34,True,"generated for hackathon starter kit, not a real portfolio",56503.34,Chiromo,2860.2,False
occasional,100.0,NBO-0423,-1.249578,36.901111,concrete_rcc,633555000.00,0.03812636062502861,0.057189540937542915,0.01935646000962991,1.0,12263382.02,True,"generated for hackathon starter kit, not a real portfolio",5927832.02,Dandora,758.1,True
occasional,100.0,NBO-0424,-1.290479,36.84768,informal_iron_sheet,900000.00,0.0,0.0,0.0,1.0,0.00,True,"generated for hackathon starter kit, not a real portfolio",0.00,Kiambiu,1972.3,True
occasional,100.0,NBO-0425,-1.348616,36.782807,permanent_masonry,81015000.00,0.0,0.0,0.0,1.0,0.00,True,"generated for hackathon starter kit, not a real portfolio",0.00,Lang'ata,3392.9,False
occasional,100.0,NBO-0426,-1.315744,36.762556,concrete_rcc,296295000.00,0.0,0.0,0.0,1.0,0.00,True,"generated for hackathon starter kit, not a real portfolio",0.00,Kibera,2980.3,False
occasional,100.0,NBO-0427,-1.344614,36.914871,informal_iron_sheet,1150000.00,0.0,0.0,0.0,1.0,0.00,True,"generated for hackathon starter kit, not a real portfolio",0.00,Fedha,3697.6,False
occasional,100.0,NBO-0428,-1.211801,36.839118,informal_iron_sheet,1070000.00,0.0,0.0,0.0,1.0,0.00,True,"generated for hackathon starter kit, not a real portfolio",0.00,Mathare,6295.9,False
occasional,100.0,NBO-0429,-1.335739,36.913418,permanent_masonry,50595000.00,0.0,0.0,0.0,1.0,0.00,True,"generated for hackathon starter kit, not a real portfolio",0.00,Fedha,2780.7,False
occasional,100.0,NBO-0430,-1.323625,36.725838,permanent_masonry,45600000.00,0.0,0.0,0.0,1.0,0.00,True,"generated for hackathon starter kit, not a real portfolio",0.00,Kawangware,5783.4,False
occasional,100.0,NBO-0431,-1.339077,36.900695,informal_iron_sheet,560000.00,0.1770460605621338,0.2655690908432007,0.22996421813964843,1.0,128779.96,True,"generated for hackathon starter kit, not a real portfolio",123179.96,Fedha,2614.3,False
occasional,100.0,NBO-0432,-1.211213,36.717387,permanent_masonry,45590000.00,0.0,0.0,0.0,1.0,0.00,True,"generated for hackathon starter kit, not a real portfolio",0.00,Kitisuru,6788.3,False
occasional,100.0,NBO-0433,-1.247364,36.787692,semi_permanent,4320000.00,0.0,0.0,0.0,1.0,0.00,True,"generated for hackathon starter kit, not a real portfolio",0.00,Westlands,202.3,True
occasional,100.0,NBO-0434,-1.317629,36.800261,informal_iron_sheet,910000.00,0.10333346575498581,0.15500019863247871,0.13640017479658126,1.0,124124.16,True,"generated for hackathon starter kit, not a real portfolio",115024.16,Lang'ata,1152.8,True
occasional,100.0,NBO-0435,-1.314949,36.71617,semi_permanent,5220000.00,0.0,0.0,0.0,1.0,0.00,True,"generated for hackathon starter kit, not a real portfolio",0.00,Kawangware,5657.8,False
occasional,100.0,NBO-0436,-1.316654,36.932326,permanent_masonry,37945000.00,0.0,0.0,0.0,1.0,0.00,True,"generated for hackathon starter kit, not a real portfolio",0.00,Fedha,3762.4,False
occasional,100.0,NBO-0437,-1.323597,36.803865,informal_iron_sheet,600000.00,0.0,0.0,0.0,1.0,0.00,True,"generated for hackathon starter kit, not a real portfolio",0.00,Lang'ata,1627.9,True
occasional,100.0,NBO-0438,-1.276598,36.716169,semi_permanent,6225000.00,0.0,0.0,0.0,1.0,0.00,True,"generated for hackathon starter kit, not a real portfolio",0.00,Kawangware,3949.0,False
occasional,100.0,NBO-0439,-1.192567,36.872725,semi_permanent,5215000.00,0.0,0.0,0.0,1.0,0.00,True,"generated for hackathon starter kit, not a real portfolio",0.00,Dandora,6901.0,False
occasional,100.0,NBO-0440,-1.18851,36.783672,semi_permanent,3105000.00,0.0,0.0,0.0,1.0,0.00,True,"generated for hackathon starter kit, not a real portfolio",0.00,Kitisuru,5936.3,False
occasional,100.0,NBO-0441,-1.185484,36.849843,informal_iron_sheet,740000.00,0.0,0.0,0.0,1.0,0.00,True,"generated for hackathon starter kit, not a real portfolio",0.00,Mathare,8452.0,False
occasional,100.0,NBO-0442,-1.33239,36.866631,informal_iron_sheet,1470000.00,0.0,0.0,0.0,1.0,0.00,True,"generated for hackathon starter kit, not a real portfolio",0.00,Fedha,4000.5,False
occasional,100.0,NBO-0443,-1.218721,36.942704,informal_iron_sheet,1445000.00,0.27238333225250244,0.40857499837875366,0.3214879989624023,1.0,464550.16,True,"generated for hackathon starter kit, not a real portfolio",450100.16,Mwiki,1880.5,True
occasional,100.0,NBO-0444,-1.290744,36.843866,concrete_rcc,590960000.00,0.03388744592666626,0.05083116888999939,0.017204395624307485,1.0,10167109.64,True,"generated for hackathon starter kit, not a real portfolio",4257509.64,Kiambiu,2367.9,False
occasional,100.0,NBO-0445,-1.259144,36.860661,permanent_masonry,47880000.00,0.10626356303691864,0.15939534455537796,0.0701339516043663,1.0,3358013.60,True,"generated for hackathon starter kit, not a real portfolio",2879213.60,Mathare,1181.6,True
occasional,100.0,NBO-0446,-1.29806,36.939987,informal_iron_sheet,1330000.00,0.07999102026224136,0.11998653039336205,0.1055881467461586,1.0,140432.24,True,"generated for hackathon starter kit, not a real portfolio",127132.24,Kayole,4168.9,False
occasional,100.0,NBO-0447,-1.232566,36.780822,informal_iron_sheet,885000.00,0.0,0.0,0.0,1.0,0.00,True,"generated for hackathon starter kit, not a real portfolio",0.00,Kitisuru,1392.7,True
occasional,100.0,NBO-0448,-1.294373,36.783096,semi_permanent,3375000.00,0.0,0.0,0.0,1.0,0.00,True,"generated for hackathon starter kit, not a real portfolio",0.00,Kibera,1996.8,True
occasional,100.0,NBO-0449,-1.200878,36.877885,permanent_masonry,35640000.00,0.20946577191352844,0.31419865787029266,0.13824740946292877,1.0,4927137.67,True,"generated for hackathon starter kit, not a real portfolio",4570737.67,Dandora,5813.4,False
occasional,100.0,NBO-0450,-1.313857,36.861033,semi_permanent,7390000.00,0.15646608173847198,0.23469912260770798,0.13769015192985534,1.0,1017530.22,True,"generated for hackathon starter kit, not a real portfolio",943630.22,Donholm,3478.3,False
occasional,100.0,NBO-0451,-1.286896,36.782238,informal_iron_sheet,850000.00,0.1216665580868721,0.18249983713030815,0.16059985667467117,1.0,136509.88,True,"generated for hackathon starter kit, not a real portfolio",128009.88,Kileleshwa,1293.5,True
occasional,100.0,NBO-0452,-1.222582,36.9336,concrete_rcc,380470000.00,0.5731938481330872,0.8597907721996307,0.2716408054645245,1.0,103351177.26,True,"generated for hackathon starter kit, not a real portfolio",99546477.26,Mwiki,1132.0,True
occasional,100.0,NBO-0453,-1.329951,36.944419,informal_iron_sheet,935000.00,0.3954218924045563,0.5931328386068344,0.43587970316410063,1.0,407547.52,True,"generated for hackathon starter kit, not a real portfolio",398197.52,Fedha,5346.4,False
occasional,100.0,NBO-0454,-1.339888,36.948654,permanent_masonry,74880000.00,0.006524860393255949,0.009787290589883924,0.004306407859548927,1.0,322463.82,True,"generated for hackathon starter kit, not a real portfolio",0.00,Fedha,6192.2,False
occasional,100.0,NBO-0455,-1.33227,36.874249,concrete_rcc,381775000.00,0.0,0.0,0.0,1.0,0.00,True,"generated for hackathon starter kit, not a real portfolio",0.00,Fedha,3266.8,False
occasional,100.0,NBO-0456,-1.232817,36.907698,permanent_masonry,73600000.00,0.18569521605968475,0.27854282408952713,0.12255884259939194,1.0,9020330.82,True,"generated for hackathon starter kit, not a real portfolio",8284330.82,Dandora,1356.5,True
occasional,100.0,NBO-0457,-1.186498,36.925161,permanent_masonry,28450000.00,0.04289160296320915,0.06433740444481373,0.02830845795571804,1.0,805375.63,True,"generated for hackathon starter kit, not a real portfolio",520875.63,Mwiki,5222.2,False
occasional,100.0,NBO-0458,-1.271154,36.849901,semi_permanent,4480000.00,0.0,0.0,0.0,1.0,0.00,True,"generated for hackathon starter kit, not a real portfolio",0.00,Kiambiu,1945.4,True
occasional,100.0,NBO-0459,-1.276579,36.926282,semi_permanent,4475000.00,0.10295208543539047,0.1544281281530857,0.09059783518314361,1.0,405425.31,True,"generated for hackathon starter kit, not a real portfolio",360675.31,Kayole,1336.7,True
occasional,100.0,NBO-0460,-1.33452,36.837781,semi_permanent,3150000.00,0.0,0.0,0.0,1.0,0.00,True,"generated for hackathon starter kit, not a real portfolio",0.00,Nairobi West,3302.4,False
occasional,100.0,NBO-0461,-1.332897,36.781192,informal_iron_sheet,1080000.00,0.0,0.0,0.0,1.0,0.00,True,"generated for hackathon starter kit, not a real portfolio",0.00,Lang'ata,1832.0,True
occasional,100.0,NBO-0462,-1.315129,36.829882,informal_iron_sheet,910000.00,0.0,0.0,0.0,1.0,0.00,True,"generated for hackathon starter kit, not a real portfolio",0.00,Nairobi West,1039.0,True
occasional,100.0,NBO-0463,-1.263233,36.740277,permanent_masonry,64740000.00,0.0,0.0,0.0,1.0,0.00,True,"generated for hackathon starter kit, not a real portfolio",0.00,Kangemi,1437.8,True
occasional,100.0,NBO-0464,-1.29875,36.943049,informal_iron_sheet,610000.00,0.0,0.0,0.0,1.0,0.00,True,"generated for hackathon starter kit, not a real portfolio",0.00,Kayole,4426.8,False
occasional,100.0,NBO-0465,-1.291747,36.740285,semi_permanent,3200000.00,0.0,0.0,0.0,1.0,0.00,True,"generated for hackathon starter kit, not a real portfolio",0.00,Kawangware,1943.2,True
occasional,100.0,NBO-0466,-1.248392,36.783232,concrete_rcc,526250000.00,0.29082855582237244,0.43624283373355865,0.14765142064828138,1.0,77701560.12,True,"generated for hackathon starter kit, not a real portfolio",72439060.12,Westlands,378.0,True
occasional,100.0,NBO-0467,-1.198678,36.731266,concrete_rcc,1592010000.00,0.0,0.0,0.0,1.0,0.00,True,"generated for hackathon starter kit, not a real portfolio",0.00,Kitisuru,6406.4,False
occasional,100.0,NBO-0468,-1.333948,36.907328,concrete_rcc,914905000.00,0.20109233260154724,0.30163849890232086,0.1020930303977086,1.0,93405423.98,True,"generated for hackathon starter kit, not a real portfolio",84256373.98,Fedha,2257.2,False
occasional,100.0,NBO-0469,-1.32826,36.885924,semi_permanent,8010000.00,0.0,0.0,0.0,1.0,0.00,True,"generated for hackathon starter kit, not a real portfolio",0.00,Fedha,1978.1,True
occasional,100.0,NBO-0470,-1.317417,36.911355,semi_permanent,3905000.00,0.0,0.0,0.0,1.0,0.00,True,"generated for hackathon starter kit, not a real portfolio",0.00,Fedha,1442.7,True
occasional,100.0,NBO-0471,-1.210378,36.930778,semi_permanent,4990000.00,0.06328420341014862,0.09492630511522293,0.05569009900093078,1.0,277893.59,True,"generated for hackathon starter kit, not a real portfolio",227993.59,Mwiki,2503.8,False
occasional,100.0,NBO-0472,-1.280935,36.89564,semi_permanent,5280000.00,0.0,0.0,0.0,1.0,0.00,True,"generated for hackathon starter kit, not a real portfolio",0.00,Komarock,1629.7,True
occasional,100.0,NBO-0473,-1.204539,36.850227,semi_permanent,5015000.00,0.002807629993185401,0.0042114449897781014,0.0024707143940031527,1.0,12390.63,True,"generated for hackathon starter kit, not a real portfolio",0.00,Mathare,6431.1,False
occasional,100.0,NBO-0474,-1.265397,36.874234,informal_iron_sheet,1190000.00,0.03707599639892578,0.05561399459838867,0.04894031524658203,1.0,58238.98,True,"generated for hackathon starter kit, not a real portfolio",46338.98,Mathare,843.6,True
occasional,100.0,NBO-0475,-1.321852,36.912497,informal_iron_sheet,580000.00,0.0,0.0,0.0,1.0,0.00,True,"generated for hackathon starter kit, not a real portfolio",0.00,Fedha,1701.6,True
occasional,100.0,NBO-0476,-1.239714,36.739798,informal_iron_sheet,560000.00,0.0,0.0,0.0,1.0,0.00,True,"generated for hackathon starter kit, not a real portfolio",0.00,Kangemi,3439.2,False
occasional,100.0,NBO-0477,-1.319008,36.757525,permanent_masonry,45370000.00,0.0,0.0,0.0,1.0,0.00,True,"generated for hackathon starter kit, not a real portfolio",0.00,Kibera,3601.5,False
occasional,100.0,NBO-0478,-1.2108,36.844853,permanent_masonry,101200000.00,0.0,0.0,0.0,1.0,0.00,True,"generated for hackathon starter kit, not a real portfolio",0.00,Mathare,6054.2,False
occasional,100.0,NBO-0479,-1.319025,36.818722,informal_iron_sheet,790000.00,0.0,0.0,0.0,1.0,0.00,True,"generated for hackathon starter kit, not a real portfolio",0.00,Nairobi West,1246.7,True
occasional,100.0,NBO-0480,-1.313874,36.93348,semi_permanent,5855000.00,0.0,0.0,0.0,1.0,0.00,True,"generated for hackathon starter kit, not a real portfolio",0.00,Fedha,3894.2,False
occasional,100.0,NBO-0481,-1.206344,36.782704,informal_iron_sheet,1170000.00,0.0,0.0,0.0,1.0,0.00,True,"generated for hackathon starter kit, not a real portfolio",0.00,Kitisuru,4000.8,False
occasional,100.0,NBO-0482,-1.211464,36.717203,permanent_masonry,35925000.00,0.0,0.0,0.0,1.0,0.00,True,"generated for hackathon starter kit, not a real portfolio",0.00,Kitisuru,6793.0,False
occasional,100.0,NBO-0483,-1.24542,36.771289,semi_permanent,5375000.00,0.0,0.0,0.0,1.0,0.00,True,"generated for hackathon starter kit, not a real portfolio",0.00,Kitisuru,561.3,True
occasional,100.0,NBO-0484,-1.271068,36.744576,concrete_rcc,641870000.00,0.0,0.0,0.0,1.0,0.00,True,"generated for hackathon starter kit, not a real portfolio",0.00,Kangemi,923.3,True
occasional,100.0,NBO-0485,-1.233919,36.806192,informal_iron_sheet,715000.00,0.0,0.0,0.0,1.0,0.00,True,"generated for hackathon starter kit, not a real portfolio",0.00,Westlands,2639.5,False
occasional,100.0,NBO-0486,-1.309357,36.726474,informal_iron_sheet,945000.00,0.0713978111743927,0.10709671676158905,0.09424511075019837,1.0,89061.63,True,"generated for hackathon starter kit, not a real portfolio",79611.63,Kawangware,4430.5,False
occasional,100.0,NBO-0487,-1.344056,36.855521,permanent_masonry,116700000.00,0.18936628103256226,0.2840494215488434,0.12498174548149109,1.0,14585369.70,True,"generated for hackathon starter kit, not a real portfolio",13418369.70,Nairobi West,5333.4,False
occasional,100.0,NBO-0488,-1.289708,36.796945,semi_permanent,5085000.00,0.0,0.0,0.0,1.0,0.00,True,"generated for hackathon starter kit, not a real portfolio",0.00,Kileleshwa,1758.4,True
occasional,100.0,NBO-0489,-1.244082,36.757179,permanent_masonry,33945000.00,0.0,0.0,0.0,1.0,0.00,True,"generated for hackathon starter kit, not a real portfolio",0.00,Kitisuru,1593.9,True
occasional,100.0,NBO-0490,-1.317731,36.92187,permanent_masonry,72865000.00,0.0,0.0,0.0,1.0,0.00,True,"generated for hackathon starter kit, not a real portfolio",0.00,Fedha,2608.6,False
occasional,100.0,NBO-0491,-1.22655,36.947095,permanent_masonry,43385000.00,0.6510181427001953,0.976527214050293,0.3724887084960937,1.0,16160422.62,True,"generated for hackathon starter kit, not a real portfolio",15726572.62,Mwiki,1685.0,True
occasional,100.0,NBO-0492,-1.20285,36.871324,permanent_masonry,36180000.00,0.6558092832565308,0.9837139248847961,0.37478845596313476,1.0,13559846.34,True,"generated for hackathon starter kit, not a real portfolio",13198046.34,Dandora,6066.3,False
occasional,100.0,NBO-0493,-1.28459,36.726722,concrete_rcc,935855000.00,0.0,0.0,0.0,1.0,0.00,True,"generated for hackathon starter kit, not a real portfolio",0.00,Kawangware,2852.9,False
occasional,100.0,NBO-0494,-1.291975,36.831562,informal_iron_sheet,2070000.00,0.0,0.0,0.0,1.0,0.00,True,"generated for hackathon starter kit, not a real portfolio",0.00,Nairobi West,2084.5,False
occasional,100.0,NBO-0495,-1.328919,36.874954,semi_permanent,6580000.00,0.0,0.0,0.0,1.0,0.00,True,"generated for hackathon starter kit, not a real portfolio",0.00,Fedha,3003.2,False
occasional,100.0,NBO-0496,-1.212958,36.816976,informal_iron_sheet,1650000.00,0.0,0.0,0.0,1.0,0.00,True,"generated for hackathon starter kit, not a real portfolio",0.00,Westlands,5072.9,False
occasional,100.0,NBO-0497,-1.285034,36.742151,informal_iron_sheet,855000.00,0.0,0.0,0.0,1.0,0.00,True,"generated for hackathon starter kit, not a real portfolio",0.00,Kawangware,1283.5,True
occasional,100.0,NBO-0498,-1.185994,36.786739,informal_iron_sheet,935000.00,0.0,0.0,0.0,1.0,0.00,True,"generated for hackathon starter kit, not a real portfolio",0.00,Kitisuru,6294.4,False
occasional,100.0,NBO-0499,-1.269108,36.923782,informal_iron_sheet,1175000.00,0.24647198617458344,0.36970797926187515,0.2966131067276001,1.0,348520.40,True,"generated for hackathon starter kit, not a real portfolio",336770.40,Kayole,557.0,True
occasional,100.0,NBO-0500,-1.25312,36.710253,informal_iron_sheet,1275000.00,0.0,0.0,0.0,1.0,0.00,True,"generated for hackathon starter kit, not a real portfolio",0.00,Kangemi,4958.4,False
occasional,100.0,NBO-0501,-1.295026,36.712918,concrete_rcc,476605000.00,0.0,0.0,0.0,1.0,0.00,True,"generated for hackathon starter kit, not a real portfolio",0.00,Kawangware,4682.4,False
occasional,100.0,NBO-0502,-1.261483,36.874398,permanent_masonry,32125000.00,0.0,0.0,0.0,1.0,0.00,True,"generated for hackathon starter kit, not a real portfolio",0.00,Mathare,487.5,True
occasional,100.0,NBO-0503,-1.225395,36.907248,semi_permanent,4345000.00,0.2528034448623657,0.3792051672935486,0.22179420471191405,1.0,963695.82,True,"generated for hackathon starter kit, not a real portfolio",920245.82,Dandora,2173.7,False
occasional,100.0,NBO-0504,-1.305311,36.854259,concrete_rcc,871025000.00,0.0,0.0,0.0,1.0,0.00,True,"generated for hackathon starter kit, not a real portfolio",0.00,Kiambiu,2756.0,False
occasional,100.0,NBO-0505,-1.244107,36.925259,permanent_masonry,37065000.00,0.18820607662200928,0.2823091149330139,0.12421601057052613,1.0,4604066.43,True,"generated for hackathon starter kit, not a real portfolio",4233416.43,Mwiki,1544.5,True
occasional,100.0,NBO-0506,-1.182312,36.828437,informal_iron_sheet,720000.00,0.0,0.0,0.0,1.0,0.00,True,"generated for hackathon starter kit, not a real portfolio",0.00,Westlands,8553.6,False
occasional,100.0,NBO-0507,-1.286124,36.862558,semi_permanent,2575000.00,0.027595965191721916,0.041393947787582874,0.024284449368715287,1.0,62532.46,True,"generated for hackathon starter kit, not a real portfolio",36782.46,Kiambiu,438.3,True
occasional,100.0,NBO-0508,-1.319233,36.80786,semi_permanent,4750000.00,0.05376891791820526,0.08065337687730789,0.04731664776802063,1.0,224754.08,True,"generated for hackathon starter kit, not a real portfolio",177254.08,Madaraka,1555.9,True
occasional,100.0,NBO-0509,-1.193795,36.897925,permanent_masonry,44085000.00,0.2974746823310852,0.4462120234966278,0.19633329033851624,1.0,8655353.10,True,"generated for hackathon starter kit, not a real portfolio",8214503.10,Dandora,5755.4,False
occasional,100.0,NBO-0510,-1.336823,36.70879,informal_iron_sheet,890000.00,0.0,0.0,0.0,1.0,0.00,True,"generated for hackathon starter kit, not a real portfolio",0.00,Kawangware,8050.2,False
occasional,100.0,NBO-0511,-1.184776,36.797872,informal_iron_sheet,720000.00,0.0,0.0,0.0,1.0,0.00,True,"generated for hackathon starter kit, not a real portfolio",0.00,Kitisuru,6865.2,False
occasional,100.0,NBO-0512,-1.188377,36.790529,informal_iron_sheet,1020000.00,0.0,0.0,0.0,1.0,0.00,True,"generated for hackathon starter kit, not a real portfolio",0.00,Kitisuru,6175.3,False
occasional,100.0,NBO-0513,-1.290784,36.727271,concrete_rcc,451570000.00,0.0,0.0,0.0,1.0,0.00,True,"generated for hackathon starter kit, not a real portfolio",0.00,Kawangware,3036.1,False
occasional,100.0,NBO-0514,-1.265043,36.819492,semi_permanent,4725000.00,0.17576946318149567,0.2636541947722435,0.1546771275997162,1.0,730849.43,True,"generated for hackathon starter kit, not a real portfolio",683599.43,Parklands,1009.6,True
occasional,100.0,NBO-0515,-1.325057,36.886173,informal_iron_sheet,625000.00,0.0,0.0,0.0,1.0,0.00,True,"generated for hackathon starter kit, not a real portfolio",0.00,Fedha,1722.2,True
occasional,100.0,NBO-0516,-1.249747,36.737112,permanent_masonry,43265000.00,0.0,0.0,0.0,1.0,0.00,True,"generated for hackathon starter kit, not a real portfolio",0.00,Kangemi,2640.5,False
occasional,100.0,NBO-0517,-1.34537,36.948643,semi_permanent,3700000.00,0.0,0.0,0.0,1.0,0.00,True,"generated for hackathon starter kit, not a real portfolio",0.00,Fedha,6479.5,False
occasional,100.0,NBO-0518,-1.207065,36.750001,permanent_masonry,58300000.00,0.0,0.0,0.0,1.0,0.00,True,"generated for hackathon starter kit, not a real portfolio",0.00,Kitisuru,4380.3,False
occasional,100.0,NBO-0519,-1.331527,36.92513,permanent_masonry,44655000.00,0.0,0.0,0.0,1.0,0.00,True,"generated for hackathon starter kit, not a real portfolio",0.00,Fedha,3446.1,False
occasional,100.0,NBO-0520,-1.193567,36.704825,informal_iron_sheet,610000.00,0.0,0.0,0.0,1.0,0.00,True,"generated for hackathon starter kit, not a real portfolio",0.00,Kitisuru,9014.7,False
occasional,100.0,NBO-0521,-1.311918,36.827583,informal_iron_sheet,1680000.00,0.11893384903669357,0.17840077355504036,0.15699268072843553,1.0,263747.70,True,"generated for hackathon starter kit, not a real portfolio",246947.70,Nairobi West,613.6,True
occasional,100.0,NBO-0522,-1.288577,36.715379,informal_iron_sheet,1080000.00,0.0,0.0,0.0,1.0,0.00,True,"generated for hackathon starter kit, not a real portfolio",0.00,Kawangware,4185.3,False
occasional,100.0,NBO-0523,-1.345307,36.773551,informal_iron_sheet,1165000.00,0.0,0.0,0.0,1.0,0.00,True,"generated for hackathon starter kit, not a real portfolio",0.00,Lang'ata,3452.4,False
occasional,100.0,NBO-0524,-1.285827,36.901408,informal_iron_sheet,655000.00,0.0,0.0,0.0,1.0,0.00,True,"generated for hackathon starter kit, not a real portfolio",0.00,Komarock,1624.8,True
occasional,100.0,NBO-0525,-1.339053,36.852392,informal_iron_sheet,1140000.00,0.0,0.0,0.0,1.0,0.00,True,"generated for hackathon starter kit, not a real portfolio",0.00,Nairobi West,4689.9,False
occasional,100.0,NBO-0526,-1.192388,36.92264,semi_permanent,6355000.00,0.13002941012382507,0.1950441151857376,0.11442588090896606,1.0,727176.47,True,"generated for hackathon starter kit, not a real portfolio",663626.47,Mwiki,4641.8,False
occasional,100.0,NBO-0527,-1.210956,36.822111,informal_iron_sheet,1120000.00,0.0,0.0,0.0,1.0,0.00,True,"generated for hackathon starter kit, not a real portfolio",0.00,Westlands,5629.7,False
occasional,100.0,NBO-0528,-1.183892,36.727219,informal_iron_sheet,1655000.00,0.0,0.0,0.0,1.0,0.00,True,"generated for hackathon starter kit, not a real portfolio",0.00,Kitisuru,7948.1,False
occasional,100.0,NBO-0529,-1.27367,36.719198,semi_permanent,3100000.00,0.0,0.0,0.0,1.0,0.00,True,"generated for hackathon starter kit, not a real portfolio",0.00,Kawangware,3646.0,False
occasional,100.0,NBO-0530,-1.243356,36.83222,informal_iron_sheet,1710000.00,0.0,0.0,0.0,1.0,0.00,True,"generated for hackathon starter kit, not a real portfolio",0.00,Parklands,3250.0,False
occasional,100.0,NBO-0531,-1.262821,36.929629,permanent_masonry,33350000.00,0.16729988157749176,0.25094982236623764,0.11041792184114456,1.0,3682437.69,True,"generated for hackathon starter kit, not a real portfolio",3348937.69,Kayole,1222.0,True
occasional,100.0,NBO-0532,-1.184216,36.946388,informal_iron_sheet,1245000.00,0.06703545898199081,0.10055318847298622,0.08848680585622788,1.0,110166.07,True,"generated for hackathon starter kit, not a real portfolio",97716.07,Mwiki,5591.2,False
occasional,100.0,NBO-0533,-1.256164,36.887888,concrete_rcc,485690000.00,0.29778048396110535,0.446670725941658,0.1511808610879458,1.0,73427032.42,True,"generated for hackathon starter kit, not a real portfolio",68570132.42,Kariobangi,739.8,True
occasional,100.0,NBO-0534,-1.214277,36.717458,concrete_rcc,1036940000.00,0.0,0.0,0.0,1.0,0.00,True,"generated for hackathon starter kit, not a real portfolio",0.00,Kitisuru,6625.2,False
occasional,100.0,NBO-0535,-1.295993,36.743629,semi_permanent,2675000.00,0.0,0.0,0.0,1.0,0.00,True,"generated for hackathon starter kit, not a real portfolio",0.00,Kawangware,2143.2,False
occasional,100.0,NBO-0536,-1.225209,36.858199,informal_iron_sheet,2490000.00,0.0,0.0,0.0,1.0,0.00,True,"generated for hackathon starter kit, not a real portfolio",0.00,Mathare,3967.8,False
occasional,100.0,NBO-0537,-1.22413,36.847103,informal_iron_sheet,1275000.00,0.0,0.0,0.0,1.0,0.00,True,"generated for hackathon starter kit, not a real portfolio",0.00,Mathare,4663.6,False
occasional,100.0,NBO-0538,-1.27839,36.927619,semi_permanent,5200000.00,0.04980992153286934,0.07471488229930401,0.043832730948925015,1.0,227930.20,True,"generated for hackathon starter kit, not a real portfolio",175930.20,Kayole,1587.0,True
occasional,100.0,NBO-0539,-1.312574,36.820574,informal_iron_sheet,490000.00,0.0,0.0,0.0,1.0,0.00,True,"generated for hackathon starter kit, not a real portfolio",0.00,Nairobi West,513.9,True
occasional,100.0,NBO-0540,-1.324529,36.76911,semi_permanent,7295000.00,0.0,0.0,0.0,1.0,0.00,True,"generated for hackathon starter kit, not a real portfolio",0.00,Lang'ata,2400.9,False
occasional,100.0,NBO-0541,-1.212603,36.730007,informal_iron_sheet,980000.00,0.0,0.0,0.0,1.0,0.00,True,"generated for hackathon starter kit, not a real portfolio",0.00,Kitisuru,5507.9,False
occasional,100.0,NBO-0542,-1.189111,36.888,permanent_masonry,22450000.00,0.12358500063419342,0.18537750095129013,0.08156610041856766,1.0,1831158.95,True,"generated for hackathon starter kit, not a real portfolio",1606658.95,Dandora,6521.8,False
occasional,100.0,NBO-0543,-1.315547,36.926666,informal_iron_sheet,925000.00,0.0004177602822892368,0.0006266404234338552,0.0005514435726217925,1.0,510.09,True,"generated for hackathon starter kit, not a real portfolio",0.00,Fedha,3131.7,False
occasional,100.0,NBO-0544,-1.257331,36.882131,permanent_masonry,76430000.00,0.0,0.0,0.0,1.0,0.00,True,"generated for hackathon starter kit, not a real portfolio",0.00,Kariobangi,197.5,True
occasional,100.0,NBO-0545,-1.242225,36.740313,permanent_masonry,39810000.00,0.0,0.0,0.0,1.0,0.00,True,"generated for hackathon starter kit, not a real portfolio",0.00,Kangemi,3161.3,False
occasional,100.0,NBO-0546,-1.330179,36.854297,informal_iron_sheet,925000.00,0.0,0.0,0.0,1.0,0.00,True,"generated for hackathon starter kit, not a real portfolio",0.00,Nairobi West,4211.0,False
occasional,100.0,NBO-0547,-1.200929,36.924815,informal_iron_sheet,1475000.00,0.4196830987930298,0.6295246481895447,0.45771478891372686,1.0,675129.31,True,"generated for hackathon starter kit, not a real portfolio",660379.31,Mwiki,3661.8,False
occasional,100.0,NBO-0548,-1.316532,36.819529,informal_iron_sheet,945000.00,0.0,0.0,0.0,1.0,0.00,True,"generated for hackathon starter kit, not a real portfolio",0.00,Nairobi West,956.8,True
occasional,100.0,NBO-0549,-1.237462,36.709771,semi_permanent,5080000.00,0.0,0.0,0.0,1.0,0.00,True,"generated for hackathon starter kit, not a real portfolio",0.00,Kangemi,5821.1,False
occasional,100.0,NBO-0550,-1.259167,36.767873,permanent_masonry,34820000.00,0.0,0.0,0.0,1.0,0.00,True,"generated for hackathon starter kit, not a real portfolio",0.00,Lavington,1899.4,True
occasional,100.0,NBO-0551,-1.229688,36.86457,permanent_masonry,42840000.00,0.0,0.0,0.0,1.0,0.00,True,"generated for hackathon starter kit, not a real portfolio",0.00,Mathare,3279.9,False
occasional,100.0,NBO-0552,-1.250584,36.731432,informal_iron_sheet,1455000.00,0.0,0.0,0.0,1.0,0.00,True,"generated for hackathon starter kit, not a real portfolio",0.00,Kangemi,3022.2,False
occasional,100.0,NBO-0553,-1.323114,36.787484,semi_permanent,3040000.00,0.0,0.0,0.0,1.0,0.00,True,"generated for hackathon starter kit, not a real portfolio",0.00,Lang'ata,538.9,True
occasional,100.0,NBO-0554,-1.340246,36.945013,semi_permanent,5180000.00,0.013775212690234184,0.020662819035351276,0.012122187167406082,1.0,62792.93,True,"generated for hackathon starter kit, not a real portfolio",10992.93,Fedha,5848.8,False
occasional,100.0,NBO-0555,-1.234729,36.732582,permanent_masonry,28945000.00,0.0,0.0,0.0,1.0,0.00,True,"generated for hackathon starter kit, not a real portfolio",0.00,Kangemi,4300.7,False
occasional,100.0,NBO-0556,-1.196393,36.809098,concrete_rcc,521240000.00,0.0,0.0,0.0,1.0,0.00,True,"generated for hackathon starter kit, not a real portfolio",0.00,Westlands,6134.2,False
occasional,100.0,NBO-0557,-1.267599,36.862228,concrete_rcc,195090000.00,0.0,0.0,0.0,1.0,0.00,True,"generated for hackathon starter kit, not a real portfolio",0.00,Mathare,1432.5,True
occasional,100.0,NBO-0558,-1.196781,36.753065,permanent_masonry,35710000.00,0.0,0.0,0.0,1.0,0.00,True,"generated for hackathon starter kit, not a real portfolio",0.00,Kitisuru,5243.1,False
occasional,100.0,NBO-0559,-1.180076,36.902401,semi_permanent,4615000.00,0.14762546122074127,0.2214381918311119,0.12991040587425232,1.0,599536.52,True,"generated for hackathon starter kit, not a real portfolio",553386.52,Mwiki,6789.0,False
occasional,100.0,NBO-0560,-1.255496,36.743072,semi_permanent,5635000.00,0.0,0.0,0.0,1.0,0.00,True,"generated for hackathon starter kit, not a real portfolio",0.00,Kangemi,1728.3,True
occasional,100.0,NBO-0561,-1.295388,36.849583,concrete_rcc,432790000.00,0.0,0.0,0.0,1.0,0.00,True,"generated for hackathon starter kit, not a real portfolio",0.00,Kiambiu,2118.6,False
occasional,100.0,NBO-0562,-1.315337,36.709384,informal_iron_sheet,520000.00,0.0,0.0,0.0,1.0,0.00,True,"generated for hackathon starter kit, not a real portfolio",0.00,Kawangware,6235.4,False
occasional,100.0,NBO-0563,-1.25133,36.949922,informal_iron_sheet,1345000.00,0.16360068321228027,0.2454010248184204,0.21595290184020996,1.0,290456.65,True,"generated for hackathon starter kit, not a real portfolio",277006.65,Mwiki,2773.6,False
occasional,100.0,NBO-0564,-1.19492,36.831777,permanent_masonry,74785000.00,0.0,0.0,0.0,1.0,0.00,True,"generated for hackathon starter kit, not a real portfolio",0.00,Westlands,7664.4,False
occasional,100.0,NBO-0565,-1.343686,36.759716,informal_iron_sheet,410000.00,0.0,0.0,0.0,1.0,0.00,True,"generated for hackathon starter kit, not a real portfolio",0.00,Lang'ata,4344.8,False
occasional,100.0,NBO-0566,-1.263318,36.733818,semi_permanent,5305000.00,0.0,0.0,0.0,1.0,0.00,True,"generated for hackathon starter kit, not a real portfolio",0.00,Kangemi,2119.4,False
occasional,100.0,NBO-0567,-1.182158,36.710157,informal_iron_sheet,2375000.00,0.0,0.0,0.0,1.0,0.00,True,"generated for hackathon starter kit, not a real portfolio",0.00,Kitisuru,9365.2,False
occasional,100.0,NBO-0568,-1.215505,36.766714,informal_iron_sheet,1325000.00,0.0,0.0,0.0,1.0,0.00,True,"generated for hackathon starter kit, not a real portfolio",0.00,Kitisuru,2807.1,False
occasional,100.0,NBO-0569,-1.227372,36.910585,permanent_masonry,51120000.00,0.37372466921806335,0.560587003827095,0.2393878412246704,1.0,12237506.44,True,"generated for hackathon starter kit, not a real portfolio",11726306.44,Dandora,2013.2,False
occasional,100.0,NBO-0570,-1.301884,36.762107,permanent_masonry,59055000.00,0.0,0.0,0.0,1.0,0.00,True,"generated for hackathon starter kit, not a real portfolio",0.00,Kawangware,2852.3,False
occasional,100.0,NBO-0571,-1.343186,36.934871,concrete_rcc,404475000.00,0.0,0.0,0.0,1.0,0.00,True,"generated for hackathon starter kit, not a real portfolio",0.00,Fedha,5070.8,False
occasional,100.0,NBO-0572,-1.218469,36.948093,concrete_rcc,831600000.00,0.1765628159046173,0.26484422385692596,0.08963958345926726,1.0,74544277.60,True,"generated for hackathon starter kit, not a real portfolio",66228277.60,Mwiki,2289.2,False
occasional,100.0,NBO-0573,-1.209108,36.843527,informal_iron_sheet,705000.00,0.0,0.0,0.0,1.0,0.00,True,"generated for hackathon starter kit, not a real portfolio",0.00,Mathare,6290.4,False
occasional,100.0,NBO-0574,-1.328134,36.729186,semi_permanent,6125000.00,0.0,0.0,0.0,1.0,0.00,True,"generated for hackathon starter kit, not a real portfolio",0.00,Kawangware,6061.2,False
occasional,100.0,NBO-0575,-1.330035,36.785141,permanent_masonry,56840000.00,0.0,0.0,0.0,1.0,0.00,True,"generated for hackathon starter kit, not a real portfolio",0.00,Lang'ata,1344.0,True
occasional,100.0,NBO-0576,-1.32098,36.87598,semi_permanent,4980000.00,0.0,0.0,0.0,1.0,0.00,True,"generated for hackathon starter kit, not a real portfolio",0.00,Fedha,2571.6,False
occasional,100.0,NBO-0577,-1.254205,36.793286,permanent_masonry,81530000.00,0.0,0.0,0.0,1.0,0.00,True,"generated for hackathon starter kit, not a real portfolio",0.00,Westlands,1171.0,True
occasional,100.0,NBO-0578,-1.255227,36.862573,concrete_rcc,219745000.00,0.0,0.0,0.0,1.0,0.00,True,"generated for hackathon starter kit, not a real portfolio",0.00,Mathare,1029.3,True
occasional,100.0,NBO-0579,-1.284944,36.872587,informal_iron_sheet,1100000.00,0.0,0.0,0.0,1.0,0.00,True,"generated for hackathon starter kit, not a real portfolio",0.00,Kiambiu,1062.4,True
occasional,100.0,NBO-0580,-1.184273,36.742328,informal_iron_sheet,1260000.00,0.0,0.0,0.0,1.0,0.00,True,"generated for hackathon starter kit, not a real portfolio",0.00,Kitisuru,7007.3,False
occasional,100.0,NBO-0581,-1.223779,36.773558,informal_iron_sheet,855000.00,0.0,0.0,0.0,1.0,0.00,True,"generated for hackathon starter kit, not a real portfolio",0.00,Kitisuru,1867.1,True
occasional,100.0,NBO-0582,-1.260893,36.864061,informal_iron_sheet,2070000.00,0.015975264832377434,0.02396289724856615,0.021087349578738212,1.0,43650.81,True,"generated for hackathon starter kit, not a real portfolio",22950.81,Mathare,847.0,True
occasional,100.0,NBO-0583,-1.318733,36.827757,informal_iron_sheet,815000.00,0.0,0.0,0.0,1.0,0.00,True,"generated for hackathon starter kit, not a real portfolio",0.00,Nairobi West,1229.8,True
occasional,100.0,NBO-0584,-1.337643,36.82649,informal_iron_sheet,1585000.00,0.0,0.0,0.0,1.0,0.00,True,"generated for hackathon starter kit, not a real portfolio",0.00,Nairobi West,3240.1,False
occasional,100.0,NBO-0585,-1.267538,36.730176,permanent_masonry,57585000.00,0.0,0.0,0.0,1.0,0.00,True,"generated for hackathon starter kit, not a real portfolio",0.00,Kangemi,2459.7,False
occasional,100.0,NBO-0586,-1.196646,36.92581,permanent_masonry,37075000.00,0.14705537259578705,0.22058305889368057,0.09705654591321945,1.0,3598371.44,True,"generated for hackathon starter kit, not a real portfolio",3227621.44,Mwiki,4100.1,False
occasional,100.0,NBO-0587,-1.230529,36.707301,semi_permanent,3810000.00,0.0,0.0,0.0,1.0,0.00,True,"generated for hackathon starter kit, not a real portfolio",0.00,Kangemi,6510.6,False
occasional,100.0,NBO-0588,-1.194468,36.887787,permanent_masonry,92395000.00,0.3363563120365143,0.5045344680547714,0.22145102977752687,1.0,20460967.90,True,"generated for hackathon starter kit, not a real portfolio",19537017.90,Dandora,5966.0,False
occasional,100.0,NBO-0589,-1.303936,36.77295,concrete_rcc,767380000.00,0.0,0.0,0.0,1.0,0.00,True,"generated for hackathon starter kit, not a real portfolio",0.00,Kibera,1964.7,True
occasional,100.0,NBO-0590,-1.284527,36.892554,permanent_masonry,50695000.00,0.0,0.0,0.0,1.0,0.00,True,"generated for hackathon starter kit, not a real portfolio",0.00,Donholm,1689.9,True
occasional,100.0,NBO-0591,-1.268694,36.778328,semi_permanent,5395000.00,0.0,0.0,0.0,1.0,0.00,True,"generated for hackathon starter kit, not a real portfolio",0.00,Lavington,641.6,True
occasional,100.0,NBO-0592,-1.311754,36.901046,permanent_masonry,62610000.00,0.0,0.0,0.0,1.0,0.00,True,"generated for hackathon starter kit, not a real portfolio",0.00,Fedha,519.6,True
occasional,100.0,NBO-0593,-1.243736,36.854758,semi_permanent,2520000.00,0.0,0.0,0.0,1.0,0.00,True,"generated for hackathon starter kit, not a real portfolio",0.00,Mathare,2456.0,False
occasional,100.0,NBO-0594,-1.325088,36.940654,informal_iron_sheet,1090000.00,0.052116431295871735,0.0781746469438076,0.06879368931055069,1.0,74985.12,True,"generated for hackathon starter kit, not a real portfolio",64085.12,Fedha,4802.2,False
occasional,100.0,NBO-0595,-1.259297,36.878847,permanent_masonry,40365000.00,0.0857672467827797,0.12865087017416954,0.056606382876634595,1.0,2284916.64,True,"generated for hackathon starter kit, not a real portfolio",1881266.64,Kariobangi,341.6,True
occasional,100.0,NBO-0596,-1.268638,36.924316,informal_iron_sheet,640000.00,0.3360782563686371,0.5041173845529556,0.3824704307317734,1.0,244781.08,True,"generated for hackathon starter kit, not a real portfolio",238381.08,Kayole,589.5,True
occasional,100.0,NBO-0597,-1.296252,36.788082,informal_iron_sheet,780000.00,0.0,0.0,0.0,1.0,0.00,True,"generated for hackathon starter kit, not a real portfolio",0.00,Kibera,1680.1,True
occasional,100.0,NBO-0598,-1.340629,36.87552,semi_permanent,6200000.00,0.0,0.0,0.0,1.0,0.00,True,"generated for hackathon starter kit, not a real portfolio",0.00,Fedha,3771.7,False
occasional,100.0,NBO-0599,-1.298736,36.871765,concrete_rcc,704215000.00,0.0,0.0,0.0,1.0,0.00,True,"generated for hackathon starter kit, not a real portfolio",0.00,Donholm,1882.1,True
common,250.0,NBO-0000,-1.314897,36.935883,semi_permanent,5170000.00,0.023285796865820885,0.03492869529873133,0.02049150124192238,1.0,105941.06,True,"generated for hackathon starter kit, not a real portfolio",54241.06,Fedha,4157.1,False
common,250.0,NBO-0001,-1.219963,36.789855,informal_iron_sheet,625000.00,0.0,0.0,0.0,1.0,0.00,True,"generated for hackathon starter kit, not a real portfolio",0.00,Westlands,2983.6,False
common,250.0,NBO-0002,-1.257597,36.896201,semi_permanent,3300000.00,0.4584057033061981,0.6876085549592972,0.35337965011596684,1.0,1166152.85,True,"generated for hackathon starter kit, not a real portfolio",1133152.85,Kariobangi,1597.0,True
common,250.0,NBO-0003,-1.194103,36.84782,semi_permanent,7945000.00,0.11396338045597076,0.17094507068395615,0.10028777480125427,1.0,796786.37,True,"generated for hackathon starter kit, not a real portfolio",717336.37,Mathare,7611.4,False
common,250.0,NBO-0004,-1.263191,36.773582,semi_permanent,12400000.00,0.14062060415744781,0.21093090623617172,0.12374613165855408,1.0,1534452.03,True,"generated for hackathon starter kit, not a real portfolio",1410452.03,Lavington,1244.7,True
common,250.0,NBO-0005,-1.202301,36.930681,informal_iron_sheet,1570000.00,0.6697713136672974,1.004656970500946,0.6416765093803406,1.0,1007432.12,True,"generated for hackathon starter kit, not a real portfolio",991732.12,Mwiki,3398.8,False
common,250.0,NBO-0006,-1.297331,36.917333,informal_iron_sheet,625000.00,0.1324349194765091,0.19865237921476364,0.174814093708992,1.0,109258.81,True,"generated for hackathon starter kit, not a real portfolio",103008.81,Tassia,2345.8,False
common,250.0,NBO-0007,-1.29008,36.791035,informal_iron_sheet,660000.00,0.0,0.0,0.0,1.0,0.00,True,"generated for hackathon starter kit, not a real portfolio",0.00,Kileleshwa,1524.4,True
common,250.0,NBO-0008,-1.255438,36.943294,semi_permanent,4620000.00,0.22592665255069733,0.338889978826046,0.19881545424461364,1.0,918527.40,True,"generated for hackathon starter kit, not a real portfolio",872327.40,Mwiki,2757.3,False
common,250.0,NBO-0009,-1.337945,36.756131,permanent_masonry,42965000.00,0.0,0.0,0.0,1.0,0.00,True,"generated for hackathon starter kit, not a real portfolio",0.00,Lang'ata,4314.4,False
common,250.0,NBO-0010,-1.275674,36.901374,semi_permanent,3960000.00,0.0,0.0,0.0,1.0,0.00,True,"generated for hackathon starter kit, not a real portfolio",0.00,Komarock,783.0,True
common,250.0,NBO-0011,-1.198387,36.870224,informal_iron_sheet,1405000.00,0.007974538952112198,0.011961808428168297,0.010526391416788102,1.0,14789.58,True,"generated for hackathon starter kit, not a real portfolio",739.58,Dandora,6530.6,False
common,250.0,NBO-0012,-1.238124,36.817765,permanent_masonry,35135000.00,0.11455848067998886,0.1718377210199833,0.07560859724879265,1.0,2656508.06,True,"generated for hackathon starter kit, not a real portfolio",2305158.06,Parklands,2884.2,False
common,250.0,NBO-0013,-1.191036,36.707701,informal_iron_sheet,520000.00,0.0,0.0,0.0,1.0,0.00,True,"generated for hackathon starter kit, not a real portfolio",0.00,Kitisuru,8925.8,False
common,250.0,NBO-0014,-1.193437,36.9237,semi_permanent,5425000.00,0.31537309288978577,0.47305963933467865,0.2618387794494629,1.0,1420475.38,True,"generated for hackathon starter kit, not a real portfolio",1366225.38,Mwiki,4499.7,False
common,250.0,NBO-0015,-1.332391,36.843408,permanent_masonry,35180000.00,0.0,0.0,0.0,1.0,0.00,True,"generated for hackathon starter kit, not a real portfolio",0.00,Nairobi West,3469.3,False
common,250.0,NBO-0016,-1.306308,36.797577,semi_permanent,5030000.00,0.0,0.0,0.0,1.0,0.00,True,"generated for hackathon starter kit, not a real portfolio",0.00,Kibera,1105.1,True
common,250.0,NBO-0017,-1.224443,36.78867,semi_permanent,5185000.00,0.0,0.0,0.0,1.0,0.00,True,"generated for hackathon starter kit, not a real portfolio",0.00,Westlands,2472.6,False
common,250.0,NBO-0018,-1.274224,36.862993,informal_iron_sheet,715000.00,0.004698260221630335,0.007047390332445502,0.006201703492552042,1.0,4434.22,True,"generated for hackathon starter kit, not a real portfolio",0.00,Kiambiu,896.5,True
common,250.0,NBO-0019,-1.215378,36.786757,semi_permanent,2160000.00,0.0,0.0,0.0,1.0,0.00,True,"generated for hackathon starter kit, not a real portfolio",0.00,Kitisuru,3284.0,False
common,250.0,NBO-0020,-1.268428,36.826895,concrete_rcc,579255000.00,0.04100504890084267,0.061507573351264,0.020817947903504736,1.0,12058900.41,True,"generated for hackathon starter kit, not a real portfolio",6266350.41,Parklands,1904.2,True
common,250.0,NBO-0021,-1.31688,36.792734,semi_permanent,4265000.00,0.019224705174565315,0.028837057761847973,0.01691774055361748,1.0,72154.16,True,"generated for hackathon starter kit, not a real portfolio",29504.16,Lang'ata,383.8,True
common,250.0,NBO-0022,-1.30153,36.713801,permanent_masonry,48815000.00,0.0,0.0,0.0,1.0,0.00,True,"generated for hackathon starter kit, not a real portfolio",0.00,Kawangware,4927.1,False
common,250.0,NBO-0023,-1.255021,36.762602,informal_iron_sheet,885000.00,0.0,0.0,0.0,1.0,0.00,True,"generated for hackathon starter kit, not a real portfolio",0.00,Kangemi,1843.3,True
common,250.0,NBO-0024,-1.198924,36.910241,concrete_rcc,229970000.00,0.3686547875404358,0.5529821813106537,0.18716319982822124,1.0,43041921.06,True,"generated for hackathon starter kit, not a real portfolio",40742221.06,Mwiki,4550.4,False
common,250.0,NBO-0025,-1.346206,36.904539,semi_permanent,3935000.00,0.0,0.0,0.0,1.0,0.00,True,"generated for hackathon starter kit, not a real portfolio",0.00,Fedha,3461.3,False
common,250.0,NBO-0026,-1.263277,36.866831,permanent_masonry,44030000.00,0.0,0.0,0.0,1.0,0.00,True,"generated for hackathon starter kit, not a real portfolio",0.00,Mathare,731.6,True
common,250.0,NBO-0027,-1.255159,36.817647,concrete_rcc,239875000.00,0.0,0.0,0.0,1.0,0.00,True,"generated for hackathon starter kit, not a real portfolio",0.00,Parklands,1175.1,True
common,250.0,NBO-0028,-1.194738,36.942461,semi_permanent,3275000.00,0.29136693477630615,0.43705040216445923,0.24647483825683594,1.0,807205.10,True,"generated for hackathon starter kit, not a real portfolio",774455.10,Mwiki,4349.3,False
common,250.0,NBO-0029,-1.341011,36.910065,concrete_rcc,398200000.00,0.09056992828845978,0.13585489243268967,0.04598165590029497,1.0,18309895.38,True,"generated for hackathon starter kit, not a real portfolio",14327895.38,Fedha,3097.5,False
common,250.0,NBO-0030,-1.281853,36.761267,informal_iron_sheet,755000.00,0.0,0.0,0.0,1.0,0.00,True,"generated for hackathon starter kit, not a real portfolio",0.00,Kawangware,1134.3,True
common,250.0,NBO-0031,-1.229115,36.841887,permanent_masonry,23060000.00,0.1423778533935547,0.21356678009033203,0.09396938323974609,1.0,2166933.98,True,"generated for hackathon starter kit, not a real portfolio",1936333.98,Mathare,4613.2,False
common,250.0,NBO-0032,-1.315429,36.938988,informal_iron_sheet,670000.00,0.03521008417010307,0.05281512625515461,0.046477311104536054,1.0,31139.80,True,"generated for hackathon starter kit, not a real portfolio",24439.80,Fedha,4501.5,False
common,250.0,NBO-0033,-1.237085,36.896404,informal_iron_sheet,1165000.00,0.5524764060974121,0.8287146091461182,0.564634428024292,1.0,657799.11,True,"generated for hackathon starter kit, not a real portfolio",646149.11,Dandora,1383.4,True
common,250.0,NBO-0034,-1.306502,36.792338,semi_permanent,5695000.00,0.12514628469944,0.18771942704916,0.1101287305355072,1.0,627183.12,True,"generated for hackathon starter kit, not a real portfolio",570233.12,Kibera,652.9,True
common,250.0,NBO-0035,-1.259929,36.817481,semi_permanent,3940000.00,0.0,0.0,0.0,1.0,0.00,True,"generated for hackathon starter kit, not a real portfolio",0.00,Parklands,837.6,True
common,250.0,NBO-0036,-1.256369,36.829457,permanent_masonry,31480000.00,0.34597358107566833,0.5189603716135025,0.22606731891632081,1.0,7116599.20,True,"generated for hackathon starter kit, not a real portfolio",6801799.20,Parklands,2221.5,False
common,250.0,NBO-0037,-1.331936,36.925473,informal_iron_sheet,780000.00,0.0,0.0,0.0,1.0,0.00,True,"generated for hackathon starter kit, not a real portfolio",0.00,Fedha,3502.2,False
common,250.0,NBO-0038,-1.257297,36.878574,permanent_masonry,57240000.00,0.05506260320544243,0.08259390480816364,0.036341318115592006,1.0,2080177.05,True,"generated for hackathon starter kit, not a real portfolio",1507777.05,Kariobangi,421.6,True
common,250.0,NBO-0039,-1.265985,36.799534,informal_iron_sheet,1500000.00,0.0,0.0,0.0,1.0,0.00,True,"generated for hackathon starter kit, not a real portfolio",0.00,Chiromo,933.0,True
common,250.0,NBO-0040,-1.313586,36.81551,concrete_rcc,341070000.00,0.1382979452610016,0.20744691789150238,0.07021280297866234,1.0,23947480.71,True,"generated for hackathon starter kit, not a real portfolio",20536780.71,Madaraka,687.7,True
common,250.0,NBO-0041,-1.347614,36.723077,concrete_rcc,263095000.00,0.0,0.0,0.0,1.0,0.00,True,"generated for hackathon starter kit, not a real portfolio",0.00,Lang'ata,8090.8,False
common,250.0,NBO-0042,-1.216402,36.823009,semi_permanent,3535000.00,0.0,0.0,0.0,1.0,0.00,True,"generated for hackathon starter kit, not a real portfolio",0.00,Westlands,5299.0,False
common,250.0,NBO-0043,-1.272502,36.757256,semi_permanent,3605000.00,0.0,0.0,0.0,1.0,0.00,True,"generated for hackathon starter kit, not a real portfolio",0.00,Kangemi,744.1,True
common,250.0,NBO-0044,-1.266109,36.723283,semi_permanent,3690000.00,0.0,0.0,0.0,1.0,0.00,True,"generated for hackathon starter kit, not a real portfolio",0.00,Kangemi,3232.3,False
common,250.0,NBO-0045,-1.286932,36.722819,concrete_rcc,427250000.00,0.13094601035118103,0.19641901552677155,0.06648028217829191,1.0,28403700.56,True,"generated for hackathon starter kit, not a real portfolio",24131200.56,Kawangware,3339.8,False
common,250.0,NBO-0046,-1.288172,36.753956,permanent_masonry,76160000.00,0.0,0.0,0.0,1.0,0.00,True,"generated for hackathon starter kit, not a real portfolio",0.00,Kawangware,1109.8,True
common,250.0,NBO-0047,-1.253496,36.874782,permanent_masonry,34465000.00,0.2410086989402771,0.36151304841041565,0.15906574130058287,1.0,5482200.77,True,"generated for hackathon starter kit, not a real portfolio",5137550.77,Mathare,672.3,True
common,250.0,NBO-0048,-1.255831,36.744796,permanent_masonry,43405000.00,0.0,0.0,0.0,1.0,0.00,True,"generated for hackathon starter kit, not a real portfolio",0.00,Kangemi,1590.1,True
common,250.0,NBO-0049,-1.289351,36.842097,concrete_rcc,716255000.00,0.10214967280626297,0.15322450920939445,0.05186060311702581,1.0,37145416.29,True,"generated for hackathon starter kit, not a real portfolio",29982866.29,Kiambiu,2496.5,False
common,250.0,NBO-0050,-1.251175,36.850655,informal_iron_sheet,795000.00,0.0,0.0,0.0,1.0,0.00,True,"generated for hackathon starter kit, not a real portfolio",0.00,Mathare,2428.5,False
common,250.0,NBO-0051,-1.288834,36.941566,concrete_rcc,706790000.00,0.24949665367603302,0.37424498051404953,0.12666753186629368,1.0,89527344.85,True,"generated for hackathon starter kit, not a real portfolio",82459444.85,Kayole,3482.0,False
common,250.0,NBO-0052,-1.274863,36.81455,semi_permanent,4795000.00,0.052233342081308365,0.07835001312196255,0.04596534103155136,1.0,220403.81,True,"generated for hackathon starter kit, not a real portfolio",172453.81,Chiromo,1012.4,True
common,250.0,NBO-0053,-1.288657,36.893632,informal_iron_sheet,805000.00,0.0,0.0,0.0,1.0,0.00,True,"generated for hackathon starter kit, not a real portfolio",0.00,Donholm,1297.3,True
common,250.0,NBO-0054,-1.345737,36.708724,informal_iron_sheet,1860000.00,0.0,0.0,0.0,1.0,0.00,True,"generated for hackathon starter kit, not a real portfolio",0.00,Kawangware,8872.5,False
common,250.0,NBO-0055,-1.338598,36.861152,informal_iron_sheet,695000.00,0.1093970388174057,0.16409555822610855,0.14440409123897552,1.0,100360.84,True,"generated for hackathon starter kit, not a real portfolio",93410.84,Fedha,4871.7,False
common,250.0,NBO-0056,-1.195179,36.945076,permanent_masonry,45575000.00,0.269245445728302,0.403868168592453,0.17770199418067933,1.0,8098768.38,True,"generated for hackathon starter kit, not a real portfolio",7643018.38,Mwiki,4379.9,False
common,250.0,NBO-0057,-1.269395,36.711846,permanent_masonry,88405000.00,0.004805007949471474,0.0072075119242072105,0.0031713052466511727,1.0,280359.24,True,"generated for hackathon starter kit, not a real portfolio",0.00,Kangemi,4499.5,False
common,250.0,NBO-0058,-1.326314,36.926912,semi_permanent,4960000.00,0.0,0.0,0.0,1.0,0.00,True,"generated for hackathon starter kit, not a real portfolio",0.00,Fedha,3373.4,False
common,250.0,NBO-0059,-1.242227,36.738945,permanent_masonry,31905000.00,0.0,0.0,0.0,1.0,0.00,True,"generated for hackathon starter kit, not a real portfolio",0.00,Kangemi,3228.1,False
common,250.0,NBO-0060,-1.207116,36.868812,semi_permanent,6050000.00,0.05068804696202278,0.07603207044303417,0.04460548132658005,1.0,269863.16,True,"generated for hackathon starter kit, not a real portfolio",209363.16,Mathare,5710.7,False
common,250.0,NBO-0061,-1.290067,36.706319,semi_permanent,5495000.00,0.0,0.0,0.0,1.0,0.00,True,"generated for hackathon starter kit, not a real portfolio",0.00,Kawangware,5201.1,False
common,250.0,NBO-0062,-1.278869,36.715366,semi_permanent,6215000.00,0.0,0.0,0.0,1.0,0.00,True,"generated for hackathon starter kit, not a real portfolio",0.00,Kawangware,4033.1,False
common,250.0,NBO-0063,-1.194166,36.733674,semi_permanent,2720000.00,0.0,0.0,0.0,1.0,0.00,True,"generated for hackathon starter kit, not a real portfolio",0.00,Kitisuru,6606.9,False
common,250.0,NBO-0064,-1.192382,36.925331,informal_iron_sheet,1520000.00,0.09370998293161392,0.14056497439742088,0.12369717746973037,1.0,188019.71,True,"generated for hackathon starter kit, not a real portfolio",172819.71,Mwiki,4575.4,False
common,250.0,NBO-0065,-1.209508,36.895722,permanent_masonry,107485000.00,0.13511502742767334,0.20267254114151,0.0891759181022644,1.0,9585073.56,True,"generated for hackathon starter kit, not a real portfolio",8510223.56,Dandora,4101.3,False
common,250.0,NBO-0066,-1.272078,36.865447,informal_iron_sheet,1120000.00,0.04187050834298134,0.06280576251447201,0.055269071012735364,1.0,61901.36,True,"generated for hackathon starter kit, not a real portfolio",50701.36,Kiambiu,1156.3,True
common,250.0,NBO-0067,-1.290213,36.862364,informal_iron_sheet,1155000.00,0.0,0.0,0.0,1.0,0.00,True,"generated for hackathon starter kit, not a real portfolio",0.00,Kiambiu,890.2,True
common,250.0,NBO-0068,-1.339728,36.77344,informal_iron_sheet,1240000.00,0.0,0.0,0.0,1.0,0.00,True,"generated for hackathon starter kit, not a real portfolio",0.00,Lang'ata,2951.9,False
common,250.0,NBO-0069,-1.22829,36.832026,semi_permanent,5025000.00,0.0,0.0,0.0,1.0,0.00,True,"generated for hackathon starter kit, not a real portfolio",0.00,Parklands,4539.5,False
common,250.0,NBO-0070,-1.316407,36.820467,permanent_masonry,34970000.00,0.0,0.0,0.0,1.0,0.00,True,"generated for hackathon starter kit, not a real portfolio",0.00,Nairobi West,905.3,True
common,250.0,NBO-0071,-1.220708,36.937779,semi_permanent,3840000.00,0.3993943929672241,0.5990915894508362,0.3156124114990234,1.0,1211951.66,True,"generated for hackathon starter kit, not a real portfolio",1173551.66,Mwiki,1430.6,True
common,250.0,NBO-0072,-1.203775,36.813551,concrete_rcc,1196260000.00,0.0,0.0,0.0,1.0,0.00,True,"generated for hackathon starter kit, not a real portfolio",0.00,Westlands,5650.6,False
common,250.0,NBO-0073,-1.265598,36.886731,semi_permanent,3550000.00,0.3062759339809418,0.45941390097141266,0.2560165977478027,1.0,908858.92,True,"generated for hackathon starter kit, not a real portfolio",873358.92,Kariobangi,899.9,True
common,250.0,NBO-0074,-1.246897,36.789663,semi_permanent,3200000.00,0.0,0.0,0.0,1.0,0.00,True,"generated for hackathon starter kit, not a real portfolio",0.00,Westlands,400.9,True
common,250.0,NBO-0075,-1.242933,36.931356,concrete_rcc,161250000.00,0.402626633644104,0.603939950466156,0.20441044477316048,1.0,32961184.22,True,"generated for hackathon starter kit, not a real portfolio",31348684.22,Mwiki,1151.3,True
common,250.0,NBO-0076,-1.305358,36.913093,informal_iron_sheet,995000.00,0.0,0.0,0.0,1.0,0.00,True,"generated for hackathon starter kit, not a real portfolio",0.00,Tassia,1621.7,True
common,250.0,NBO-0077,-1.298235,36.947971,informal_iron_sheet,510000.00,0.1006443053483963,0.15096645802259445,0.13285048305988312,1.0,67753.75,True,"generated for hackathon starter kit, not a real portfolio",62653.75,Kayole,4730.1,False
common,250.0,NBO-0078,-1.297084,36.756761,permanent_masonry,71955000.00,0.0,0.0,0.0,1.0,0.00,True,"generated for hackathon starter kit, not a real portfolio",0.00,Kawangware,2147.3,False
common,250.0,NBO-0079,-1.240748,36.917596,semi_permanent,3200000.00,0.5309082269668579,0.7963623404502869,0.3985449361801148,1.0,1275343.80,True,"generated for hackathon starter kit, not a real portfolio",1243343.80,Dandora,1361.2,True
common,250.0,NBO-0080,-1.204947,36.819248,concrete_rcc,534130000.00,0.06854594498872757,0.10281891748309135,0.03480024899427707,1.0,18587857.00,True,"generated for hackathon starter kit, not a real portfolio",13246557.00,Westlands,5914.1,False
common,250.0,NBO-0081,-1.223301,36.827346,informal_iron_sheet,1670000.00,0.0,0.0,0.0,1.0,0.00,True,"generated for hackathon starter kit, not a real portfolio",0.00,Parklands,4795.9,False
common,250.0,NBO-0082,-1.245203,36.83545,informal_iron_sheet,1090000.00,0.0,0.0,0.0,1.0,0.00,True,"generated for hackathon starter kit, not a real portfolio",0.00,Parklands,3399.6,False
common,250.0,NBO-0083,-1.334989,36.72296,semi_permanent,3375000.00,0.0,0.0,0.0,1.0,0.00,True,"generated for hackathon starter kit, not a real portfolio",0.00,Kawangware,7047.9,False
common,250.0,NBO-0084,-1.286346,36.920269,permanent_masonry,66900000.00,0.17073433101177216,0.25610149651765823,0.11268465846776962,1.0,7538603.65,True,"generated for hackathon starter kit, not a real portfolio",6869603.65,Komarock,2063.6,False
common,250.0,NBO-0085,-1.273428,36.851099,concrete_rcc,491280000.00,0.0,0.0,0.0,1.0,0.00,True,"generated for hackathon starter kit, not a real portfolio",0.00,Kiambiu,1685.5,True
common,250.0,NBO-0086,-1.232924,36.726327,informal_iron_sheet,1010000.00,0.0,0.0,0.0,1.0,0.00,True,"generated for hackathon starter kit, not a real portfolio",0.00,Kangemi,4853.2,False
common,250.0,NBO-0087,-1.210741,36.884764,semi_permanent,3110000.00,0.0,0.0,0.0,1.0,0.00,True,"generated for hackathon starter kit, not a real portfolio",0.00,Dandora,4477.7,False
common,250.0,NBO-0088,-1.269745,36.728359,permanent_masonry,69520000.00,0.0,0.0,0.0,1.0,0.00,True,"generated for hackathon starter kit, not a real portfolio",0.00,Kangemi,2668.1,False
common,250.0,NBO-0089,-1.212553,36.795312,permanent_masonry,32095000.00,0.238679438829422,0.358019158244133,0.15752842962741853,1.0,5055874.95,True,"generated for hackathon starter kit, not a real portfolio",4734924.95,Westlands,3914.9,False
common,250.0,NBO-0090,-1.272165,36.867382,semi_permanent,3080000.00,0.07626530528068542,0.11439795792102814,0.06711346864700317,1.0,206709.48,True,"generated for hackathon starter kit, not a real portfolio",175909.48,Kiambiu,1207.9,True
common,250.0,NBO-0091,-1.308021,36.816316,permanent_masonry,37840000.00,0.011001413688063622,0.016502120532095432,0.007260933034121991,1.0,274753.71,True,"generated for hackathon starter kit, not a real portfolio",0.00,Madaraka,128.7,True
common,250.0,NBO-0092,-1.333203,36.716242,semi_permanent,4880000.00,0.0,0.0,0.0,1.0,0.00,True,"generated for hackathon starter kit, not a real portfolio",0.00,Kawangware,7248.2,False
common,250.0,NBO-0093,-1.299334,36.855565,informal_iron_sheet,1040000.00,0.0,0.0,0.0,1.0,0.00,True,"generated for hackathon starter kit, not a real portfolio",0.00,Kiambiu,2087.7,False
common,250.0,NBO-0094,-1.271576,36.791682,informal_iron_sheet,695000.00,0.14440670609474182,0.21661005914211273,0.1906168520450592,1.0,132478.71,True,"generated for hackathon starter kit, not a real portfolio",125528.71,Kileleshwa,711.0,True
common,250.0,NBO-0095,-1.224116,36.795335,semi_permanent,4705000.00,0.15808728337287903,0.23713092505931854,0.13911680936813356,1.0,654544.59,True,"generated for hackathon starter kit, not a real portfolio",607494.59,Westlands,2696.3,False
common,250.0,NBO-0096,-1.201989,36.740738,informal_iron_sheet,1010000.00,0.0,0.0,0.0,1.0,0.00,True,"generated for hackathon starter kit, not a real portfolio",0.00,Kitisuru,5437.2,False
common,250.0,NBO-0097,-1.279198,36.745978,semi_permanent,5565000.00,0.0,0.0,0.0,1.0,0.00,True,"generated for hackathon starter kit, not a real portfolio",0.00,Kawangware,635.0,True
common,250.0,NBO-0098,-1.29751,36.948272,semi_permanent,5545000.00,0.05614622309803963,0.08421933464705944,0.049408676326274874,1.0,273971.11,True,"generated for hackathon starter kit, not a real portfolio",218521.11,Kayole,4693.5,False
common,250.0,NBO-0099,-1.260843,36.851111,concrete_rcc,543755000.00,0.1666184812784195,0.24992772191762924,0.08459092126442835,1.0,45996736.39,True,"generated for hackathon starter kit, not a real portfolio",40559186.39,Mathare,2256.7,False
common,250.0,NBO-0100,-1.286345,36.846856,semi_permanent,7865000.00,0.1653144210577011,0.24797163158655167,0.14547669053077697,1.0,1144174.17,True,"generated for hackathon starter kit, not a real portfolio",1065524.17,Kiambiu,1895.1,True
common,250.0,NBO-0101,-1.30844,36.895244,informal_iron_sheet,1235000.00,0.15727223455905914,0.23590835183858871,0.20759934961795806,1.0,256385.20,True,"generated for hackathon starter kit, not a real portfolio",244035.20,Tassia,404.2,True
common,250.0,NBO-0102,-1.222723,36.795885,semi_permanent,2150000.00,0.02301468700170517,0.034522030502557755,0.02025292456150055,1.0,43543.79,True,"generated for hackathon starter kit, not a real portfolio",22043.79,Westlands,2862.8,False
common,250.0,NBO-0103,-1.306432,36.73854,semi_permanent,2925000.00,0.0,0.0,0.0,1.0,0.00,True,"generated for hackathon starter kit, not a real portfolio",0.00,Kawangware,3434.2,False
common,250.0,NBO-0104,-1.226248,36.851791,permanent_masonry,36035000.00,0.0,0.0,0.0,1.0,0.00,True,"generated for hackathon starter kit, not a real portfolio",0.00,Mathare,4181.0,False
common,250.0,NBO-0105,-1.23934,36.801209,permanent_masonry,43850000.00,0.0,0.0,0.0,1.0,0.00,True,"generated for hackathon starter kit, not a real portfolio",0.00,Westlands,1862.5,True
common,250.0,NBO-0106,-1.296068,36.800864,semi_permanent,3435000.00,0.02554338425397873,0.038315076380968094,0.022478178143501282,1.0,77212.54,True,"generated for hackathon starter kit, not a real portfolio",42862.54,Madaraka,2043.8,False
common,250.0,NBO-0107,-1.213736,36.721958,permanent_masonry,55225000.00,0.0,0.0,0.0,1.0,0.00,True,"generated for hackathon starter kit, not a real portfolio",0.00,Kitisuru,6207.8,False
common,250.0,NBO-0108,-1.295765,36.805226,semi_permanent,4520000.00,0.0,0.0,0.0,1.0,0.00,True,"generated for hackathon starter kit, not a real portfolio",0.00,Madaraka,1714.1,True
common,250.0,NBO-0109,-1.207673,36.712984,informal_iron_sheet,1090000.00,0.0,0.0,0.0,1.0,0.00,True,"generated for hackathon starter kit, not a real portfolio",0.00,Kitisuru,7407.2,False
common,250.0,NBO-0110,-1.238154,36.925489,semi_permanent,7450000.00,0.24317693710327148,0.3647654056549072,0.21399570465087892,1.0,1594268.00,True,"generated for hackathon starter kit, not a real portfolio",1519768.00,Mwiki,1052.6,True
common,250.0,NBO-0111,-1.334044,36.793712,informal_iron_sheet,1090000.00,0.0,0.0,0.0,1.0,0.00,True,"generated for hackathon starter kit, not a real portfolio",0.00,Lang'ata,1728.2,True
common,250.0,NBO-0112,-1.271695,36.878829,permanent_masonry,27190000.00,0.14581584930419922,0.21872377395629883,0.09623846054077148,1.0,2616723.74,True,"generated for hackathon starter kit, not a real portfolio",2344823.74,Kariobangi,1442.5,True
common,250.0,NBO-0113,-1.317103,36.847082,permanent_masonry,78030000.00,0.09787684679031372,0.14681527018547058,0.06459871888160705,1.0,5040638.03,True,"generated for hackathon starter kit, not a real portfolio",4260338.03,Nairobi West,2825.2,False
common,250.0,NBO-0114,-1.268416,36.810036,permanent_masonry,72885000.00,0.0,0.0,0.0,1.0,0.00,True,"generated for hackathon starter kit, not a real portfolio",0.00,Chiromo,486.7,True
common,250.0,NBO-0115,-1.340624,36.784613,semi_permanent,5820000.00,0.0,0.0,0.0,1.0,0.00,True,"generated for hackathon starter kit, not a real portfolio",0.00,Lang'ata,2481.9,False
common,250.0,NBO-0116,-1.335686,36.707985,informal_iron_sheet,970000.00,0.0,0.0,0.0,1.0,0.00,True,"generated for hackathon starter kit, not a real portfolio",0.00,Kawangware,8002.6,False
common,250.0,NBO-0117,-1.258956,36.863648,informal_iron_sheet,1470000.00,0.17676299810409546,0.2651444971561432,0.22969247817993163,1.0,337647.94,True,"generated for hackathon starter kit, not a real portfolio",322947.94,Mathare,848.9,True
common,250.0,NBO-0118,-1.228914,36.724864,semi_permanent,6680000.00,0.0,0.0,0.0,1.0,0.00,True,"generated for hackathon starter kit, not a real portfolio",0.00,Kitisuru,5288.2,False
common,250.0,NBO-0119,-1.321806,36.758701,semi_permanent,3215000.00,0.06317425519227982,0.09476138278841972,0.05559334456920624,1.0,178732.60,True,"generated for hackathon starter kit, not a real portfolio",146582.60,Lang'ata,3491.1,False
common,250.0,NBO-0120,-1.255807,36.939727,informal_iron_sheet,1230000.00,0.1707080602645874,0.2560620903968811,0.22387973785400392,1.0,275372.08,True,"generated for hackathon starter kit, not a real portfolio",263072.08,Kayole,2570.1,False
common,250.0,NBO-0121,-1.229133,36.79396,permanent_masonry,38180000.00,0.0,0.0,0.0,1.0,0.00,True,"generated for hackathon starter kit, not a real portfolio",0.00,Westlands,2123.6,False
common,250.0,NBO-0122,-1.207446,36.790624,semi_permanent,3745000.00,0.0,0.0,0.0,1.0,0.00,True,"generated for hackathon starter kit, not a real portfolio",0.00,Kitisuru,4260.8,False
common,250.0,NBO-0123,-1.275351,36.872473,informal_iron_sheet,720000.00,0.5531253814697266,0.8296880722045898,0.5650627517700195,1.0,406845.18,True,"generated for hackathon starter kit, not a real portfolio",399645.18,Kiambiu,1268.1,True
common,250.0,NBO-0124,-1.181446,36.767437,informal_iron_sheet,930000.00,0.0,0.0,0.0,1.0,0.00,True,"generated for hackathon starter kit, not a real portfolio",0.00,Kitisuru,6565.2,False
common,250.0,NBO-0125,-1.183533,36.792047,informal_iron_sheet,900000.00,0.0,0.0,0.0,1.0,0.00,True,"generated for hackathon starter kit, not a real portfolio",0.00,Kitisuru,6739.0,False
common,250.0,NBO-0126,-1.210898,36.776869,informal_iron_sheet,925000.00,0.2796441912651062,0.4194662868976593,0.32845842361450195,1.0,303824.04,True,"generated for hackathon starter kit, not a real portfolio",294574.04,Kitisuru,3341.8,False
common,250.0,NBO-0127,-1.290697,36.873831,semi_permanent,3180000.00,0.034516025334596634,0.05177403800189495,0.030374102294445038,1.0,96589.65,True,"generated for hackathon starter kit, not a real portfolio",64789.65,Kiambiu,1489.6,True
common,250.0,NBO-0128,-1.321205,36.719321,informal_iron_sheet,910000.00,0.0,0.0,0.0,1.0,0.00,True,"generated for hackathon starter kit, not a real portfolio",0.00,Kawangware,5958.1,False
common,250.0,NBO-0129,-1.316017,36.795227,informal_iron_sheet,1550000.00,0.0,0.0,0.0,1.0,0.00,True,"generated for hackathon starter kit, not a real portfolio",0.00,Lang'ata,669.0,True
common,250.0,NBO-0130,-1.194198,36.949316,concrete_rcc,958965000.00,0.29198983311653137,0.43798474967479706,0.14824099219762363,1.0,142157923.08,True,"generated for hackathon starter kit, not a real portfolio",132568273.08,Mwiki,4644.0,False
common,250.0,NBO-0131,-1.340893,36.860238,permanent_masonry,83420000.00,0.12003448605537415,0.18005172908306122,0.07922276079654694,1.0,6608762.71,True,"generated for hackathon starter kit, not a real portfolio",5774562.71,Fedha,5094.4,False
common,250.0,NBO-0132,-1.27855,36.818788,semi_permanent,5665000.00,0.012957201339304447,0.01943580200895667,0.011402337178587914,1.0,64594.24,True,"generated for hackathon starter kit, not a real portfolio",7944.24,Chiromo,1624.1,True
common,250.0,NBO-0133,-1.207541,36.772299,permanent_masonry,25915000.00,0.0,0.0,0.0,1.0,0.00,True,"generated for hackathon starter kit, not a real portfolio",0.00,Kitisuru,3654.1,False
common,250.0,NBO-0134,-1.313321,36.705669,permanent_masonry,53635000.00,0.0,0.0,0.0,1.0,0.00,True,"generated for hackathon starter kit, not a real portfolio",0.00,Kawangware,6414.3,False
common,250.0,NBO-0135,-1.328732,36.927373,semi_permanent,4760000.00,0.12762250006198883,0.19143375009298325,0.11230780005455017,1.0,534585.13,True,"generated for hackathon starter kit, not a real portfolio",486985.13,Fedha,3523.5,False
common,250.0,NBO-0136,-1.308288,36.930201,informal_iron_sheet,1520000.00,0.08941660821437836,0.13412491232156754,0.11802992284297943,1.0,179405.48,True,"generated for hackathon starter kit, not a real portfolio",164205.48,Tassia,3515.3,False
common,250.0,NBO-0137,-1.229656,36.944629,semi_permanent,3300000.00,0.290000319480896,0.435000479221344,0.24560020446777345,1.0,810480.67,True,"generated for hackathon starter kit, not a real portfolio",777480.67,Mwiki,1309.2,True
common,250.0,NBO-0138,-1.243781,36.81987,semi_permanent,4115000.00,0.0,0.0,0.0,1.0,0.00,True,"generated for hackathon starter kit, not a real portfolio",0.00,Parklands,2377.3,False
common,250.0,NBO-0139,-1.33467,36.848323,permanent_masonry,67680000.00,0.0,0.0,0.0,1.0,0.00,True,"generated for hackathon starter kit, not a real portfolio",0.00,Nairobi West,4025.1,False
common,250.0,NBO-0140,-1.324226,36.772249,permanent_masonry,49900000.00,0.0,0.0,0.0,1.0,0.00,True,"generated for hackathon starter kit, not a real portfolio",0.00,Lang'ata,2055.9,False
common,250.0,NBO-0141,-1.249756,36.907099,permanent_masonry,46335000.00,0.4042948782444,0.6064423173666,0.25406154155731203,1.0,11771941.53,True,"generated for hackathon starter kit, not a real portfolio",11308591.53,Dandora,550.8,True
common,250.0,NBO-0142,-1.257697,36.845664,semi_permanent,4885000.00,0.0,0.0,0.0,1.0,0.00,True,"generated for hackathon starter kit, not a real portfolio",0.00,Mathare,2847.2,False
common,250.0,NBO-0143,-1.227186,36.774168,informal_iron_sheet,1100000.00,0.0,0.0,0.0,1.0,0.00,True,"generated for hackathon starter kit, not a real portfolio",0.00,Kitisuru,1507.9,True
common,250.0,NBO-0144,-1.310914,36.773765,concrete_rcc,760755000.00,0.0,0.0,0.0,1.0,0.00,True,"generated for hackathon starter kit, not a real portfolio",0.00,Kibera,1694.3,True
common,250.0,NBO-0145,-1.25898,36.789057,semi_permanent,3425000.00,0.0,0.0,0.0,1.0,0.00,True,"generated for hackathon starter kit, not a real portfolio",0.00,Westlands,1423.7,True
common,250.0,NBO-0146,-1.209838,36.867674,concrete_rcc,266365000.00,0.0,0.0,0.0,1.0,0.00,True,"generated for hackathon starter kit, not a real portfolio",0.00,Mathare,5416.3,False
common,250.0,NBO-0147,-1.186506,36.892392,informal_iron_sheet,2210000.00,0.17543630301952362,0.26315445452928543,0.22841885089874267,1.0,504805.66,True,"generated for hackathon starter kit, not a real portfolio",482705.66,Dandora,6670.0,False
common,250.0,NBO-0148,-1.221177,36.725933,informal_iron_sheet,925000.00,0.0,0.0,0.0,1.0,0.00,True,"generated for hackathon starter kit, not a real portfolio",0.00,Kitisuru,5449.1,False
common,250.0,NBO-0149,-1.201048,36.932221,permanent_masonry,43470000.00,0.6828710436820984,1.0243065655231476,0.3872919696569443,1.0,16835581.92,True,"generated for hackathon starter kit, not a real portfolio",16400881.92,Mwiki,3527.8,False
common,250.0,NBO-0150,-1.315498,36.888282,informal_iron_sheet,635000.00,0.04809664562344551,0.07214496843516827,0.06348757222294807,1.0,40314.61,True,"generated for hackathon starter kit, not a real portfolio",33964.61,Fedha,1135.5,True
common,250.0,NBO-0151,-1.26734,36.901219,concrete_rcc,1108710000.00,0.012917985208332539,0.019376977812498808,0.006558361721153443,1.0,7271321.22,True,"generated for hackathon starter kit, not a real portfolio",0.00,Komarock,935.1,True
common,250.0,NBO-0152,-1.184332,36.749384,informal_iron_sheet,1110000.00,0.0,0.0,0.0,1.0,0.00,True,"generated for hackathon starter kit, not a real portfolio",0.00,Kitisuru,6680.6,False
common,250.0,NBO-0153,-1.245369,36.735718,permanent_masonry,64995000.00,0.0,0.0,0.0,1.0,0.00,True,"generated for hackathon starter kit, not a real portfolio",0.00,Kangemi,3119.8,False
common,250.0,NBO-0154,-1.324387,36.883553,permanent_masonry,40495000.00,0.0,0.0,0.0,1.0,0.00,True,"generated for hackathon starter kit, not a real portfolio",0.00,Fedha,1923.2,True
common,250.0,NBO-0155,-1.284631,36.934741,permanent_masonry,72965000.00,0.17447417974472046,0.2617112696170807,0.1151529586315155,1.0,8402135.63,True,"generated for hackathon starter kit, not a real portfolio",7672485.63,Kayole,2622.4,False
common,250.0,NBO-0156,-1.31803,36.786682,semi_permanent,4130000.00,0.029269278049468994,0.04390391707420349,0.025756964683532713,1.0,106376.26,True,"generated for hackathon starter kit, not a real portfolio",65076.26,Lang'ata,380.4,True
common,250.0,NBO-0157,-1.209491,36.725,permanent_masonry,36455000.00,0.0,0.0,0.0,1.0,0.00,True,"generated for hackathon starter kit, not a real portfolio",0.00,Kitisuru,6162.9,False
common,250.0,NBO-0158,-1.323821,36.781637,concrete_rcc,376910000.00,0.0,0.0,0.0,1.0,0.00,True,"generated for hackathon starter kit, not a real portfolio",0.00,Lang'ata,1073.3,True
common,250.0,NBO-0159,-1.2755,36.909436,concrete_rcc,523215000.00,0.05153636634349823,0.07730454951524734,0.026164616759006793,1.0,13689719.96,True,"generated for hackathon starter kit, not a real portfolio",8457569.96,Komarock,368.4,True
common,250.0,NBO-0160,-1.267116,36.905938,semi_permanent,5905000.00,0.07376082986593246,0.1106412447988987,0.06490953028202057,1.0,383290.78,True,"generated for hackathon starter kit, not a real portfolio",324240.78,Komarock,647.6,True
common,250.0,NBO-0161,-1.264529,36.758589,informal_iron_sheet,1240000.00,0.0,0.0,0.0,1.0,0.00,True,"generated for hackathon starter kit, not a real portfolio",0.00,Kangemi,799.3,True
common,250.0,NBO-0162,-1.207852,36.738724,permanent_masonry,33235000.00,0.0,0.0,0.0,1.0,0.00,True,"generated for hackathon starter kit, not a real portfolio",0.00,Kitisuru,5097.0,False
common,250.0,NBO-0163,-1.342246,36.823872,informal_iron_sheet,900000.00,0.0,0.0,0.0,1.0,0.00,True,"generated for hackathon starter kit, not a real portfolio",0.00,Nairobi West,3730.9,False
common,250.0,NBO-0164,-1.318571,36.780133,semi_permanent,4000000.00,0.0,0.0,0.0,1.0,0.00,True,"generated for hackathon starter kit, not a real portfolio",0.00,Lang'ata,1095.1,True
common,250.0,NBO-0165,-1.315888,36.912665,informal_iron_sheet,1320000.00,0.05572592467069626,0.08358888700604439,0.07355822056531906,1.0,97096.85,True,"generated for hackathon starter kit, not a real portfolio",83896.85,Fedha,1575.4,True
common,250.0,NBO-0166,-1.273681,36.816244,informal_iron_sheet,630000.00,0.0,0.0,0.0,1.0,0.00,True,"generated for hackathon starter kit, not a real portfolio",0.00,Chiromo,1140.9,True
common,250.0,NBO-0167,-1.194379,36.756692,informal_iron_sheet,1245000.00,0.06316518038511276,0.09474777057766914,0.08337803810834885,1.0,103805.66,True,"generated for hackathon starter kit, not a real portfolio",91355.66,Kitisuru,5357.5,False
common,250.0,NBO-0168,-1.226041,36.807618,permanent_masonry,56855000.00,0.0,0.0,0.0,1.0,0.00,True,"generated for hackathon starter kit, not a real portfolio",0.00,Westlands,3305.3,False
common,250.0,NBO-0169,-1.274509,36.755653,semi_permanent,3735000.00,0.0,0.0,0.0,1.0,0.00,True,"generated for hackathon starter kit, not a real portfolio",0.00,Kawangware,626.1,True
common,250.0,NBO-0170,-1.292702,36.875973,informal_iron_sheet,1245000.00,0.0,0.0,0.0,1.0,0.00,True,"generated for hackathon starter kit, not a real portfolio",0.00,Donholm,1588.8,True
common,250.0,NBO-0171,-1.212602,36.943006,permanent_masonry,136925000.00,0.2369648814201355,0.35544732213020325,0.15639682173728944,1.0,21414634.82,True,"generated for hackathon starter kit, not a real portfolio",20045384.82,Mwiki,2488.9,False
common,250.0,NBO-0172,-1.240316,36.852111,permanent_masonry,93240000.00,0.0,0.0,0.0,1.0,0.00,True,"generated for hackathon starter kit, not a real portfolio",0.00,Mathare,2929.9,False
common,250.0,NBO-0173,-1.230335,36.759392,permanent_masonry,53255000.00,0.0,0.0,0.0,1.0,0.00,True,"generated for hackathon starter kit, not a real portfolio",0.00,Kitisuru,1709.1,True
common,250.0,NBO-0174,-1.198222,36.903014,semi_permanent,4610000.00,0.18155509233474731,0.27233263850212097,0.15976848125457763,1.0,736532.70,True,"generated for hackathon starter kit, not a real portfolio",690432.70,Mwiki,5104.8,False
common,250.0,NBO-0175,-1.341161,36.791211,concrete_rcc,457070000.00,0.0,0.0,0.0,1.0,0.00,True,"generated for hackathon starter kit, not a real portfolio",0.00,Lang'ata,2472.8,False
common,250.0,NBO-0176,-1.212321,36.722038,informal_iron_sheet,1370000.00,0.0,0.0,0.0,1.0,0.00,True,"generated for hackathon starter kit, not a real portfolio",0.00,Kitisuru,6276.7,False
common,250.0,NBO-0177,-1.182082,36.738428,permanent_masonry,102100000.00,0.0,0.0,0.0,1.0,0.00,True,"generated for hackathon starter kit, not a real portfolio",0.00,Kitisuru,7426.7,False
common,250.0,NBO-0178,-1.265205,36.79272,permanent_masonry,19485000.00,0.0,0.0,0.0,1.0,0.00,True,"generated for hackathon starter kit, not a real portfolio",0.00,Kileleshwa,1389.4,True
common,250.0,NBO-0179,-1.337228,36.908714,semi_permanent,4500000.00,0.14538942277431488,0.21808413416147232,0.1279426920413971,1.0,575742.11,True,"generated for hackathon starter kit, not a real portfolio",530742.11,Fedha,2652.7,False
common,250.0,NBO-0180,-1.333631,36.756666,semi_permanent,5520000.00,0.0,0.0,0.0,1.0,0.00,True,"generated for hackathon starter kit, not a real portfolio",0.00,Lang'ata,4046.5,False
common,250.0,NBO-0181,-1.195501,36.89562,informal_iron_sheet,865000.00,0.15807953476905823,0.23711930215358734,0.20866498589515686,1.0,180495.21,True,"generated for hackathon starter kit, not a real portfolio",171845.21,Dandora,5615.6,False
common,250.0,NBO-0182,-1.319569,36.720591,informal_iron_sheet,1360000.00,0.0,0.0,0.0,1.0,0.00,True,"generated for hackathon starter kit, not a real portfolio",0.00,Kawangware,5727.8,False
common,250.0,NBO-0183,-1.218746,36.909908,semi_permanent,4535000.00,0.19091325998306274,0.2863698899745941,0.1680036687850952,1.0,761896.64,True,"generated for hackathon starter kit, not a real portfolio",716546.64,Dandora,2940.1,False
common,250.0,NBO-0184,-1.221434,36.878747,permanent_masonry,36975000.00,0.0,0.0,0.0,1.0,0.00,True,"generated for hackathon starter kit, not a real portfolio",0.00,Dandora,4005.8,False
common,250.0,NBO-0185,-1.28124,36.722067,semi_permanent,4485000.00,0.0,0.0,0.0,1.0,0.00,True,"generated for hackathon starter kit, not a real portfolio",0.00,Kawangware,3302.4,False
common,250.0,NBO-0186,-1.311268,36.710595,concrete_rcc,993560000.00,0.0,0.0,0.0,1.0,0.00,True,"generated for hackathon starter kit, not a real portfolio",0.00,Kawangware,5842.0,False
common,250.0,NBO-0187,-1.330025,36.762867,informal_iron_sheet,805000.00,0.0,0.0,0.0,1.0,0.00,True,"generated for hackathon starter kit, not a real portfolio",0.00,Lang'ata,3255.2,False
common,250.0,NBO-0188,-1.301215,36.744807,semi_permanent,3595000.00,0.0,0.0,0.0,1.0,0.00,True,"generated for hackathon starter kit, not a real portfolio",0.00,Kawangware,2641.6,False
common,250.0,NBO-0189,-1.241874,36.861843,informal_iron_sheet,900000.00,0.027162788435816765,0.04074418265372515,0.03585488073527813,1.0,32269.39,True,"generated for hackathon starter kit, not a real portfolio",23269.39,Mathare,2116.6,False
common,250.0,NBO-0190,-1.20887,36.81776,concrete_rcc,464040000.00,0.0,0.0,0.0,1.0,0.00,True,"generated for hackathon starter kit, not a real portfolio",0.00,Westlands,5471.8,False
common,250.0,NBO-0191,-1.267964,36.843265,informal_iron_sheet,1045000.00,0.026392649859189987,0.03958897478878498,0.03483829781413078,1.0,36406.02,True,"generated for hackathon starter kit, not a real portfolio",25956.02,Kiambiu,2747.3,False
common,250.0,NBO-0192,-1.329844,36.771296,semi_permanent,4215000.00,0.0,0.0,0.0,1.0,0.00,True,"generated for hackathon starter kit, not a real portfolio",0.00,Lang'ata,2403.7,False
common,250.0,NBO-0193,-1.210185,36.944592,permanent_masonry,88580000.00,0.26986294984817505,0.4047944247722626,0.17810954689979552,1.0,15776943.66,True,"generated for hackathon starter kit, not a real portfolio",14891143.66,Mwiki,2808.0,False
common,250.0,NBO-0194,-1.264517,36.725531,concrete_rcc,395825000.00,0.0,0.0,0.0,1.0,0.00,True,"generated for hackathon starter kit, not a real portfolio",0.00,Kangemi,3000.7,False
common,250.0,NBO-0195,-1.27448,36.865735,concrete_rcc,1055700000.00,0.033098362386226654,0.04964754357933998,0.016803783980699687,1.0,17739754.75,True,"generated for hackathon starter kit, not a real portfolio",7182754.75,Kiambiu,904.6,True
common,250.0,NBO-0196,-1.224155,36.832879,semi_permanent,4445000.00,0.0,0.0,0.0,1.0,0.00,True,"generated for hackathon starter kit, not a real portfolio",0.00,Parklands,4983.4,False
common,250.0,NBO-0197,-1.343618,36.947469,informal_iron_sheet,2575000.00,0.05447489023208618,0.08171233534812927,0.07190685510635376,1.0,185160.15,True,"generated for hackathon starter kit, not a real portfolio",159410.15,Fedha,6268.7,False
common,250.0,NBO-0198,-1.319233,36.938714,concrete_rcc,1029420000.00,0.025335177779197693,0.03800276666879654,0.012862474872515753,1.0,13240888.88,True,"generated for hackathon starter kit, not a real portfolio",2946688.88,Fedha,4488.5,False
common,250.0,NBO-0199,-1.344312,36.819906,permanent_masonry,32725000.00,0.02671748958528042,0.04007623437792063,0.017633543126285078,1.0,577057.70,True,"generated for hackathon starter kit, not a real portfolio",249807.70,Nairobi West,3975.5,False
common,250.0,NBO-0200,-1.306727,36.812002,concrete_rcc,789520000.00,0.03438763692975044,0.051581455394625664,0.017458338748950225,1.0,13783707.61,True,"generated for hackathon starter kit, not a real portfolio",5888507.61,Madaraka,378.2,True
common,250.0,NBO-0201,-1.270885,36.789166,informal_iron_sheet,1175000.00,0.0,0.0,0.0,1.0,0.00,True,"generated for hackathon starter kit, not a real portfolio",0.00,Kileleshwa,665.4,True
common,250.0,NBO-0202,-1.318579,36.742962,permanent_masonry,31350000.00,0.0,0.0,0.0,1.0,0.00,True,"generated for hackathon starter kit, not a real portfolio",0.00,Kawangware,4563.9,False
common,250.0,NBO-0203,-1.344032,36.870461,permanent_masonry,70840000.00,0.38856953382492065,0.582854300737381,0.24651337623596192,1.0,17463007.57,True,"generated for hackathon starter kit, not a real portfolio",16754607.57,Fedha,4433.8,False
common,250.0,NBO-0204,-1.336469,36.921711,concrete_rcc,563530000.00,0.0,0.0,0.0,1.0,0.00,True,"generated for hackathon starter kit, not a real portfolio",0.00,Fedha,3465.5,False
common,250.0,NBO-0205,-1.289884,36.819049,semi_permanent,3240000.00,0.20680366456508636,0.31020549684762955,0.181987224817276,1.0,589638.61,True,"generated for hackathon starter kit, not a real portfolio",557238.61,Madaraka,1991.4,True
common,250.0,NBO-0206,-1.274787,36.929401,semi_permanent,8345000.00,0.1609867513179779,0.24148012697696686,0.14166834115982055,1.0,1182222.31,True,"generated for hackathon starter kit, not a real portfolio",1098772.31,Kayole,1429.9,True
common,250.0,NBO-0207,-1.319881,36.761287,permanent_masonry,32605000.00,0.0,0.0,0.0,1.0,0.00,True,"generated for hackathon starter kit, not a real portfolio",0.00,Lang'ata,3190.9,False
common,250.0,NBO-0208,-1.266865,36.76677,informal_iron_sheet,1980000.00,0.0,0.0,0.0,1.0,0.00,True,"generated for hackathon starter kit, not a real portfolio",0.00,Lavington,1321.6,True
common,250.0,NBO-0209,-1.241941,36.938785,permanent_masonry,24420000.00,0.6831744313240051,1.0247616469860077,0.3874284940958023,1.0,9461003.83,True,"generated for hackathon starter kit, not a real portfolio",9216803.83,Mwiki,1191.2,True
common,250.0,NBO-0210,-1.291279,36.929862,concrete_rcc,283520000.00,0.16630056500434875,0.24945084750652313,0.08442951761759245,1.0,23937456.83,True,"generated for hackathon starter kit, not a real portfolio",21102256.83,Kayole,2967.0,False
common,250.0,NBO-0211,-1.261427,36.828096,semi_permanent,2760000.00,0.0,0.0,0.0,1.0,0.00,True,"generated for hackathon starter kit, not a real portfolio",0.00,Parklands,1950.3,True
common,250.0,NBO-0212,-1.317846,36.837696,semi_permanent,3325000.00,0.022760724648833275,0.03414108697324991,0.020029437690973283,1.0,66597.88,True,"generated for hackathon starter kit, not a real portfolio",33347.88,Nairobi West,1915.1,True
common,250.0,NBO-0213,-1.287925,36.788302,informal_iron_sheet,1440000.00,0.0,0.0,0.0,1.0,0.00,True,"generated for hackathon starter kit, not a real portfolio",0.00,Kileleshwa,1245.2,True
common,250.0,NBO-0214,-1.285278,36.707129,informal_iron_sheet,695000.00,0.0,0.0,0.0,1.0,0.00,True,"generated for hackathon starter kit, not a real portfolio",0.00,Kawangware,5006.2,False
common,250.0,NBO-0215,-1.235394,36.793707,informal_iron_sheet,925000.00,0.0,0.0,0.0,1.0,0.00,True,"generated for hackathon starter kit, not a real portfolio",0.00,Westlands,1500.8,True
common,250.0,NBO-0216,-1.217864,36.946273,semi_permanent,4005000.00,0.2864344120025635,0.4296516180038452,0.24331802368164063,1.0,974488.68,True,"generated for hackathon starter kit, not a real portfolio",934438.68,Mwiki,2198.4,False
common,250.0,NBO-0217,-1.295741,36.827042,permanent_masonry,42040000.00,0.04558097943663597,0.06837146915495396,0.03008344642817974,1.0,1264708.09,True,"generated for hackathon starter kit, not a real portfolio",844308.09,Nairobi West,1506.5,True
common,250.0,NBO-0218,-1.235727,36.901794,permanent_masonry,58185000.00,0.5980092883110046,0.897013932466507,0.3470444583892822,1.0,20192781.81,True,"generated for hackathon starter kit, not a real portfolio",19610931.81,Dandora,1126.6,True
common,250.0,NBO-0219,-1.307356,36.740224,informal_iron_sheet,1245000.00,0.0,0.0,0.0,1.0,0.00,True,"generated for hackathon starter kit, not a real portfolio",0.00,Kawangware,3454.4,False
common,250.0,NBO-0220,-1.200512,36.883541,semi_permanent,3360000.00,0.21078155934810638,0.3161723390221596,0.1854877722263336,1.0,623238.91,True,"generated for hackathon starter kit, not a real portfolio",589638.91,Dandora,5536.1,False
common,250.0,NBO-0221,-1.328457,36.847573,concrete_rcc,1129100000.00,0.010632914490997791,0.015949371736496687,0.005398248895429648,1.0,6095162.83,True,"generated for hackathon starter kit, not a real portfolio",0.00,Nairobi West,3496.9,False
common,250.0,NBO-0222,-1.24835,36.946666,semi_permanent,6000000.00,0.5876656770706177,0.8814985156059265,0.4325994062423706,1.0,2595596.44,True,"generated for hackathon starter kit, not a real portfolio",2535596.44,Mwiki,2285.8,False
common,250.0,NBO-0223,-1.310199,36.777964,semi_permanent,2850000.00,0.0,0.0,0.0,1.0,0.00,True,"generated for hackathon starter kit, not a real portfolio",0.00,Kibera,1233.3,True
common,250.0,NBO-0224,-1.295518,36.816631,concrete_rcc,1394785000.00,0.0,0.0,0.0,1.0,0.00,True,"generated for hackathon starter kit, not a real portfolio",0.00,Madaraka,1329.5,True
common,250.0,NBO-0225,-1.285168,36.767894,permanent_masonry,49225000.00,0.0,0.0,0.0,1.0,0.00,True,"generated for hackathon starter kit, not a real portfolio",0.00,Lavington,1543.2,True
common,250.0,NBO-0226,-1.317641,36.884345,semi_permanent,6855000.00,0.03145405277609825,0.04718107916414738,0.02767956644296646,1.0,189743.43,True,"generated for hackathon starter kit, not a real portfolio",121193.43,Fedha,1588.2,True
common,250.0,NBO-0227,-1.26086,36.717133,permanent_masonry,68610000.00,0.0,0.0,0.0,1.0,0.00,True,"generated for hackathon starter kit, not a real portfolio",0.00,Kangemi,3989.0,False
common,250.0,NBO-0228,-1.197482,36.882829,semi_permanent,4865000.00,0.27584561705589294,0.4137684255838394,0.2365411949157715,1.0,1150772.91,True,"generated for hackathon starter kit, not a real portfolio",1102122.91,Dandora,5873.0,False
common,250.0,NBO-0229,-1.184356,36.908604,informal_iron_sheet,570000.00,0.23794053494930267,0.356910802423954,0.28842291355133054,1.0,164401.06,True,"generated for hackathon starter kit, not a real portfolio",158701.06,Mwiki,6040.2,False
common,250.0,NBO-0230,-1.332177,36.762032,informal_iron_sheet,1055000.00,0.0,0.0,0.0,1.0,0.00,True,"generated for hackathon starter kit, not a real portfolio",0.00,Lang'ata,3436.7,False
common,250.0,NBO-0231,-1.33616,36.789645,concrete_rcc,1455240000.00,0.0,0.0,0.0,1.0,0.00,True,"generated for hackathon starter kit, not a real portfolio",0.00,Lang'ata,1913.3,True
common,250.0,NBO-0232,-1.284456,36.786377,informal_iron_sheet,680000.00,0.21116697788238525,0.3167504668235779,0.26272029876708985,1.0,178649.80,True,"generated for hackathon starter kit, not a real portfolio",171849.80,Kileleshwa,875.2,True
common,250.0,NBO-0233,-1.188452,36.919106,permanent_masonry,130825000.00,0.17665816843509674,0.2649872526526451,0.11659439116716384,1.0,15253461.22,True,"generated for hackathon starter kit, not a real portfolio",13945211.22,Mwiki,5172.0,False
common,250.0,NBO-0234,-1.226429,36.738966,semi_permanent,7695000.00,0.0,0.0,0.0,1.0,0.00,True,"generated for hackathon starter kit, not a real portfolio",0.00,Kitisuru,3887.4,False
common,250.0,NBO-0235,-1.290382,36.928578,informal_iron_sheet,675000.00,0.11200805753469467,0.168012086302042,0.14785063594579698,1.0,99799.18,True,"generated for hackathon starter kit, not a real portfolio",93049.18,Kayole,2820.7,False
common,250.0,NBO-0236,-1.187621,36.72315,semi_permanent,9120000.00,0.0,0.0,0.0,1.0,0.00,True,"generated for hackathon starter kit, not a real portfolio",0.00,Kitisuru,7921.3,False
common,250.0,NBO-0237,-1.199153,36.70927,concrete_rcc,697740000.00,0.0,0.0,0.0,1.0,0.00,True,"generated for hackathon starter kit, not a real portfolio",0.00,Kitisuru,8255.5,False
common,250.0,NBO-0238,-1.281576,36.902948,permanent_masonry,31835000.00,0.06823217868804932,0.10234826803207397,0.04503323793411255,1.0,1433633.13,True,"generated for hackathon starter kit, not a real portfolio",1115283.13,Komarock,1125.8,True
common,250.0,NBO-0239,-1.188579,36.716339,permanent_masonry,37440000.00,0.0,0.0,0.0,1.0,0.00,True,"generated for hackathon starter kit, not a real portfolio",0.00,Kitisuru,8375.1,False
common,250.0,NBO-0240,-1.211563,36.84204,permanent_masonry,18665000.00,0.0,0.0,0.0,1.0,0.00,True,"generated for hackathon starter kit, not a real portfolio",0.00,Mathare,6139.8,False
common,250.0,NBO-0241,-1.230749,36.829461,permanent_masonry,37825000.00,0.007009557448327541,0.010514336172491312,0.004626307915896177,1.0,174990.10,True,"generated for hackathon starter kit, not a real portfolio",0.00,Parklands,4158.4,False
common,250.0,NBO-0242,-1.219856,36.921451,semi_permanent,5850000.00,0.39219895005226135,0.588298425078392,0.3110073280334473,1.0,1819392.87,True,"generated for hackathon starter kit, not a real portfolio",1760892.87,Mwiki,1945.2,True
common,250.0,NBO-0243,-1.190807,36.86859,semi_permanent,4500000.00,0.0,0.0,0.0,1.0,0.00,True,"generated for hackathon starter kit, not a real portfolio",0.00,Dandora,7318.5,False
common,250.0,NBO-0244,-1.227495,36.945525,informal_iron_sheet,865000.00,0.5118399262428284,0.7677598893642426,0.5378143513202668,1.0,465209.41,True,"generated for hackathon starter kit, not a real portfolio",456559.41,Mwiki,1483.0,True
common,250.0,NBO-0245,-1.236395,36.870383,informal_iron_sheet,1470000.00,0.17573998868465424,0.26360998302698135,0.22871038913726807,1.0,336204.27,True,"generated for hackathon starter kit, not a real portfolio",321504.27,Mathare,2450.5,False
common,250.0,NBO-0246,-1.271319,36.783572,semi_permanent,2350000.00,0.0033656794112175703,0.0050485191168263555,0.002961797881871462,1.0,6960.23,True,"generated for hackathon starter kit, not a real portfolio",0.00,Kileleshwa,770.8,True
common,250.0,NBO-0247,-1.186897,36.934355,informal_iron_sheet,1930000.00,0.2489110231399536,0.3733665347099304,0.29895458221435545,1.0,576982.34,True,"generated for hackathon starter kit, not a real portfolio",557682.34,Mwiki,5100.9,False
common,250.0,NBO-0248,-1.303397,36.719771,permanent_masonry,67115000.00,0.0,0.0,0.0,1.0,0.00,True,"generated for hackathon starter kit, not a real portfolio",0.00,Kawangware,4498.9,False
common,250.0,NBO-0249,-1.201491,36.870552,semi_permanent,2705000.00,0.24660679697990417,0.36991019546985626,0.21701398134231567,1.0,587022.82,True,"generated for hackathon starter kit, not a real portfolio",559972.82,Dandora,6237.6,False
common,250.0,NBO-0250,-1.309464,36.727057,concrete_rcc,346390000.00,0.06572811305522919,0.09859216958284378,0.0333696573972702,1.0,11558915.63,True,"generated for hackathon starter kit, not a real portfolio",8095015.63,Kawangware,4399.2,False
common,250.0,NBO-0251,-1.310908,36.74482,semi_permanent,3695000.00,0.0,0.0,0.0,1.0,0.00,True,"generated for hackathon starter kit, not a real portfolio",0.00,Kawangware,3686.6,False
common,250.0,NBO-0252,-1.311595,36.796579,permanent_masonry,36755000.00,0.0,0.0,0.0,1.0,0.00,True,"generated for hackathon starter kit, not a real portfolio",0.00,Kibera,843.0,True
common,250.0,NBO-0253,-1.197507,36.82492,semi_permanent,5710000.00,0.0,0.0,0.0,1.0,0.00,True,"generated for hackathon starter kit, not a real portfolio",0.00,Westlands,6954.1,False
common,250.0,NBO-0254,-1.225363,36.713396,informal_iron_sheet,1930000.00,0.0,0.0,0.0,1.0,0.00,True,"generated for hackathon starter kit, not a real portfolio",0.00,Kangemi,6417.7,False
common,250.0,NBO-0255,-1.306528,36.801425,permanent_masonry,59540000.00,0.0,0.0,0.0,1.0,0.00,True,"generated for hackathon starter kit, not a real portfolio",0.00,Kibera,1481.0,True
common,250.0,NBO-0256,-1.32265,36.834249,semi_permanent,3650000.00,0.0,0.0,0.0,1.0,0.00,True,"generated for hackathon starter kit, not a real portfolio",0.00,Nairobi West,1985.5,True
common,250.0,NBO-0257,-1.23058,36.769731,concrete_rcc,1181605000.00,0.0,0.0,0.0,1.0,0.00,True,"generated for hackathon starter kit, not a real portfolio",0.00,Kitisuru,1099.1,True
common,250.0,NBO-0258,-1.325808,36.801523,permanent_masonry,36655000.00,0.0,0.0,0.0,1.0,0.00,True,"generated for hackathon starter kit, not a real portfolio",0.00,Lang'ata,1492.6,True
common,250.0,NBO-0259,-1.194012,36.894882,permanent_masonry,30340000.00,0.3750833570957184,0.5626250356435776,0.24004001140594483,1.0,7282813.95,True,"generated for hackathon starter kit, not a real portfolio",6979413.95,Dandora,5794.7,False
common,250.0,NBO-0260,-1.328899,36.747618,semi_permanent,10010000.00,0.0,0.0,0.0,1.0,0.00,True,"generated for hackathon starter kit, not a real portfolio",0.00,Lang'ata,4836.8,False
common,250.0,NBO-0261,-1.23631,36.777251,concrete_rcc,823910000.00,0.021113308146595955,0.03166996221989393,0.0107190641359641,1.0,8831544.13,True,"generated for hackathon starter kit, not a real portfolio",592444.13,Kitisuru,826.4,True
common,250.0,NBO-0262,-1.313656,36.769023,informal_iron_sheet,495000.00,0.0,0.0,0.0,1.0,0.00,True,"generated for hackathon starter kit, not a real portfolio",0.00,Kibera,2235.7,False
common,250.0,NBO-0263,-1.240543,36.762234,semi_permanent,3240000.00,0.0,0.0,0.0,1.0,0.00,True,"generated for hackathon starter kit, not a real portfolio",0.00,Kitisuru,978.0,True
common,250.0,NBO-0264,-1.194188,36.709318,concrete_rcc,850565000.00,0.0,0.0,0.0,1.0,0.00,True,"generated for hackathon starter kit, not a real portfolio",0.00,Kitisuru,8570.1,False
common,250.0,NBO-0265,-1.20795,36.939186,informal_iron_sheet,1650000.00,0.23285046219825745,0.34927569329738617,0.28353644371032716,1.0,467835.13,True,"generated for hackathon starter kit, not a real portfolio",451335.13,Mwiki,2835.8,False
common,250.0,NBO-0266,-1.245469,36.827153,semi_permanent,3960000.00,0.0,0.0,0.0,1.0,0.00,True,"generated for hackathon starter kit, not a real portfolio",0.00,Parklands,2683.5,False
common,250.0,NBO-0267,-1.265873,36.781748,permanent_masonry,28335000.00,0.2188541740179062,0.3282812610268593,0.1444437548518181,1.0,4092813.79,True,"generated for hackathon starter kit, not a real portfolio",3809463.79,Lavington,1098.7,True
common,250.0,NBO-0268,-1.277204,36.92012,informal_iron_sheet,875000.00,0.49877408146858215,0.7481611222028732,0.528896673321724,1.0,462784.59,True,"generated for hackathon starter kit, not a real portfolio",454034.59,Kayole,1165.8,True
common,250.0,NBO-0269,-1.230379,36.705483,semi_permanent,3310000.00,0.0,0.0,0.0,1.0,0.00,True,"generated for hackathon starter kit, not a real portfolio",0.00,Kangemi,6677.6,False
common,250.0,NBO-0270,-1.22036,36.726497,permanent_masonry,106590000.00,0.0,0.0,0.0,1.0,0.00,True,"generated for hackathon starter kit, not a real portfolio",0.00,Kitisuru,5428.1,False
common,250.0,NBO-0271,-1.238975,36.704695,semi_permanent,3125000.00,0.0,0.0,0.0,1.0,0.00,True,"generated for hackathon starter kit, not a real portfolio",0.00,Kangemi,6198.8,False
common,250.0,NBO-0272,-1.268976,36.707647,permanent_masonry,84745000.00,0.0,0.0,0.0,1.0,0.00,True,"generated for hackathon starter kit, not a real portfolio",0.00,Kangemi,4964.8,False
common,250.0,NBO-0273,-1.224272,36.70066,semi_permanent,3775000.00,0.0,0.0,0.0,1.0,0.00,True,"generated for hackathon starter kit, not a real portfolio",0.00,Kangemi,7523.4,False
common,250.0,NBO-0274,-1.290944,36.852137,permanent_masonry,38080000.00,0.12022798508405685,0.18034197762608528,0.07935047015547753,1.0,3021665.90,True,"generated for hackathon starter kit, not a real portfolio",2640865.90,Kiambiu,1581.0,True
common,250.0,NBO-0275,-1.305913,36.879391,semi_permanent,4445000.00,0.0018672097939997911,0.0028008146909996867,0.0016431446187198163,1.0,7303.78,True,"generated for hackathon starter kit, not a real portfolio",0.00,Donholm,1273.3,True
common,250.0,NBO-0276,-1.341675,36.788527,informal_iron_sheet,2025000.00,0.0,0.0,0.0,1.0,0.00,True,"generated for hackathon starter kit, not a real portfolio",0.00,Lang'ata,2531.3,False
common,250.0,NBO-0277,-1.316557,36.932,semi_permanent,3990000.00,0.08512059599161148,0.12768089398741722,0.0749061244726181,1.0,298875.44,True,"generated for hackathon starter kit, not a real portfolio",258975.44,Fedha,3725.9,False
common,250.0,NBO-0278,-1.184995,36.888914,semi_permanent,3950000.00,0.16914838552474976,0.25372257828712463,0.14885057926177978,1.0,587959.79,True,"generated for hackathon starter kit, not a real portfolio",548459.79,Dandora,6930.0,False
common,250.0,NBO-0279,-1.242356,36.946982,semi_permanent,3240000.00,0.4855479598045349,0.7283219397068024,0.37075069427490237,1.0,1201232.25,True,"generated for hackathon starter kit, not a real portfolio",1168832.25,Mwiki,1861.1,True
common,250.0,NBO-0280,-1.286231,36.892072,concrete_rcc,609445000.00,0.003465998684987426,0.005198998027481139,0.0017596608708397698,1.0,1072416.52,True,"generated for hackathon starter kit, not a real portfolio",0.00,Donholm,1493.1,True
common,250.0,NBO-0281,-1.187574,36.830611,permanent_masonry,24840000.00,0.0,0.0,0.0,1.0,0.00,True,"generated for hackathon starter kit, not a real portfolio",0.00,Westlands,8215.0,False
common,250.0,NBO-0282,-1.338431,36.714023,permanent_masonry,46565000.00,0.0,0.0,0.0,1.0,0.00,True,"generated for hackathon starter kit, not a real portfolio",0.00,Kawangware,7871.1,False
common,250.0,NBO-0283,-1.295195,36.729934,informal_iron_sheet,850000.00,0.0,0.0,0.0,1.0,0.00,True,"generated for hackathon starter kit, not a real portfolio",0.00,Kawangware,3047.2,False
common,250.0,NBO-0284,-1.27871,36.781699,semi_permanent,11015000.00,0.04823615029454231,0.07235422544181347,0.042447812259197235,1.0,467562.65,True,"generated for hackathon starter kit, not a real portfolio",357412.65,Kileleshwa,723.6,True
common,250.0,NBO-0285,-1.308304,36.733992,semi_permanent,3770000.00,0.0,0.0,0.0,1.0,0.00,True,"generated for hackathon starter kit, not a real portfolio",0.00,Kawangware,3854.9,False
common,250.0,NBO-0286,-1.211654,36.859362,permanent_masonry,27450000.00,0.04721904918551445,0.07082857377827168,0.031164572462439536,1.0,855467.51,True,"generated for hackathon starter kit, not a real portfolio",580967.51,Mathare,5365.3,False
common,250.0,NBO-0287,-1.305027,36.717376,informal_iron_sheet,700000.00,0.0,0.0,0.0,1.0,0.00,True,"generated for hackathon starter kit, not a real portfolio",0.00,Kawangware,4820.4,False
common,250.0,NBO-0288,-1.267276,36.835611,semi_permanent,5600000.00,0.02906077168881893,0.0435911575332284,0.02557347908616066,1.0,143211.48,True,"generated for hackathon starter kit, not a real portfolio",87211.48,Parklands,2816.5,False
common,250.0,NBO-0289,-1.185153,36.790811,semi_permanent,3625000.00,0.0,0.0,0.0,1.0,0.00,True,"generated for hackathon starter kit, not a real portfolio",0.00,Kitisuru,6522.7,False
common,250.0,NBO-0290,-1.266469,36.795974,semi_permanent,3005000.00,0.0,0.0,0.0,1.0,0.00,True,"generated for hackathon starter kit, not a real portfolio",0.00,Chiromo,1254.9,True
common,250.0,NBO-0291,-1.309713,36.71976,permanent_masonry,25425000.00,0.007662816438823938,0.011494224658235908,0.005057458849623799,1.0,128585.89,True,"generated for hackathon starter kit, not a real portfolio",0.00,Kawangware,4963.5,False
common,250.0,NBO-0292,-1.248732,36.879753,informal_iron_sheet,865000.00,0.45014941692352295,0.6752241253852844,0.4851344752311707,1.0,419641.32,True,"generated for hackathon starter kit, not a real portfolio",410991.32,Kariobangi,1177.0,True
common,250.0,NBO-0293,-1.204167,36.891005,semi_permanent,2185000.00,0.6318746209144592,0.9478119313716888,0.45912477254867556,1.0,1003187.63,True,"generated for hackathon starter kit, not a real portfolio",981337.63,Dandora,4830.3,False
common,250.0,NBO-0294,-1.28955,36.779763,informal_iron_sheet,715000.00,0.21269473433494568,0.3190421015024185,0.2641869449615479,1.0,188893.67,True,"generated for hackathon starter kit, not a real portfolio",181743.67,Kileleshwa,1688.0,True
common,250.0,NBO-0295,-1.33716,36.794091,permanent_masonry,62920000.00,0.0,0.0,0.0,1.0,0.00,True,"generated for hackathon starter kit, not a real portfolio",0.00,Lang'ata,2075.1,False
common,250.0,NBO-0296,-1.278423,36.873103,informal_iron_sheet,1230000.00,0.22127337753772736,0.33191006630659103,0.27242244243621827,1.0,335079.60,True,"generated for hackathon starter kit, not a real portfolio",322779.60,Kiambiu,1159.6,True
common,250.0,NBO-0297,-1.213308,36.732977,semi_permanent,4370000.00,0.0,0.0,0.0,1.0,0.00,True,"generated for hackathon starter kit, not a real portfolio",0.00,Kitisuru,5192.0,False
common,250.0,NBO-0298,-1.323806,36.853642,semi_permanent,2400000.00,0.0,0.0,0.0,1.0,0.00,True,"generated for hackathon starter kit, not a real portfolio",0.00,Nairobi West,3788.1,False
common,250.0,NBO-0299,-1.298429,36.785526,semi_permanent,2280000.00,0.0,0.0,0.0,1.0,0.00,True,"generated for hackathon starter kit, not a real portfolio",0.00,Kibera,1485.9,True
common,250.0,NBO-0300,-1.316479,36.875112,permanent_masonry,48805000.00,0.14209981262683868,0.21314971894025803,0.09378587633371353,1.0,4577219.69,True,"generated for hackathon starter kit, not a real portfolio",4089169.69,Donholm,2441.0,False
common,250.0,NBO-0301,-1.196509,36.858876,permanent_masonry,95790000.00,0.0,0.0,0.0,1.0,0.00,True,"generated for hackathon starter kit, not a real portfolio",0.00,Mathare,7020.1,False
common,250.0,NBO-0302,-1.207697,36.777948,semi_permanent,4830000.00,0.0,0.0,0.0,1.0,0.00,True,"generated for hackathon starter kit, not a real portfolio",0.00,Kitisuru,3714.5,False
common,250.0,NBO-0303,-1.326648,36.769993,concrete_rcc,305250000.00,0.0,0.0,0.0,1.0,0.00,True,"generated for hackathon starter kit, not a real portfolio",0.00,Lang'ata,2380.4,False
common,250.0,NBO-0304,-1.32852,36.797975,permanent_masonry,58110000.00,0.0,0.0,0.0,1.0,0.00,True,"generated for hackathon starter kit, not a real portfolio",0.00,Lang'ata,1386.1,True
common,250.0,NBO-0305,-1.310833,36.773989,concrete_rcc,838115000.00,0.0,0.0,0.0,1.0,0.00,True,"generated for hackathon starter kit, not a real portfolio",0.00,Kibera,1669.7,True
common,250.0,NBO-0306,-1.220163,36.889739,permanent_masonry,67155000.00,0.18380430340766907,0.2757064551115036,0.12131084024906158,1.0,8146629.48,True,"generated for hackathon starter kit, not a real portfolio",7475079.48,Dandora,3297.2,False
common,250.0,NBO-0307,-1.335209,36.897649,informal_iron_sheet,960000.00,0.10506311804056168,0.15759467706084251,0.1386833158135414,1.0,133135.98,True,"generated for hackathon starter kit, not a real portfolio",123535.98,Fedha,2174.7,False
common,250.0,NBO-0308,-1.253911,36.823871,permanent_masonry,56055000.00,0.5121504068374634,0.7682256102561951,0.3058321952819824,1.0,17143423.71,True,"generated for hackathon starter kit, not a real portfolio",16582873.71,Parklands,1789.5,True
common,250.0,NBO-0309,-1.230274,36.759232,semi_permanent,6120000.00,0.0,0.0,0.0,1.0,0.00,True,"generated for hackathon starter kit, not a real portfolio",0.00,Kitisuru,1727.0,True
common,250.0,NBO-0310,-1.193935,36.823109,permanent_masonry,37675000.00,0.0,0.0,0.0,1.0,0.00,True,"generated for hackathon starter kit, not a real portfolio",0.00,Westlands,7151.9,False
common,250.0,NBO-0311,-1.185447,36.889115,concrete_rcc,743690000.00,0.11633013188838959,0.17449519783258438,0.05905991311256702,1.0,43922266.78,True,"generated for hackathon starter kit, not a real portfolio",36485366.78,Dandora,6875.5,False
common,250.0,NBO-0312,-1.27629,36.836385,semi_permanent,3975000.00,0.0,0.0,0.0,1.0,0.00,True,"generated for hackathon starter kit, not a real portfolio",0.00,Kiambiu,3077.2,False
common,250.0,NBO-0313,-1.204866,36.703881,permanent_masonry,49505000.00,0.0,0.0,0.0,1.0,0.00,True,"generated for hackathon starter kit, not a real portfolio",0.00,Kitisuru,8445.0,False
common,250.0,NBO-0314,-1.182174,36.721902,permanent_masonry,114670000.00,0.0,0.0,0.0,1.0,0.00,True,"generated for hackathon starter kit, not a real portfolio",0.00,Kitisuru,8468.6,False
common,250.0,NBO-0315,-1.181293,36.796118,semi_permanent,3770000.00,0.0,0.0,0.0,1.0,0.00,True,"generated for hackathon starter kit, not a real portfolio",0.00,Kitisuru,7137.5,False
common,250.0,NBO-0316,-1.206311,36.910658,concrete_rcc,522650000.00,0.6274335384368896,0.9411503076553345,0.29166776803823613,1.0,152440158.97,True,"generated for hackathon starter kit, not a real portfolio",147213658.97,Mwiki,3868.5,False
common,250.0,NBO-0317,-1.245344,36.806905,informal_iron_sheet,2150000.00,0.0,0.0,0.0,1.0,0.00,True,"generated for hackathon starter kit, not a real portfolio",0.00,Parklands,2013.1,False
common,250.0,NBO-0318,-1.332425,36.855886,informal_iron_sheet,1335000.00,0.0,0.0,0.0,1.0,0.00,True,"generated for hackathon starter kit, not a real portfolio",0.00,Nairobi West,4499.3,False
common,250.0,NBO-0319,-1.256119,36.841093,semi_permanent,6610000.00,0.0,0.0,0.0,1.0,0.00,True,"generated for hackathon starter kit, not a real portfolio",0.00,Mathare,3363.9,False
common,250.0,NBO-0320,-1.348242,36.720226,semi_permanent,4105000.00,0.0,0.0,0.0,1.0,0.00,True,"generated for hackathon starter kit, not a real portfolio",0.00,Lang'ata,8409.8,False
common,250.0,NBO-0321,-1.214463,36.819394,semi_permanent,3110000.00,0.0,0.0,0.0,1.0,0.00,True,"generated for hackathon starter kit, not a real portfolio",0.00,Westlands,5141.2,False
common,250.0,NBO-0322,-1.317859,36.80791,concrete_rcc,394920000.00,0.09512441605329514,0.1426866240799427,0.0482939343039806,1.0,19072240.54,True,"generated for hackathon starter kit, not a real portfolio",15123040.54,Madaraka,1425.8,True
common,250.0,NBO-0323,-1.269099,36.814491,permanent_masonry,36045000.00,0.0,0.0,0.0,1.0,0.00,True,"generated for hackathon starter kit, not a real portfolio",0.00,Parklands,796.9,True
common,250.0,NBO-0324,-1.327675,36.927681,concrete_rcc,310620000.00,0.11139385402202606,0.1670907810330391,0.056553802811182455,1.0,17566742.23,True,"generated for hackathon starter kit, not a real portfolio",14460542.23,Fedha,3508.4,False
common,250.0,NBO-0325,-1.213059,36.774836,concrete_rcc,1116695000.00,0.0,0.0,0.0,1.0,0.00,True,"generated for hackathon starter kit, not a real portfolio",0.00,Kitisuru,3067.1,False
common,250.0,NBO-0326,-1.274304,36.944364,permanent_masonry,66125000.00,0.32641294598579407,0.4896194189786911,0.2154325443506241,1.0,14245477.00,True,"generated for hackathon starter kit, not a real portfolio",13584227.00,Kayole,2903.6,False
common,250.0,NBO-0327,-1.285088,36.818006,informal_iron_sheet,1080000.00,0.0,0.0,0.0,1.0,0.00,True,"generated for hackathon starter kit, not a real portfolio",0.00,Chiromo,2045.0,False
common,250.0,NBO-0328,-1.341179,36.819429,semi_permanent,5435000.00,0.0,0.0,0.0,1.0,0.00,True,"generated for hackathon starter kit, not a real portfolio",0.00,Nairobi West,3634.2,False
common,250.0,NBO-0329,-1.231313,36.878088,permanent_masonry,23595000.00,0.0,0.0,0.0,1.0,0.00,True,"generated for hackathon starter kit, not a real portfolio",0.00,Mathare,3107.6,False
common,250.0,NBO-0330,-1.344911,36.819275,permanent_masonry,56410000.00,0.037077147513628006,0.05561572127044201,0.024470917358994485,1.0,1380404.45,True,"generated for hackathon starter kit, not a real portfolio",816304.45,Nairobi West,4048.6,False
common,250.0,NBO-0331,-1.299253,36.714793,semi_permanent,3410000.00,0.0,0.0,0.0,1.0,0.00,True,"generated for hackathon starter kit, not a real portfolio",0.00,Kawangware,4703.8,False
common,250.0,NBO-0332,-1.210051,36.840545,informal_iron_sheet,975000.00,0.0,0.0,0.0,1.0,0.00,True,"generated for hackathon starter kit, not a real portfolio",0.00,Mathare,6370.6,False
common,250.0,NBO-0333,-1.271368,36.72167,informal_iron_sheet,1585000.00,0.0,0.0,0.0,1.0,0.00,True,"generated for hackathon starter kit, not a real portfolio",0.00,Kawangware,3424.2,False
common,250.0,NBO-0334,-1.300269,36.932332,semi_permanent,3980000.00,0.15083599090576172,0.22625398635864258,0.13273567199707031,1.0,528287.97,True,"generated for hackathon starter kit, not a real portfolio",488487.97,Tassia,3824.5,False
common,250.0,NBO-0335,-1.204821,36.777835,concrete_rcc,499980000.00,0.0,0.0,0.0,1.0,0.00,True,"generated for hackathon starter kit, not a real portfolio",0.00,Kitisuru,4025.6,False
common,250.0,NBO-0336,-1.31156,36.933433,concrete_rcc,425295000.00,0.038985107094049454,0.05847766064107418,0.019792438986209724,1.0,8417625.34,True,"generated for hackathon starter kit, not a real portfolio",4164675.34,Tassia,3904.2,False
common,250.0,NBO-0337,-1.182634,36.829649,semi_permanent,7645000.00,0.0,0.0,0.0,1.0,0.00,True,"generated for hackathon starter kit, not a real portfolio",0.00,Westlands,8598.9,False
common,250.0,NBO-0338,-1.300632,36.895328,semi_permanent,7740000.00,0.18547111749649048,0.2782066762447357,0.1632145833969116,1.0,1263280.88,True,"generated for hackathon starter kit, not a real portfolio",1185880.88,Donholm,754.4,True
common,250.0,NBO-0339,-1.310599,36.826601,concrete_rcc,439535000.00,0.21118329465389252,0.3167749419808388,0.10721613420889928,1.0,47125243.55,True,"generated for hackathon starter kit, not a real portfolio",42729893.55,Nairobi West,442.9,True
common,250.0,NBO-0340,-1.1977,36.752666,semi_permanent,8060000.00,0.0,0.0,0.0,1.0,0.00,True,"generated for hackathon starter kit, not a real portfolio",0.00,Kitisuru,5166.2,False
common,250.0,NBO-0341,-1.346872,36.949269,semi_permanent,6365000.00,0.04182745888829231,0.06274118833243847,0.036808163821697236,1.0,234283.96,True,"generated for hackathon starter kit, not a real portfolio",170633.96,Fedha,6625.4,False
common,250.0,NBO-0342,-1.200346,36.858594,informal_iron_sheet,1900000.00,0.08852744102478027,0.1327911615371704,0.11685622215270997,1.0,222026.82,True,"generated for hackathon starter kit, not a real portfolio",203026.82,Mathare,6608.9,False
common,250.0,NBO-0343,-1.254997,36.812644,semi_permanent,5850000.00,0.0,0.0,0.0,1.0,0.00,True,"generated for hackathon starter kit, not a real portfolio",0.00,Parklands,924.3,True
common,250.0,NBO-0344,-1.213194,36.935062,permanent_masonry,32270000.00,0.18625959753990173,0.2793893963098526,0.12293133437633515,1.0,3966994.16,True,"generated for hackathon starter kit, not a real portfolio",3644294.16,Mwiki,2184.5,False
common,250.0,NBO-0345,-1.278319,36.839113,semi_permanent,6630000.00,0.0,0.0,0.0,1.0,0.00,True,"generated for hackathon starter kit, not a real portfolio",0.00,Kiambiu,2736.6,False
common,250.0,NBO-0346,-1.306948,36.801566,informal_iron_sheet,1700000.00,0.0,0.0,0.0,1.0,0.00,True,"generated for hackathon starter kit, not a real portfolio",0.00,Kibera,1479.6,True
common,250.0,NBO-0347,-1.274636,36.749664,informal_iron_sheet,960000.00,0.29824766516685486,0.4473714977502823,0.34631775856018066,1.0,332465.05,True,"generated for hackathon starter kit, not a real portfolio",322865.05,Kawangware,479.1,True
common,250.0,NBO-0348,-1.317463,36.783427,concrete_rcc,626905000.00,0.15044119954109192,0.22566179931163788,0.0763778397670159,1.0,47881649.64,True,"generated for hackathon starter kit, not a real portfolio",41612599.64,Lang'ata,746.8,True
common,250.0,NBO-0349,-1.343824,36.902898,informal_iron_sheet,1540000.00,0.04373793303966522,0.06560689955949783,0.05773407161235809,1.0,88910.47,True,"generated for hackathon starter kit, not a real portfolio",73510.47,Fedha,3168.7,False
common,250.0,NBO-0350,-1.292185,36.740383,concrete_rcc,475860000.00,0.05346808582544327,0.0802021287381649,0.02714533588060966,1.0,12917379.53,True,"generated for hackathon starter kit, not a real portfolio",8158779.53,Kawangware,1973.6,True
common,250.0,NBO-0351,-1.241881,36.815722,informal_iron_sheet,1350000.00,0.0,0.0,0.0,1.0,0.00,True,"generated for hackathon starter kit, not a real portfolio",0.00,Parklands,2422.3,False
common,250.0,NBO-0352,-1.310166,36.860695,semi_permanent,6100000.00,0.0,0.0,0.0,1.0,0.00,True,"generated for hackathon starter kit, not a real portfolio",0.00,Kiambiu,3115.9,False
common,250.0,NBO-0353,-1.331766,36.81104,concrete_rcc,393455000.00,0.0,0.0,0.0,1.0,0.00,True,"generated for hackathon starter kit, not a real portfolio",0.00,Lang'ata,2740.7,False
common,250.0,NBO-0354,-1.225862,36.799735,permanent_masonry,31610000.00,0.0,0.0,0.0,1.0,0.00,True,"generated for hackathon starter kit, not a real portfolio",0.00,Westlands,2754.3,False
common,250.0,NBO-0355,-1.347451,36.709257,informal_iron_sheet,1065000.00,0.0,0.0,0.0,1.0,0.00,True,"generated for hackathon starter kit, not a real portfolio",0.00,Kawangware,9002.7,False
common,250.0,NBO-0356,-1.203566,36.90393,informal_iron_sheet,1125000.00,0.4824559688568115,0.7236839532852173,0.5142103719711304,1.0,578486.67,True,"generated for hackathon starter kit, not a real portfolio",567236.67,Mwiki,4601.4,False
common,250.0,NBO-0357,-1.347865,36.718488,permanent_masonry,48595000.00,0.0,0.0,0.0,1.0,0.00,True,"generated for hackathon starter kit, not a real portfolio",0.00,Kawangware,8552.1,False
common,250.0,NBO-0358,-1.310107,36.808186,permanent_masonry,33745000.00,0.24643103778362274,0.3696465566754341,0.162644484937191,1.0,5488438.14,True,"generated for hackathon starter kit, not a real portfolio",5150988.14,Madaraka,849.8,True
common,250.0,NBO-0359,-1.274801,36.721075,semi_permanent,3600000.00,0.0,0.0,0.0,1.0,0.00,True,"generated for hackathon starter kit, not a real portfolio",0.00,Kawangware,3422.5,False
common,250.0,NBO-0360,-1.306434,36.778519,informal_iron_sheet,1340000.00,0.0,0.0,0.0,1.0,0.00,True,"generated for hackathon starter kit, not a real portfolio",0.00,Kibera,1286.2,True
common,250.0,NBO-0361,-1.260813,36.895214,informal_iron_sheet,485000.00,0.19975143671035767,0.2996271550655365,0.25176137924194336,1.0,122104.27,True,"generated for hackathon starter kit, not a real portfolio",117254.27,Kariobangi,1490.9,True
common,250.0,NBO-0362,-1.218859,36.931263,concrete_rcc,827820000.00,0.2912556231021881,0.43688343465328217,0.14786823942111088,1.0,122408285.96,True,"generated for hackathon starter kit, not a real portfolio",114130085.96,Mwiki,1561.4,True
common,250.0,NBO-0363,-1.265965,36.71004,permanent_masonry,41830000.00,0.15738287568092346,0.2360743135213852,0.10387269794940948,1.0,4344994.96,True,"generated for hackathon starter kit, not a real portfolio",3926694.96,Kangemi,4703.1,False
common,250.0,NBO-0364,-1.270336,36.775293,permanent_masonry,32130000.00,0.0,0.0,0.0,1.0,0.00,True,"generated for hackathon starter kit, not a real portfolio",0.00,Lavington,427.7,True
common,250.0,NBO-0365,-1.245682,36.872151,permanent_masonry,74420000.00,0.017500517889857292,0.026250776834785938,0.011550341807305813,1.0,859576.44,True,"generated for hackathon starter kit, not a real portfolio",115376.44,Mathare,1419.3,True
common,250.0,NBO-0366,-1.294328,36.79296,informal_iron_sheet,805000.00,0.021733464673161507,0.03260019700974226,0.02868817336857319,1.0,23093.98,True,"generated for hackathon starter kit, not a real portfolio",15043.98,Kibera,1941.5,True
common,250.0,NBO-0367,-1.279863,36.946799,informal_iron_sheet,1430000.00,0.2002120167016983,0.30031802505254745,0.2522035360336304,1.0,360651.06,True,"generated for hackathon starter kit, not a real portfolio",346351.06,Kayole,3380.8,False
common,250.0,NBO-0368,-1.281142,36.73553,permanent_masonry,88130000.00,0.0,0.0,0.0,1.0,0.00,True,"generated for hackathon starter kit, not a real portfolio",0.00,Kawangware,1815.8,True
common,250.0,NBO-0369,-1.304822,36.734471,semi_permanent,5615000.00,0.0,0.0,0.0,1.0,0.00,True,"generated for hackathon starter kit, not a real portfolio",0.00,Kawangware,3497.8,False
common,250.0,NBO-0370,-1.259124,36.882024,informal_iron_sheet,1300000.00,0.18532536923885345,0.2779880538582802,0.23791235446929931,1.0,309286.06,True,"generated for hackathon starter kit, not a real portfolio",296286.06,Kariobangi,12.7,True
common,250.0,NBO-0371,-1.18152,36.87356,permanent_masonry,63800000.00,0.0,0.0,0.0,1.0,0.00,True,"generated for hackathon starter kit, not a real portfolio",0.00,Dandora,7921.6,False
common,250.0,NBO-0372,-1.244471,36.934206,semi_permanent,5795000.00,0.33883726596832275,0.5082558989524841,0.2768558502197266,1.0,1604379.65,True,"generated for hackathon starter kit, not a real portfolio",1546429.65,Mwiki,1306.7,True
common,250.0,NBO-0373,-1.333748,36.718557,permanent_masonry,104225000.00,0.0,0.0,0.0,1.0,0.00,True,"generated for hackathon starter kit, not a real portfolio",0.00,Kawangware,7163.7,False
common,250.0,NBO-0374,-1.306874,36.704134,informal_iron_sheet,1175000.00,0.0,0.0,0.0,1.0,0.00,True,"generated for hackathon starter kit, not a real portfolio",0.00,Kawangware,6154.2,False
common,250.0,NBO-0375,-1.265587,36.732079,permanent_masonry,53235000.00,0.0,0.0,0.0,1.0,0.00,True,"generated for hackathon starter kit, not a real portfolio",0.00,Kangemi,2263.6,False
common,250.0,NBO-0376,-1.330722,36.930502,semi_permanent,8385000.00,0.05139143019914627,0.0770871452987194,0.04522445857524872,1.0,379207.09,True,"generated for hackathon starter kit, not a real portfolio",295357.09,Fedha,3932.1,False
common,250.0,NBO-0377,-1.240753,36.808486,semi_permanent,6520000.00,0.08815032243728638,0.13222548365592957,0.07757228374481201,1.0,505771.29,True,"generated for hackathon starter kit, not a real portfolio",440571.29,Parklands,2492.0,False
common,250.0,NBO-0378,-1.232748,36.807252,semi_permanent,1970000.00,0.0,0.0,0.0,1.0,0.00,True,"generated for hackathon starter kit, not a real portfolio",0.00,Westlands,2808.9,False
common,250.0,NBO-0379,-1.244467,36.767451,permanent_masonry,52055000.00,0.0,0.0,0.0,1.0,0.00,True,"generated for hackathon starter kit, not a real portfolio",0.00,Kitisuru,604.1,True
common,250.0,NBO-0380,-1.256632,36.748659,permanent_masonry,75325000.00,0.0,0.0,0.0,1.0,0.00,True,"generated for hackathon starter kit, not a real portfolio",0.00,Kangemi,1327.9,True
common,250.0,NBO-0381,-1.305364,36.729212,permanent_masonry,49750000.00,0.0,0.0,0.0,1.0,0.00,True,"generated for hackathon starter kit, not a real portfolio",0.00,Kawangware,3894.3,False
common,250.0,NBO-0382,-1.287241,36.888335,informal_iron_sheet,1785000.00,0.04948350414633751,0.07422525621950626,0.06531822547316551,1.0,116593.03,True,"generated for hackathon starter kit, not a real portfolio",98743.03,Donholm,1333.2,True
common,250.0,NBO-0383,-1.306754,36.710739,concrete_rcc,941095000.00,0.0,0.0,0.0,1.0,0.00,True,"generated for hackathon starter kit, not a real portfolio",0.00,Kawangware,5529.3,False
common,250.0,NBO-0384,-1.266942,36.885308,concrete_rcc,841500000.00,0.26626524329185486,0.3993978649377823,0.13518081582509553,1.0,113754656.52,True,"generated for hackathon starter kit, not a real portfolio",105339656.52,Kariobangi,950.8,True
common,250.0,NBO-0385,-1.20217,36.825202,informal_iron_sheet,590000.00,0.0,0.0,0.0,1.0,0.00,True,"generated for hackathon starter kit, not a real portfolio",0.00,Westlands,6576.3,False
common,250.0,NBO-0386,-1.290194,36.745156,permanent_masonry,76960000.00,0.0,0.0,0.0,1.0,0.00,True,"generated for hackathon starter kit, not a real portfolio",0.00,Kawangware,1490.5,True
common,250.0,NBO-0387,-1.229012,36.757269,semi_permanent,2525000.00,0.0,0.0,0.0,1.0,0.00,True,"generated for hackathon starter kit, not a real portfolio",0.00,Kitisuru,1984.4,True
common,250.0,NBO-0388,-1.278278,36.710888,concrete_rcc,430330000.00,0.25296586751937866,0.379448801279068,0.12842882504829994,1.0,55266776.28,True,"generated for hackathon starter kit, not a real portfolio",50963476.28,Kawangware,4530.7,False
common,250.0,NBO-0389,-1.270773,36.910552,semi_permanent,3325000.00,0.052059438079595566,0.07808915711939335,0.045812305510044095,1.0,152325.92,True,"generated for hackathon starter kit, not a real portfolio",119075.92,Komarock,376.5,True
common,250.0,NBO-0390,-1.19186,36.849251,semi_permanent,5340000.00,0.0,0.0,0.0,1.0,0.00,True,"generated for hackathon starter kit, not a real portfolio",0.00,Mathare,7794.8,False
common,250.0,NBO-0391,-1.303499,36.883827,permanent_masonry,78850000.00,0.010094531811773777,0.015141797717660666,0.006662390995770693,1.0,525329.53,True,"generated for hackathon starter kit, not a real portfolio",0.00,Donholm,719.7,True
common,250.0,NBO-0392,-1.199582,36.834712,informal_iron_sheet,730000.00,0.0,0.0,0.0,1.0,0.00,True,"generated for hackathon starter kit, not a real portfolio",0.00,Westlands,7515.6,False
common,250.0,NBO-0393,-1.333316,36.714996,semi_permanent,3390000.00,0.0,0.0,0.0,1.0,0.00,True,"generated for hackathon starter kit, not a real portfolio",0.00,Kawangware,7334.8,False
common,250.0,NBO-0394,-1.223109,36.877667,informal_iron_sheet,1385000.00,0.0,0.0,0.0,1.0,0.00,True,"generated for hackathon starter kit, not a real portfolio",0.00,Dandora,3981.6,False
common,250.0,NBO-0395,-1.288387,36.922284,informal_iron_sheet,925000.00,0.12079522013664246,0.18119283020496368,0.15944969058036804,1.0,147490.96,True,"generated for hackathon starter kit, not a real portfolio",138240.96,Komarock,2382.2,False
common,250.0,NBO-0396,-1.202279,36.766078,informal_iron_sheet,1185000.00,0.0,0.0,0.0,1.0,0.00,True,"generated for hackathon starter kit, not a real portfolio",0.00,Kitisuru,4272.1,False
common,250.0,NBO-0397,-1.334262,36.797507,concrete_rcc,950380000.00,0.0,0.0,0.0,1.0,0.00,True,"generated for hackathon starter kit, not a real portfolio",0.00,Lang'ata,1896.6,True
common,250.0,NBO-0398,-1.212112,36.947855,semi_permanent,3605000.00,0.26118069887161255,0.3917710483074188,0.22715564727783202,1.0,818896.11,True,"generated for hackathon starter kit, not a real portfolio",782846.11,Mwiki,2810.7,False
common,250.0,NBO-0399,-1.208904,36.854328,semi_permanent,3425000.00,0.0,0.0,0.0,1.0,0.00,True,"generated for hackathon starter kit, not a real portfolio",0.00,Mathare,5818.5,False
common,250.0,NBO-0400,-1.183815,36.732616,permanent_masonry,59920000.00,0.0,0.0,0.0,1.0,0.00,True,"generated for hackathon starter kit, not a real portfolio",0.00,Kitisuru,7602.4,False
common,250.0,NBO-0401,-1.225953,36.743443,informal_iron_sheet,885000.00,0.0,0.0,0.0,1.0,0.00,True,"generated for hackathon starter kit, not a real portfolio",0.00,Kitisuru,3461.0,False
common,250.0,NBO-0402,-1.317633,36.764405,permanent_masonry,86790000.00,0.03312943875789642,0.049694158136844635,0.021865429580211638,1.0,1897700.63,True,"generated for hackathon starter kit, not a real portfolio",1029800.63,Kibera,2822.4,False
common,250.0,NBO-0403,-1.231914,36.931956,concrete_rcc,946115000.00,0.14121577143669128,0.21182365715503693,0.07169416088324326,1.0,67830921.02,True,"generated for hackathon starter kit, not a real portfolio",58369771.02,Mwiki,173.4,True
common,250.0,NBO-0404,-1.297077,36.90215,semi_permanent,4480000.00,0.3978939950466156,0.5968409925699234,0.314652156829834,1.0,1409641.66,True,"generated for hackathon starter kit, not a real portfolio",1364841.66,Tassia,1176.8,True
common,250.0,NBO-0405,-1.182548,36.704197,permanent_masonry,86580000.00,0.0,0.0,0.0,1.0,0.00,True,"generated for hackathon starter kit, not a real portfolio",0.00,Kitisuru,9826.2,False
common,250.0,NBO-0406,-1.210983,36.840534,semi_permanent,3390000.00,0.0,0.0,0.0,1.0,0.00,True,"generated for hackathon starter kit, not a real portfolio",0.00,Mathare,6284.0,False
common,250.0,NBO-0407,-1.253995,36.750024,semi_permanent,3505000.00,0.0,0.0,0.0,1.0,0.00,True,"generated for hackathon starter kit, not a real portfolio",0.00,Kangemi,1578.4,True
common,250.0,NBO-0408,-1.334527,36.762454,semi_permanent,3650000.00,0.0,0.0,0.0,1.0,0.00,True,"generated for hackathon starter kit, not a real portfolio",0.00,Lang'ata,3515.4,False
common,250.0,NBO-0409,-1.286737,36.831791,semi_permanent,4740000.00,0.0,0.0,0.0,1.0,0.00,True,"generated for hackathon starter kit, not a real portfolio",0.00,Nairobi West,2626.7,False
common,250.0,NBO-0410,-1.247716,36.748189,permanent_masonry,67745000.00,0.0,0.0,0.0,1.0,0.00,True,"generated for hackathon starter kit, not a real portfolio",0.00,Kangemi,2302.0,False
common,250.0,NBO-0411,-1.189573,36.871599,permanent_masonry,51210000.00,0.0,0.0,0.0,1.0,0.00,True,"generated for hackathon starter kit, not a real portfolio",0.00,Dandora,7249.4,False
common,250.0,NBO-0412,-1.323981,36.709497,permanent_masonry,64635000.00,0.0,0.0,0.0,1.0,0.00,True,"generated for hackathon starter kit, not a real portfolio",0.00,Kawangware,6897.0,False
common,250.0,NBO-0413,-1.29912,36.707958,semi_permanent,6125000.00,0.0,0.0,0.0,1.0,0.00,True,"generated for hackathon starter kit, not a real portfolio",0.00,Kawangware,5372.1,False
common,250.0,NBO-0414,-1.222829,36.772325,concrete_rcc,268000000.00,0.0,0.0,0.0,1.0,0.00,True,"generated for hackathon starter kit, not a real portfolio",0.00,Kitisuru,1956.7,True
common,250.0,NBO-0415,-1.182905,36.723088,informal_iron_sheet,635000.00,0.0,0.0,0.0,1.0,0.00,True,"generated for hackathon starter kit, not a real portfolio",0.00,Kitisuru,8321.5,False
common,250.0,NBO-0416,-1.181257,36.913667,concrete_rcc,1356500000.00,0.18904173374176025,0.2835626006126404,0.09597503405350906,1.0,130190133.69,True,"generated for hackathon starter kit, not a real portfolio",116625133.69,Mwiki,6127.1,False
common,250.0,NBO-0417,-1.302171,36.892264,permanent_masonry,50905000.00,0.012592683546245098,0.018889025319367647,0.008311171140521765,1.0,423080.17,True,"generated for hackathon starter kit, not a real portfolio",0.00,Donholm,515.0,True
common,250.0,NBO-0418,-1.225647,36.840018,permanent_masonry,69265000.00,0.0,0.0,0.0,1.0,0.00,True,"generated for hackathon starter kit, not a real portfolio",0.00,Mathare,5034.2,False
common,250.0,NBO-0419,-1.322424,36.883627,concrete_rcc,452325000.00,0.0,0.0,0.0,1.0,0.00,True,"generated for hackathon starter kit, not a real portfolio",0.00,Fedha,1815.5,True
common,250.0,NBO-0420,-1.339096,36.702452,informal_iron_sheet,1360000.00,0.0,0.0,0.0,1.0,0.00,True,"generated for hackathon starter kit, not a real portfolio",0.00,Kawangware,8680.9,False
common,250.0,NBO-0421,-1.245747,36.759842,concrete_rcc,391420000.00,0.32552075386047363,0.48828113079071045,0.16526438272916352,1.0,64687784.69,True,"generated for hackathon starter kit, not a real portfolio",60773584.69,Kitisuru,1379.6,True
common,250.0,NBO-0422,-1.281913,36.829603,semi_permanent,5305000.00,0.10767294466495514,0.1615094169974327,0.09475219130516052,1.0,502660.37,True,"generated for hackathon starter kit, not a real portfolio",449610.37,Chiromo,2860.2,False
common,250.0,NBO-0423,-1.249578,36.901111,concrete_rcc,633555000.00,0.12106823921203613,0.1816023588180542,0.06146541375380296,1.0,38941720.21,True,"generated for hackathon starter kit, not a real portfolio",32606170.21,Dandora,758.1,True
common,250.0,NBO-0424,-1.290479,36.84768,informal_iron_sheet,900000.00,0.07085767388343811,0.10628651082515717,0.0935321295261383,1.0,84178.92,True,"generated for hackathon starter kit, not a real portfolio",75178.92,Kiambiu,1972.3,True
common,250.0,NBO-0425,-1.348616,36.782807,permanent_masonry,81015000.00,0.0,0.0,0.0,1.0,0.00,True,"generated for hackathon starter kit, not a real portfolio",0.00,Lang'ata,3392.9,False
common,250.0,NBO-0426,-1.315744,36.762556,concrete_rcc,296295000.00,0.0,0.0,0.0,1.0,0.00,True,"generated for hackathon starter kit, not a real portfolio",0.00,Kibera,2980.3,False
common,250.0,NBO-0427,-1.344614,36.914871,informal_iron_sheet,1150000.00,0.038416292518377304,0.057624438777565956,0.05070950612425804,1.0,58315.93,True,"generated for hackathon starter kit, not a real portfolio",46815.93,Fedha,3697.6,False
common,250.0,NBO-0428,-1.211801,36.839118,informal_iron_sheet,1070000.00,0.0,0.0,0.0,1.0,0.00,True,"generated for hackathon starter kit, not a real portfolio",0.00,Mathare,6295.9,False
common,250.0,NBO-0429,-1.335739,36.913418,permanent_masonry,50595000.00,0.04569122567772865,0.06853683851659298,0.03015620894730091,1.0,1525753.39,True,"generated for hackathon starter kit, not a real portfolio",1019803.39,Fedha,2780.7,False
common,250.0,NBO-0430,-1.323625,36.725838,permanent_masonry,45600000.00,0.0,0.0,0.0,1.0,0.00,True,"generated for hackathon starter kit, not a real portfolio",0.00,Kawangware,5783.4,False
common,250.0,NBO-0431,-1.339077,36.900695,informal_iron_sheet,560000.00,0.24800895154476166,0.3720134273171425,0.2980885934829712,1.0,166929.61,True,"generated for hackathon starter kit, not a real portfolio",161329.61,Fedha,2614.3,False
common,250.0,NBO-0432,-1.211213,36.717387,permanent_masonry,45590000.00,0.0,0.0,0.0,1.0,0.00,True,"generated for hackathon starter kit, not a real portfolio",0.00,Kitisuru,6788.3,False
common,250.0,NBO-0433,-1.247364,36.787692,semi_permanent,4320000.00,0.0,0.0,0.0,1.0,0.00,True,"generated for hackathon starter kit, not a real portfolio",0.00,Westlands,202.3,True
common,250.0,NBO-0434,-1.317629,36.800261,informal_iron_sheet,910000.00,0.18065257370471954,0.2709788605570793,0.23342647075653075,1.0,212418.09,True,"generated for hackathon starter kit, not a real portfolio",203318.09,Lang'ata,1152.8,True
common,250.0,NBO-0435,-1.314949,36.71617,semi_permanent,5220000.00,0.0,0.0,0.0,1.0,0.00,True,"generated for hackathon starter kit, not a real portfolio",0.00,Kawangware,5657.8,False
common,250.0,NBO-0436,-1.316654,36.932326,permanent_masonry,37945000.00,0.022109633311629295,0.03316444996744394,0.014592357985675335,1.0,553707.02,True,"generated for hackathon starter kit, not a real portfolio",174257.02,Fedha,3762.4,False
common,250.0,NBO-0437,-1.323597,36.803865,informal_iron_sheet,600000.00,0.0,0.0,0.0,1.0,0.00,True,"generated for hackathon starter kit, not a real portfolio",0.00,Lang'ata,1627.9,True
common,250.0,NBO-0438,-1.276598,36.716169,semi_permanent,6225000.00,0.0,0.0,0.0,1.0,0.00,True,"generated for hackathon starter kit, not a real portfolio",0.00,Kawangware,3949.0,False
common,250.0,NBO-0439,-1.192567,36.872725,semi_permanent,5215000.00,0.0,0.0,0.0,1.0,0.00,True,"generated for hackathon starter kit, not a real portfolio",0.00,Dandora,6901.0,False
common,250.0,NBO-0440,-1.18851,36.783672,semi_permanent,3105000.00,0.0,0.0,0.0,1.0,0.00,True,"generated for hackathon starter kit, not a real portfolio",0.00,Kitisuru,5936.3,False
common,250.0,NBO-0441,-1.185484,36.849843,informal_iron_sheet,740000.00,0.0,0.0,0.0,1.0,0.00,True,"generated for hackathon starter kit, not a real portfolio",0.00,Mathare,8452.0,False
common,250.0,NBO-0442,-1.33239,36.866631,informal_iron_sheet,1470000.00,0.0,0.0,0.0,1.0,0.00,True,"generated for hackathon starter kit, not a real portfolio",0.00,Fedha,4000.5,False
common,250.0,NBO-0443,-1.218721,36.942704,informal_iron_sheet,1445000.00,0.3351253569126129,0.5026880353689194,0.38161282122135165,1.0,551430.53,True,"generated for hackathon starter kit, not a real portfolio",536980.53,Mwiki,1880.5,True
common,250.0,NBO-0444,-1.290744,36.843866,concrete_rcc,590960000.00,0.11719484627246857,0.17579226940870285,0.059498921953714805,1.0,35161482.92,True,"generated for hackathon starter kit, not a real portfolio",29251882.92,Kiambiu,2367.9,False
common,250.0,NBO-0445,-1.259144,36.860661,permanent_masonry,47880000.00,0.1833299994468689,0.27499499917030334,0.12099779963493347,1.0,5793374.65,True,"generated for hackathon starter kit, not a real portfolio",5314574.65,Mathare,1181.6,True
common,250.0,NBO-0446,-1.29806,36.939987,informal_iron_sheet,1330000.00,0.15932293236255646,0.2389843985438347,0.21030627071857452,1.0,279707.34,True,"generated for hackathon starter kit, not a real portfolio",266407.34,Kayole,4168.9,False
common,250.0,NBO-0447,-1.232566,36.780822,informal_iron_sheet,885000.00,0.0,0.0,0.0,1.0,0.00,True,"generated for hackathon starter kit, not a real portfolio",0.00,Kitisuru,1392.7,True
common,250.0,NBO-0448,-1.294373,36.783096,semi_permanent,3375000.00,0.0,0.0,0.0,1.0,0.00,True,"generated for hackathon starter kit, not a real portfolio",0.00,Kibera,1996.8,True
common,250.0,NBO-0449,-1.200878,36.877885,permanent_masonry,35640000.00,0.2776331305503845,0.4164496958255768,0.1832378661632538,1.0,6530597.55,True,"generated for hackathon starter kit, not a real portfolio",6174197.55,Dandora,5813.4,False
common,250.0,NBO-0450,-1.313857,36.861033,semi_permanent,7390000.00,0.22920358180999756,0.34380537271499634,0.20169915199279786,1.0,1490556.73,True,"generated for hackathon starter kit, not a real portfolio",1416656.73,Donholm,3478.3,False
common,250.0,NBO-0451,-1.286896,36.782238,informal_iron_sheet,850000.00,0.19740480184555054,0.2961072027683258,0.2495086097717285,1.0,212082.32,True,"generated for hackathon starter kit, not a real portfolio",203582.32,Kileleshwa,1293.5,True
common,250.0,NBO-0452,-1.222582,36.9336,concrete_rcc,380470000.00,0.6099970936775208,0.9149956405162811,0.2852296961270846,1.0,108521342.49,True,"generated for hackathon starter kit, not a real portfolio",104716642.49,Mwiki,1132.0,True
common,250.0,NBO-0453,-1.329951,36.944419,informal_iron_sheet,935000.00,0.447554349899292,0.671331524848938,0.48279891490936283,1.0,451416.99,True,"generated for hackathon starter kit, not a real portfolio",442066.99,Fedha,5346.4,False
common,250.0,NBO-0454,-1.339888,36.948654,permanent_masonry,74880000.00,0.09219171851873398,0.13828757777810097,0.060846534222364426,1.0,4556188.48,True,"generated for hackathon starter kit, not a real portfolio",3807388.48,Fedha,6192.2,False
common,250.0,NBO-0455,-1.33227,36.874249,concrete_rcc,381775000.00,0.0,0.0,0.0,1.0,0.00,True,"generated for hackathon starter kit, not a real portfolio",0.00,Fedha,3266.8,False
common,250.0,NBO-0456,-1.232817,36.907698,permanent_masonry,73600000.00,0.25591230392456055,0.3838684558868408,0.16890212059020995,1.0,12431196.08,True,"generated for hackathon starter kit, not a real portfolio",11695196.08,Dandora,1356.5,True
common,250.0,NBO-0457,-1.186498,36.925161,permanent_masonry,28450000.00,0.12542258203029633,0.1881338730454445,0.08277890413999557,1.0,2355059.82,True,"generated for hackathon starter kit, not a real portfolio",2070559.82,Mwiki,5222.2,False
common,250.0,NBO-0458,-1.271154,36.849901,semi_permanent,4480000.00,0.0,0.0,0.0,1.0,0.00,True,"generated for hackathon starter kit, not a real portfolio",0.00,Kiambiu,1945.4,True
common,250.0,NBO-0459,-1.276579,36.926282,semi_permanent,4475000.00,0.18030406534671783,0.27045609802007675,0.1586675775051117,1.0,710037.41,True,"generated for hackathon starter kit, not a real portfolio",665287.41,Kayole,1336.7,True
common,250.0,NBO-0460,-1.33452,36.837781,semi_permanent,3150000.00,0.0,0.0,0.0,1.0,0.00,True,"generated for hackathon starter kit, not a real portfolio",0.00,Nairobi West,3302.4,False
common,250.0,NBO-0461,-1.332897,36.781192,informal_iron_sheet,1080000.00,0.0,0.0,0.0,1.0,0.00,True,"generated for hackathon starter kit, not a real portfolio",0.00,Lang'ata,1832.0,True
common,250.0,NBO-0462,-1.315129,36.829882,informal_iron_sheet,910000.00,0.0019488359102979302,0.0029232538654468954,0.002572463401593268,1.0,2340.94,True,"generated for hackathon starter kit, not a real portfolio",0.00,Nairobi West,1039.0,True
common,250.0,NBO-0463,-1.263233,36.740277,permanent_masonry,64740000.00,0.0,0.0,0.0,1.0,0.00,True,"generated for hackathon starter kit, not a real portfolio",0.00,Kangemi,1437.8,True
common,250.0,NBO-0464,-1.29875,36.943049,informal_iron_sheet,610000.00,0.08119292557239532,0.12178938835859299,0.10717466175556183,1.0,65376.54,True,"generated for hackathon starter kit, not a real portfolio",59276.54,Kayole,4426.8,False
common,250.0,NBO-0465,-1.291747,36.740285,semi_permanent,3200000.00,0.08436507731676102,0.12654761597514153,0.0742412680387497,1.0,237572.06,True,"generated for hackathon starter kit, not a real portfolio",205572.06,Kawangware,1943.2,True
common,250.0,NBO-0466,-1.248392,36.783232,concrete_rcc,526250000.00,0.351980060338974,0.527970090508461,0.1786975690951714,1.0,94039595.74,True,"generated for hackathon starter kit, not a real portfolio",88777095.74,Westlands,378.0,True
common,250.0,NBO-0467,-1.198678,36.731266,concrete_rcc,1592010000.00,0.0,0.0,0.0,1.0,0.00,True,"generated for hackathon starter kit, not a real portfolio",0.00,Kitisuru,6406.4,False
common,250.0,NBO-0468,-1.333948,36.907328,concrete_rcc,914905000.00,0.2699817419052124,0.4049726128578186,0.13706765358264628,1.0,125403881.60,True,"generated for hackathon starter kit, not a real portfolio",116254831.60,Fedha,2257.2,False
common,250.0,NBO-0469,-1.32826,36.885924,semi_permanent,8010000.00,0.0,0.0,0.0,1.0,0.00,True,"generated for hackathon starter kit, not a real portfolio",0.00,Fedha,1978.1,True
common,250.0,NBO-0470,-1.317417,36.911355,semi_permanent,3905000.00,0.0,0.0,0.0,1.0,0.00,True,"generated for hackathon starter kit, not a real portfolio",0.00,Fedha,1442.7,True
common,250.0,NBO-0471,-1.210378,36.930778,semi_permanent,4990000.00,0.14405673742294312,0.21608510613441467,0.12676992893218994,1.0,632581.95,True,"generated for hackathon starter kit, not a real portfolio",582681.95,Mwiki,2503.8,False
common,250.0,NBO-0472,-1.280935,36.89564,semi_permanent,5280000.00,0.0,0.0,0.0,1.0,0.00,True,"generated for hackathon starter kit, not a real portfolio",0.00,Komarock,1629.7,True
common,250.0,NBO-0473,-1.204539,36.850227,semi_permanent,5015000.00,0.0887950211763382,0.1331925317645073,0.07813961863517761,1.0,391870.19,True,"generated for hackathon starter kit, not a real portfolio",341720.19,Mathare,6431.1,False
common,250.0,NBO-0474,-1.265397,36.874234,informal_iron_sheet,1190000.00,0.12010844796895981,0.1801626719534397,0.15854315131902694,1.0,188666.35,True,"generated for hackathon starter kit, not a real portfolio",176766.35,Mathare,843.6,True
common,250.0,NBO-0475,-1.321852,36.912497,informal_iron_sheet,580000.00,0.04751408472657204,0.07127112708985806,0.06271859183907509,1.0,36376.78,True,"generated for hackathon starter kit, not a real portfolio",30576.78,Fedha,1701.6,True
common,250.0,NBO-0476,-1.239714,36.739798,informal_iron_sheet,560000.00,0.0,0.0,0.0,1.0,0.00,True,"generated for hackathon starter kit, not a real portfolio",0.00,Kangemi,3439.2,False
common,250.0,NBO-0477,-1.319008,36.757525,permanent_masonry,45370000.00,0.0,0.0,0.0,1.0,0.00,True,"generated for hackathon starter kit, not a real portfolio",0.00,Kibera,3601.5,False
common,250.0,NBO-0478,-1.2108,36.844853,permanent_masonry,101200000.00,0.0,0.0,0.0,1.0,0.00,True,"generated for hackathon starter kit, not a real portfolio",0.00,Mathare,6054.2,False
common,250.0,NBO-0479,-1.319025,36.818722,informal_iron_sheet,790000.00,0.0,0.0,0.0,1.0,0.00,True,"generated for hackathon starter kit, not a real portfolio",0.00,Nairobi West,1246.7,True
common,250.0,NBO-0480,-1.313874,36.93348,semi_permanent,5855000.00,0.0,0.0,0.0,1.0,0.00,True,"generated for hackathon starter kit, not a real portfolio",0.00,Fedha,3894.2,False
common,250.0,NBO-0481,-1.206344,36.782704,informal_iron_sheet,1170000.00,0.0,0.0,0.0,1.0,0.00,True,"generated for hackathon starter kit, not a real portfolio",0.00,Kitisuru,4000.8,False
common,250.0,NBO-0482,-1.211464,36.717203,permanent_masonry,35925000.00,0.0,0.0,0.0,1.0,0.00,True,"generated for hackathon starter kit, not a real portfolio",0.00,Kitisuru,6793.0,False
common,250.0,NBO-0483,-1.24542,36.771289,semi_permanent,5375000.00,0.0,0.0,0.0,1.0,0.00,True,"generated for hackathon starter kit, not a real portfolio",0.00,Kitisuru,561.3,True
common,250.0,NBO-0484,-1.271068,36.744576,concrete_rcc,641870000.00,0.0,0.0,0.0,1.0,0.00,True,"generated for hackathon starter kit, not a real portfolio",0.00,Kangemi,923.3,True
common,250.0,NBO-0485,-1.233919,36.806192,informal_iron_sheet,715000.00,0.0,0.0,0.0,1.0,0.00,True,"generated for hackathon starter kit, not a real portfolio",0.00,Westlands,2639.5,False
common,250.0,NBO-0486,-1.309357,36.726474,informal_iron_sheet,945000.00,0.15147070586681366,0.2272060588002205,0.19994133174419404,1.0,188944.56,True,"generated for hackathon starter kit, not a real portfolio",179494.56,Kawangware,4430.5,False
common,250.0,NBO-0487,-1.344056,36.855521,permanent_masonry,116700000.00,0.25926682353019714,0.3889002352952957,0.17111610352993012,1.0,19969249.28,True,"generated for hackathon starter kit, not a real portfolio",18802249.28,Nairobi West,5333.4,False
common,250.0,NBO-0488,-1.289708,36.796945,semi_permanent,5085000.00,0.0,0.0,0.0,1.0,0.00,True,"generated for hackathon starter kit, not a real portfolio",0.00,Kileleshwa,1758.4,True
common,250.0,NBO-0489,-1.244082,36.757179,permanent_masonry,33945000.00,0.0,0.0,0.0,1.0,0.00,True,"generated for hackathon starter kit, not a real portfolio",0.00,Kitisuru,1593.9,True
common,250.0,NBO-0490,-1.317731,36.92187,permanent_masonry,72865000.00,0.0,0.0,0.0,1.0,0.00,True,"generated for hackathon starter kit, not a real portfolio",0.00,Fedha,2608.6,False
common,250.0,NBO-0491,-1.22655,36.947095,permanent_masonry,43385000.00,0.6811106204986572,1.0216659307479858,0.38649977922439577,1.0,16768292.92,True,"generated for hackathon starter kit, not a real portfolio",16334442.92,Mwiki,1685.0,True
common,250.0,NBO-0492,-1.20285,36.871324,permanent_masonry,36180000.00,0.6854886412620544,1.0282329618930817,0.3884698885679245,1.0,14054840.57,True,"generated for hackathon starter kit, not a real portfolio",13693040.57,Dandora,6066.3,False
common,250.0,NBO-0493,-1.28459,36.726722,concrete_rcc,935855000.00,0.0,0.0,0.0,1.0,0.00,True,"generated for hackathon starter kit, not a real portfolio",0.00,Kawangware,2852.9,False
common,250.0,NBO-0494,-1.291975,36.831562,informal_iron_sheet,2070000.00,0.0,0.0,0.0,1.0,0.00,True,"generated for hackathon starter kit, not a real portfolio",0.00,Nairobi West,2084.5,False
common,250.0,NBO-0495,-1.328919,36.874954,semi_permanent,6580000.00,0.0,0.0,0.0,1.0,0.00,True,"generated for hackathon starter kit, not a real portfolio",0.00,Fedha,3003.2,False
common,250.0,NBO-0496,-1.212958,36.816976,informal_iron_sheet,1650000.00,0.0,0.0,0.0,1.0,0.00,True,"generated for hackathon starter kit, not a real portfolio",0.00,Westlands,5072.9,False
common,250.0,NBO-0497,-1.285034,36.742151,informal_iron_sheet,855000.00,0.0,0.0,0.0,1.0,0.00,True,"generated for hackathon starter kit, not a real portfolio",0.00,Kawangware,1283.5,True
common,250.0,NBO-0498,-1.185994,36.786739,informal_iron_sheet,935000.00,0.0,0.0,0.0,1.0,0.00,True,"generated for hackathon starter kit, not a real portfolio",0.00,Kitisuru,6294.4,False
common,250.0,NBO-0499,-1.269108,36.923782,informal_iron_sheet,1175000.00,0.311448335647583,0.4671725034713745,0.35899040222167966,1.0,421813.72,True,"generated for hackathon starter kit, not a real portfolio",410063.72,Kayole,557.0,True
common,250.0,NBO-0500,-1.25312,36.710253,informal_iron_sheet,1275000.00,0.0,0.0,0.0,1.0,0.00,True,"generated for hackathon starter kit, not a real portfolio",0.00,Kangemi,4958.4,False
common,250.0,NBO-0501,-1.295026,36.712918,concrete_rcc,476605000.00,0.0,0.0,0.0,1.0,0.00,True,"generated for hackathon starter kit, not a real portfolio",0.00,Kawangware,4682.4,False
common,250.0,NBO-0502,-1.261483,36.874398,permanent_masonry,32125000.00,0.051689475774765015,0.07753421366214752,0.03411505401134491,1.0,1095946.11,True,"generated for hackathon starter kit, not a real portfolio",774696.11,Mathare,487.5,True
common,250.0,NBO-0503,-1.225395,36.907248,semi_permanent,4345000.00,0.3172338306903839,0.47585074603557587,0.2630296516418457,1.0,1142863.84,True,"generated for hackathon starter kit, not a real portfolio",1099413.84,Dandora,2173.7,False
common,250.0,NBO-0504,-1.305311,36.854259,concrete_rcc,871025000.00,0.0,0.0,0.0,1.0,0.00,True,"generated for hackathon starter kit, not a real portfolio",0.00,Kiambiu,2756.0,False
common,250.0,NBO-0505,-1.244107,36.925259,permanent_masonry,37065000.00,0.25820666551589966,0.3873099982738495,0.1704163992404938,1.0,6316483.84,True,"generated for hackathon starter kit, not a real portfolio",5945833.84,Mwiki,1544.5,True
common,250.0,NBO-0506,-1.182312,36.828437,informal_iron_sheet,720000.00,0.0,0.0,0.0,1.0,0.00,True,"generated for hackathon starter kit, not a real portfolio",0.00,Westlands,8553.6,False
common,250.0,NBO-0507,-1.286124,36.862558,semi_permanent,2575000.00,0.11144587397575378,0.16716881096363068,0.09807236909866333,1.0,252536.35,True,"generated for hackathon starter kit, not a real portfolio",226786.35,Kiambiu,438.3,True
common,250.0,NBO-0508,-1.319233,36.80786,semi_permanent,4750000.00,0.1353619396686554,0.2030429095029831,0.11911850690841674,1.0,565812.91,True,"generated for hackathon starter kit, not a real portfolio",518312.91,Madaraka,1555.9,True
common,250.0,NBO-0509,-1.193795,36.897925,permanent_masonry,44085000.00,0.3580530881881714,0.5370796322822571,0.23186548233032228,1.0,10221789.79,True,"generated for hackathon starter kit, not a real portfolio",9780939.79,Dandora,5755.4,False
common,250.0,NBO-0510,-1.336823,36.70879,informal_iron_sheet,890000.00,0.0,0.0,0.0,1.0,0.00,True,"generated for hackathon starter kit, not a real portfolio",0.00,Kawangware,8050.2,False
common,250.0,NBO-0511,-1.184776,36.797872,informal_iron_sheet,720000.00,0.0,0.0,0.0,1.0,0.00,True,"generated for hackathon starter kit, not a real portfolio",0.00,Kitisuru,6865.2,False
common,250.0,NBO-0512,-1.188377,36.790529,informal_iron_sheet,1020000.00,0.0,0.0,0.0,1.0,0.00,True,"generated for hackathon starter kit, not a real portfolio",0.00,Kitisuru,6175.3,False
common,250.0,NBO-0513,-1.290784,36.727271,concrete_rcc,451570000.00,0.0,0.0,0.0,1.0,0.00,True,"generated for hackathon starter kit, not a real portfolio",0.00,Kawangware,3036.1,False
common,250.0,NBO-0514,-1.265043,36.819492,semi_permanent,4725000.00,0.24684244394302368,0.3702636659145355,0.21722135066986084,1.0,1026370.88,True,"generated for hackathon starter kit, not a real portfolio",979120.88,Parklands,1009.6,True
common,250.0,NBO-0515,-1.325057,36.886173,informal_iron_sheet,625000.00,0.0,0.0,0.0,1.0,0.00,True,"generated for hackathon starter kit, not a real portfolio",0.00,Fedha,1722.2,True
common,250.0,NBO-0516,-1.249747,36.737112,permanent_masonry,43265000.00,0.0,0.0,0.0,1.0,0.00,True,"generated for hackathon starter kit, not a real portfolio",0.00,Kangemi,2640.5,False
common,250.0,NBO-0517,-1.34537,36.948643,semi_permanent,3700000.00,0.052532874047756195,0.07879931107163429,0.04622892916202545,1.0,171047.04,True,"generated for hackathon starter kit, not a real portfolio",134047.04,Fedha,6479.5,False
common,250.0,NBO-0518,-1.207065,36.750001,permanent_masonry,58300000.00,0.0,0.0,0.0,1.0,0.00,True,"generated for hackathon starter kit, not a real portfolio",0.00,Kitisuru,4380.3,False
common,250.0,NBO-0519,-1.331527,36.92513,permanent_masonry,44655000.00,0.0,0.0,0.0,1.0,0.00,True,"generated for hackathon starter kit, not a real portfolio",0.00,Fedha,3446.1,False
common,250.0,NBO-0520,-1.193567,36.704825,informal_iron_sheet,610000.00,0.0,0.0,0.0,1.0,0.00,True,"generated for hackathon starter kit, not a real portfolio",0.00,Kitisuru,9014.7,False
common,250.0,NBO-0521,-1.311918,36.827583,informal_iron_sheet,1680000.00,0.19490773975849152,0.2923616096377373,0.24711143016815185,1.0,415147.20,True,"generated for hackathon starter kit, not a real portfolio",398347.20,Nairobi West,613.6,True
common,250.0,NBO-0522,-1.288577,36.715379,informal_iron_sheet,1080000.00,0.07736634463071823,0.11604951694607735,0.10212357491254806,1.0,110293.46,True,"generated for hackathon starter kit, not a real portfolio",99493.46,Kawangware,4185.3,False
common,250.0,NBO-0523,-1.345307,36.773551,informal_iron_sheet,1165000.00,0.0,0.0,0.0,1.0,0.00,True,"generated for hackathon starter kit, not a real portfolio",0.00,Lang'ata,3452.4,False
common,250.0,NBO-0524,-1.285827,36.901408,informal_iron_sheet,655000.00,0.0,0.0,0.0,1.0,0.00,True,"generated for hackathon starter kit, not a real portfolio",0.00,Komarock,1624.8,True
common,250.0,NBO-0525,-1.339053,36.852392,informal_iron_sheet,1140000.00,0.030429307371377945,0.04564396105706692,0.040166685730218886,1.0,45790.02,True,"generated for hackathon starter kit, not a real portfolio",34390.02,Nairobi West,4689.9,False
common,250.0,NBO-0526,-1.192388,36.92264,semi_permanent,6355000.00,0.20504653453826904,0.30756980180740356,0.18044095039367675,1.0,1146702.24,True,"generated for hackathon starter kit, not a real portfolio",1083152.24,Mwiki,4641.8,False
common,250.0,NBO-0527,-1.210956,36.822111,informal_iron_sheet,1120000.00,0.0,0.0,0.0,1.0,0.00,True,"generated for hackathon starter kit, not a real portfolio",0.00,Westlands,5629.7,False
common,250.0,NBO-0528,-1.183892,36.727219,informal_iron_sheet,1655000.00,0.0,0.0,0.0,1.0,0.00,True,"generated for hackathon starter kit, not a real portfolio",0.00,Kitisuru,7948.1,False
common,250.0,NBO-0529,-1.27367,36.719198,semi_permanent,3100000.00,0.0023091877810657024,0.0034637816715985537,0.002032085247337818,1.0,6299.46,True,"generated for hackathon starter kit, not a real portfolio",0.00,Kawangware,3646.0,False
common,250.0,NBO-0530,-1.243356,36.83222,informal_iron_sheet,1710000.00,0.0,0.0,0.0,1.0,0.00,True,"generated for hackathon starter kit, not a real portfolio",0.00,Parklands,3250.0,False
common,250.0,NBO-0531,-1.262821,36.929629,permanent_masonry,33350000.00,0.23910319805145264,0.35865479707717896,0.15780811071395875,1.0,5262900.49,True,"generated for hackathon starter kit, not a real portfolio",4929400.49,Kayole,1222.0,True
common,250.0,NBO-0532,-1.184216,36.946388,informal_iron_sheet,1245000.00,0.14748452603816986,0.2212267890572548,0.19467957437038422,1.0,242376.07,True,"generated for hackathon starter kit, not a real portfolio",229926.07,Mwiki,5591.2,False
common,250.0,NBO-0533,-1.256164,36.887888,concrete_rcc,485690000.00,0.3583325147628784,0.5374987721443176,0.18192266134115365,1.0,88358017.39,True,"generated for hackathon starter kit, not a real portfolio",83501117.39,Kariobangi,739.8,True
common,250.0,NBO-0534,-1.214277,36.717458,concrete_rcc,1036940000.00,0.0,0.0,0.0,1.0,0.00,True,"generated for hackathon starter kit, not a real portfolio",0.00,Kitisuru,6625.2,False
common,250.0,NBO-0535,-1.295993,36.743629,semi_permanent,2675000.00,0.0,0.0,0.0,1.0,0.00,True,"generated for hackathon starter kit, not a real portfolio",0.00,Kawangware,2143.2,False
common,250.0,NBO-0536,-1.225209,36.858199,informal_iron_sheet,2490000.00,0.0,0.0,0.0,1.0,0.00,True,"generated for hackathon starter kit, not a real portfolio",0.00,Mathare,3967.8,False
common,250.0,NBO-0537,-1.22413,36.847103,informal_iron_sheet,1275000.00,0.0,0.0,0.0,1.0,0.00,True,"generated for hackathon starter kit, not a real portfolio",0.00,Mathare,4663.6,False
common,250.0,NBO-0538,-1.27839,36.927619,semi_permanent,5200000.00,0.13174432516098022,0.19761648774147034,0.11593500614166259,1.0,602862.03,True,"generated for hackathon starter kit, not a real portfolio",550862.03,Kayole,1587.0,True
common,250.0,NBO-0539,-1.312574,36.820574,informal_iron_sheet,490000.00,0.05769236013293266,0.086538540199399,0.07615391537547112,1.0,37315.42,True,"generated for hackathon starter kit, not a real portfolio",32415.42,Nairobi West,513.9,True
common,250.0,NBO-0540,-1.324529,36.76911,semi_permanent,7295000.00,0.0,0.0,0.0,1.0,0.00,True,"generated for hackathon starter kit, not a real portfolio",0.00,Lang'ata,2400.9,False
common,250.0,NBO-0541,-1.212603,36.730007,informal_iron_sheet,980000.00,0.0,0.0,0.0,1.0,0.00,True,"generated for hackathon starter kit, not a real portfolio",0.00,Kitisuru,5507.9,False
common,250.0,NBO-0542,-1.189111,36.888,permanent_masonry,22450000.00,0.19915781915187836,0.29873672872781754,0.13144416064023973,1.0,2950921.41,True,"generated for hackathon starter kit, not a real portfolio",2726421.41,Dandora,6521.8,False
common,250.0,NBO-0543,-1.315547,36.926666,informal_iron_sheet,925000.00,0.08661123365163803,0.12991685047745705,0.1143268284201622,1.0,105752.32,True,"generated for hackathon starter kit, not a real portfolio",96502.32,Fedha,3131.7,False
common,250.0,NBO-0544,-1.257331,36.882131,permanent_masonry,76430000.00,0.07160064578056335,0.10740096867084503,0.047256426215171815,1.0,3611808.66,True,"generated for hackathon starter kit, not a real portfolio",2847508.66,Kariobangi,197.5,True
common,250.0,NBO-0545,-1.242225,36.740313,permanent_masonry,39810000.00,0.0,0.0,0.0,1.0,0.00,True,"generated for hackathon starter kit, not a real portfolio",0.00,Kangemi,3161.3,False
common,250.0,NBO-0546,-1.330179,36.854297,informal_iron_sheet,925000.00,0.0,0.0,0.0,1.0,0.00,True,"generated for hackathon starter kit, not a real portfolio",0.00,Nairobi West,4211.0,False
common,250.0,NBO-0547,-1.200929,36.924815,informal_iron_sheet,1475000.00,0.46972352266311646,0.7045852839946747,0.5027511703968048,1.0,741557.98,True,"generated for hackathon starter kit, not a real portfolio",726807.98,Mwiki,3661.8,False
common,250.0,NBO-0548,-1.316532,36.819529,informal_iron_sheet,945000.00,0.0,0.0,0.0,1.0,0.00,True,"generated for hackathon starter kit, not a real portfolio",0.00,Nairobi West,956.8,True
common,250.0,NBO-0549,-1.237462,36.709771,semi_permanent,5080000.00,0.0,0.0,0.0,1.0,0.00,True,"generated for hackathon starter kit, not a real portfolio",0.00,Kangemi,5821.1,False
common,250.0,NBO-0550,-1.259167,36.767873,permanent_masonry,34820000.00,0.0,0.0,0.0,1.0,0.00,True,"generated for hackathon starter kit, not a real portfolio",0.00,Lavington,1899.4,True
common,250.0,NBO-0551,-1.229688,36.86457,permanent_masonry,42840000.00,0.04081229493021965,0.061218442395329475,0.026936114653944968,1.0,1153943.15,True,"generated for hackathon starter kit, not a real portfolio",725543.15,Mathare,3279.9,False
common,250.0,NBO-0552,-1.250584,36.731432,informal_iron_sheet,1455000.00,0.0,0.0,0.0,1.0,0.00,True,"generated for hackathon starter kit, not a real portfolio",0.00,Kangemi,3022.2,False
common,250.0,NBO-0553,-1.323114,36.787484,semi_permanent,3040000.00,0.0,0.0,0.0,1.0,0.00,True,"generated for hackathon starter kit, not a real portfolio",0.00,Lang'ata,538.9,True
common,250.0,NBO-0554,-1.340246,36.945013,semi_permanent,5180000.00,0.098816879093647,0.1482253186404705,0.08695885360240936,1.0,450446.86,True,"generated for hackathon starter kit, not a real portfolio",398646.86,Fedha,5848.8,False
common,250.0,NBO-0555,-1.234729,36.732582,permanent_masonry,28945000.00,0.0,0.0,0.0,1.0,0.00,True,"generated for hackathon starter kit, not a real portfolio",0.00,Kangemi,4300.7,False
common,250.0,NBO-0556,-1.196393,36.809098,concrete_rcc,521240000.00,0.0,0.0,0.0,1.0,0.00,True,"generated for hackathon starter kit, not a real portfolio",0.00,Westlands,6134.2,False
common,250.0,NBO-0557,-1.267599,36.862228,concrete_rcc,195090000.00,0.013598947785794735,0.020398421678692102,0.006904081183557327,1.0,1346917.20,True,"generated for hackathon starter kit, not a real portfolio",0.00,Mathare,1432.5,True
common,250.0,NBO-0558,-1.196781,36.753065,permanent_masonry,35710000.00,0.0,0.0,0.0,1.0,0.00,True,"generated for hackathon starter kit, not a real portfolio",0.00,Kitisuru,5243.1,False
common,250.0,NBO-0559,-1.180076,36.902401,semi_permanent,4615000.00,0.2211252897977829,0.33168793469667435,0.19459025502204896,1.0,898034.03,True,"generated for hackathon starter kit, not a real portfolio",851884.03,Mwiki,6789.0,False
common,250.0,NBO-0560,-1.255496,36.743072,semi_permanent,5635000.00,0.0,0.0,0.0,1.0,0.00,True,"generated for hackathon starter kit, not a real portfolio",0.00,Kangemi,1728.3,True
common,250.0,NBO-0561,-1.295388,36.849583,concrete_rcc,432790000.00,0.0475454106926918,0.0713181160390377,0.024138439274751223,1.0,10446875.13,True,"generated for hackathon starter kit, not a real portfolio",6118975.13,Kiambiu,2118.6,False
common,250.0,NBO-0562,-1.315337,36.709384,informal_iron_sheet,520000.00,0.0,0.0,0.0,1.0,0.00,True,"generated for hackathon starter kit, not a real portfolio",0.00,Kawangware,6235.4,False
common,250.0,NBO-0563,-1.25133,36.949922,informal_iron_sheet,1345000.00,0.23572297394275665,0.353584460914135,0.2862940549850464,1.0,385065.50,True,"generated for hackathon starter kit, not a real portfolio",371615.50,Mwiki,2773.6,False
common,250.0,NBO-0564,-1.19492,36.831777,permanent_masonry,74785000.00,0.0,0.0,0.0,1.0,0.00,True,"generated for hackathon starter kit, not a real portfolio",0.00,Westlands,7664.4,False
common,250.0,NBO-0565,-1.343686,36.759716,informal_iron_sheet,410000.00,0.0,0.0,0.0,1.0,0.00,True,"generated for hackathon starter kit, not a real portfolio",0.00,Lang'ata,4344.8,False
common,250.0,NBO-0566,-1.263318,36.733818,semi_permanent,5305000.00,0.0,0.0,0.0,1.0,0.00,True,"generated for hackathon starter kit, not a real portfolio",0.00,Kangemi,2119.4,False
common,250.0,NBO-0567,-1.182158,36.710157,informal_iron_sheet,2375000.00,0.0,0.0,0.0,1.0,0.00,True,"generated for hackathon starter kit, not a real portfolio",0.00,Kitisuru,9365.2,False
common,250.0,NBO-0568,-1.215505,36.766714,informal_iron_sheet,1325000.00,0.0,0.0,0.0,1.0,0.00,True,"generated for hackathon starter kit, not a real portfolio",0.00,Kitisuru,2807.1,False
common,250.0,NBO-0569,-1.227372,36.910585,permanent_masonry,51120000.00,0.4277280867099762,0.6415921300649643,0.2653094816207886,1.0,13562620.70,True,"generated for hackathon starter kit, not a real portfolio",13051420.70,Dandora,2013.2,False
common,250.0,NBO-0570,-1.301884,36.762107,permanent_masonry,59055000.00,0.0,0.0,0.0,1.0,0.00,True,"generated for hackathon starter kit, not a real portfolio",0.00,Kawangware,2852.3,False
common,250.0,NBO-0571,-1.343186,36.934871,concrete_rcc,404475000.00,0.08518680185079575,0.12778020277619362,0.04324868401655784,1.0,17493011.47,True,"generated for hackathon starter kit, not a real portfolio",13448261.47,Fedha,5070.8,False
common,250.0,NBO-0572,-1.218469,36.948093,concrete_rcc,831600000.00,0.24756740033626556,0.37135110050439835,0.12568806478610406,1.0,104522194.68,True,"generated for hackathon starter kit, not a real portfolio",96206194.68,Mwiki,2289.2,False
common,250.0,NBO-0573,-1.209108,36.843527,informal_iron_sheet,705000.00,0.046142324805259705,0.06921348720788956,0.06090786874294281,1.0,42940.05,True,"generated for hackathon starter kit, not a real portfolio",35890.05,Mathare,6290.4,False
common,250.0,NBO-0574,-1.328134,36.729186,semi_permanent,6125000.00,0.0,0.0,0.0,1.0,0.00,True,"generated for hackathon starter kit, not a real portfolio",0.00,Kawangware,6061.2,False
common,250.0,NBO-0575,-1.330035,36.785141,permanent_masonry,56840000.00,0.0,0.0,0.0,1.0,0.00,True,"generated for hackathon starter kit, not a real portfolio",0.00,Lang'ata,1344.0,True
common,250.0,NBO-0576,-1.32098,36.87598,semi_permanent,4980000.00,0.0,0.0,0.0,1.0,0.00,True,"generated for hackathon starter kit, not a real portfolio",0.00,Fedha,2571.6,False
common,250.0,NBO-0577,-1.254205,36.793286,permanent_masonry,81530000.00,0.0,0.0,0.0,1.0,0.00,True,"generated for hackathon starter kit, not a real portfolio",0.00,Westlands,1171.0,True
common,250.0,NBO-0578,-1.255227,36.862573,concrete_rcc,219745000.00,0.0,0.0,0.0,1.0,0.00,True,"generated for hackathon starter kit, not a real portfolio",0.00,Mathare,1029.3,True
common,250.0,NBO-0579,-1.284944,36.872587,informal_iron_sheet,1100000.00,0.03940904513001442,0.05911356769502163,0.05201993957161903,1.0,57221.93,True,"generated for hackathon starter kit, not a real portfolio",46221.93,Kiambiu,1062.4,True
common,250.0,NBO-0580,-1.184273,36.742328,informal_iron_sheet,1260000.00,0.0,0.0,0.0,1.0,0.00,True,"generated for hackathon starter kit, not a real portfolio",0.00,Kitisuru,7007.3,False
common,250.0,NBO-0581,-1.223779,36.773558,informal_iron_sheet,855000.00,0.0,0.0,0.0,1.0,0.00,True,"generated for hackathon starter kit, not a real portfolio",0.00,Kitisuru,1867.1,True
common,250.0,NBO-0582,-1.260893,36.864061,informal_iron_sheet,2070000.00,0.10082721710205078,0.15124082565307617,0.13309192657470703,1.0,275500.29,True,"generated for hackathon starter kit, not a real portfolio",254800.29,Mathare,847.0,True
common,250.0,NBO-0583,-1.318733,36.827757,informal_iron_sheet,815000.00,0.0,0.0,0.0,1.0,0.00,True,"generated for hackathon starter kit, not a real portfolio",0.00,Nairobi West,1229.8,True
common,250.0,NBO-0584,-1.337643,36.82649,informal_iron_sheet,1585000.00,0.0,0.0,0.0,1.0,0.00,True,"generated for hackathon starter kit, not a real portfolio",0.00,Nairobi West,3240.1,False
common,250.0,NBO-0585,-1.267538,36.730176,permanent_masonry,57585000.00,0.0,0.0,0.0,1.0,0.00,True,"generated for hackathon starter kit, not a real portfolio",0.00,Kangemi,2459.7,False
common,250.0,NBO-0586,-1.196646,36.92581,permanent_masonry,37075000.00,0.22060434520244598,0.330906517803669,0.14559886783361434,1.0,5398078.02,True,"generated for hackathon starter kit, not a real portfolio",5027328.02,Mwiki,4100.1,False
common,250.0,NBO-0587,-1.230529,36.707301,semi_permanent,3810000.00,0.0,0.0,0.0,1.0,0.00,True,"generated for hackathon starter kit, not a real portfolio",0.00,Kangemi,6510.6,False
common,250.0,NBO-0588,-1.194468,36.887787,permanent_masonry,92395000.00,0.39358195662498474,0.5903729349374771,0.24891933917999268,1.0,22998902.34,True,"generated for hackathon starter kit, not a real portfolio",22074952.34,Dandora,5966.0,False
common,250.0,NBO-0589,-1.303936,36.77295,concrete_rcc,767380000.00,0.0,0.0,0.0,1.0,0.00,True,"generated for hackathon starter kit, not a real portfolio",0.00,Kibera,1964.7,True
common,250.0,NBO-0590,-1.284527,36.892554,permanent_masonry,50695000.00,0.0,0.0,0.0,1.0,0.00,True,"generated for hackathon starter kit, not a real portfolio",0.00,Donholm,1689.9,True
common,250.0,NBO-0591,-1.268694,36.778328,semi_permanent,5395000.00,0.0,0.0,0.0,1.0,0.00,True,"generated for hackathon starter kit, not a real portfolio",0.00,Lavington,641.6,True
common,250.0,NBO-0592,-1.311754,36.901046,permanent_masonry,62610000.00,0.002890832955017686,0.004336249432526529,0.0019079497503116727,1.0,119456.73,True,"generated for hackathon starter kit, not a real portfolio",0.00,Fedha,519.6,True
common,250.0,NBO-0593,-1.243736,36.854758,semi_permanent,2520000.00,0.0,0.0,0.0,1.0,0.00,True,"generated for hackathon starter kit, not a real portfolio",0.00,Mathare,2456.0,False
common,250.0,NBO-0594,-1.325088,36.940654,informal_iron_sheet,1090000.00,0.13385194540023804,0.20077791810035706,0.17668456792831422,1.0,192586.18,True,"generated for hackathon starter kit, not a real portfolio",181686.18,Fedha,4802.2,False
common,250.0,NBO-0595,-1.259297,36.878847,permanent_masonry,40365000.00,0.16460107266902924,0.24690160900354385,0.10863670796155929,1.0,4385120.72,True,"generated for hackathon starter kit, not a real portfolio",3981470.72,Kariobangi,341.6,True
common,250.0,NBO-0596,-1.268638,36.924316,informal_iron_sheet,640000.00,0.39332789182662964,0.5899918377399445,0.4339951026439667,1.0,277756.87,True,"generated for hackathon starter kit, not a real portfolio",271356.87,Kayole,589.5,True
common,250.0,NBO-0597,-1.296252,36.788082,informal_iron_sheet,780000.00,0.0,0.0,0.0,1.0,0.00,True,"generated for hackathon starter kit, not a real portfolio",0.00,Kibera,1680.1,True
common,250.0,NBO-0598,-1.340629,36.87552,semi_permanent,6200000.00,0.0,0.0,0.0,1.0,0.00,True,"generated for hackathon starter kit, not a real portfolio",0.00,Fedha,3771.7,False
common,250.0,NBO-0599,-1.298736,36.871765,concrete_rcc,704215000.00,0.0,0.0,0.0,1.0,0.00,True,"generated for hackathon starter kit, not a real portfolio",0.00,Donholm,1882.1,True
